[30Jul2025 14:46:02.642] [main/INFO] [cpw.mods.modlauncher.Launcher/MODLAUNCHER]: ModLauncher running: args [--launchTarget, forgeserver, --fml.forgeVersion, 47.3.7, --fml.mcVersion, 1.20.1, --fml.forgeGroup, net.minecraftforge, --fml.mcpVersion, 20230612.114412, nogui]
[30Jul2025 14:46:02.646] [main/INFO] [cpw.mods.modlauncher.Launcher/MODLAUNCHER]: ModLauncher 10.0.9+10.0.9+main.dcd20f30 starting: java version 17.0.14 by Ubuntu; OS Linux arch amd64 version 6.8.0-1030-azure
[30Jul2025 14:46:02.668] [main/DEBUG] [cpw.mods.modlauncher.LaunchServiceHandler/MODLAUNCHER]: Found launch services [fmlclientdev,forgeclient,minecraft,forgegametestserverdev,fmlserveruserdev,fmlclient,fmldatauserdev,forgeserverdev,forgeserveruserdev,forgeclientdev,forgeclientuserdev,forgeserver,forgedatadev,fmlserver,fmlclientuserdev,fmlserverdev,forgedatauserdev,testharness,forgegametestserveruserdev]
[30Jul2025 14:46:02.678] [main/DEBUG] [cpw.mods.modlauncher.NameMappingServiceHandler/MODLAUNCHER]: Found naming services : [srgtomcp]
[30Jul2025 14:46:02.689] [main/DEBUG] [cpw.mods.modlauncher.LaunchPluginHandler/MODLAUNCHER]: Found launch plugins: [mixin,eventbus,slf4jfixer,object_holder_definalize,runtime_enum_extender,capability_token_subclass,accesstransformer,runtimedistcleaner]
[30Jul2025 14:46:02.702] [main/DEBUG] [cpw.mods.modlauncher.TransformationServicesHandler/MODLAUNCHER]: Discovering transformation services
[30Jul2025 14:46:02.707] [main/DEBUG] [net.minecraftforge.fml.loading.FMLPaths/CORE]: Path GAMEDIR is /workspaces/server1/servidor_minecraft
[30Jul2025 14:46:02.707] [main/DEBUG] [net.minecraftforge.fml.loading.FMLPaths/CORE]: Path MODSDIR is /workspaces/server1/servidor_minecraft/mods
[30Jul2025 14:46:02.708] [main/DEBUG] [net.minecraftforge.fml.loading.FMLPaths/CORE]: Path CONFIGDIR is /workspaces/server1/servidor_minecraft/config
[30Jul2025 14:46:02.708] [main/DEBUG] [net.minecraftforge.fml.loading.FMLPaths/CORE]: Path FMLCONFIG is /workspaces/server1/servidor_minecraft/config/fml.toml
[30Jul2025 14:46:03.109] [main/DEBUG] [cpw.mods.modlauncher.TransformationServicesHandler/MODLAUNCHER]: Found additional transformation services from discovery services: [/workspaces/server1/servidor_minecraft/mods/OptiFine_1.20.1_HD_U_I6.jar][/workspaces/server1/servidor_minecraft/mods/Essential-forge_1-20-1.jar]
[30Jul2025 14:46:03.154] [main/INFO] [net.minecraftforge.fml.loading.ImmediateWindowHandler/]: ImmediateWindowProvider not loading because launch target is forgeserver
[30Jul2025 14:46:03.163] [main/DEBUG] [gg.essential.container.loader.stage0.EssentialLoader/]: Found stage1 version 9: file:/workspaces/server1/servidor_minecraft/./essential/loader/stage0/modlauncher/stage1.jar
[30Jul2025 14:46:03.164] [main/DEBUG] [gg.essential.container.loader.stage0.EssentialLoader/]: Found stage1 version 9: union:/workspaces/server1/servidor_minecraft/mods/Essential-forge_1-20-1.jar%23121!/gg/essential/loader/stage0/stage1.jar
[30Jul2025 14:46:03.172] [main/INFO] [gg.essential.loader.stage1.EssentialLoaderBase/]: Updating Essential Loader (stage2) version 1.6.3 (285f951adc7537f49ae3ef9fc0d2fd3e) from union:/workspaces/server1/servidor_minecraft/mods/Essential-forge_1-20-1.jar%23121!/essential-loader-stage2-modlauncher9-1.6.3.jar
[30Jul2025 14:46:03.176] [main/FATAL] [cpw.mods.modlauncher.TransformationServicesHandler/MODLAUNCHER]: Encountered serious error loading transformation service, expect problems
java.util.ServiceConfigurationError: cpw.mods.modlauncher.api.ITransformationService: Provider gg.essential.container.loader.stage0.EssentialTransformationService could not be instantiated
	at java.util.ServiceLoader.fail(ServiceLoader.java:586) ~[?:?]
	at java.util.ServiceLoader$ProviderImpl.newInstance(ServiceLoader.java:813) ~[?:?]
	at java.util.ServiceLoader$ProviderImpl.get(ServiceLoader.java:729) ~[?:?]
	at cpw.mods.modlauncher.util.ServiceLoaderUtils.lambda$streamWithErrorHandling$0(ServiceLoaderUtils.java:39) ~[modlauncher-10.0.9.jar%2355!/:?]
	at java.util.stream.ReferencePipeline$3$1.accept(ReferencePipeline.java:197) ~[?:?]
	at java.util.ServiceLoader$ProviderSpliterator.tryAdvance(ServiceLoader.java:1499) ~[?:?]
	at java.util.Spliterator.forEachRemaining(Spliterator.java:332) ~[?:?]
	at java.util.stream.AbstractPipeline.copyInto(AbstractPipeline.java:509) ~[?:?]
	at java.util.stream.AbstractPipeline.wrapAndCopyInto(AbstractPipeline.java:499) ~[?:?]
	at java.util.stream.ReduceOps$ReduceOp.evaluateSequential(ReduceOps.java:921) ~[?:?]
	at java.util.stream.AbstractPipeline.evaluate(AbstractPipeline.java:234) ~[?:?]
	at java.util.stream.ReferencePipeline.collect(ReferencePipeline.java:682) ~[?:?]
	at cpw.mods.modlauncher.TransformationServicesHandler.discoverServices(TransformationServicesHandler.java:133) ~[modlauncher-10.0.9.jar%2355!/:?]
	at cpw.mods.modlauncher.Launcher.run(Launcher.java:87) ~[modlauncher-10.0.9.jar%2355!/:?]
	at cpw.mods.modlauncher.Launcher.main(Launcher.java:78) ~[modlauncher-10.0.9.jar%2355!/:?]
	at cpw.mods.modlauncher.BootstrapLaunchConsumer.accept(BootstrapLaunchConsumer.java:26) ~[modlauncher-10.0.9.jar%2355!/:?]
	at cpw.mods.modlauncher.BootstrapLaunchConsumer.accept(BootstrapLaunchConsumer.java:23) ~[modlauncher-10.0.9.jar%2355!/:?]
	at cpw.mods.bootstraplauncher.BootstrapLauncher.main(BootstrapLauncher.java:141) ~[bootstraplauncher-1.1.2.jar:?]
Caused by: java.lang.RuntimeException: java.lang.reflect.InvocationTargetException
	at gg.essential.container.loader.stage0.EssentialTransformationServiceBase.loadStage1OrThrow(EssentialTransformationServiceBase.java:27) ~[?:?]
	at gg.essential.container.loader.stage0.EssentialTransformationServiceBase.lambda$new$0(EssentialTransformationServiceBase.java:20) ~[?:?]
	at gg.essential.container.loader.stage0.util.DelegatingTransformationServiceBase.<init>(DelegatingTransformationServiceBase.java:13) ~[?:?]
	at gg.essential.container.loader.stage0.EssentialTransformationServiceBase.<init>(EssentialTransformationServiceBase.java:20) ~[?:?]
	at gg.essential.container.loader.stage0.EssentialTransformationService.<init>(EssentialTransformationService.java:7) ~[?:?]
	at jdk.internal.reflect.NativeConstructorAccessorImpl.newInstance0(Native Method) ~[?:?]
	at jdk.internal.reflect.NativeConstructorAccessorImpl.newInstance(NativeConstructorAccessorImpl.java:77) ~[?:?]
	at jdk.internal.reflect.DelegatingConstructorAccessorImpl.newInstance(DelegatingConstructorAccessorImpl.java:45) ~[?:?]
	at java.lang.reflect.Constructor.newInstanceWithCaller(Constructor.java:500) ~[?:?]
	at java.lang.reflect.Constructor.newInstance(Constructor.java:481) ~[?:?]
	at java.util.ServiceLoader$ProviderImpl.newInstance(ServiceLoader.java:789) ~[?:?]
	... 16 more
Caused by: java.lang.reflect.InvocationTargetException
	at jdk.internal.reflect.NativeConstructorAccessorImpl.newInstance0(Native Method) ~[?:?]
	at jdk.internal.reflect.NativeConstructorAccessorImpl.newInstance(NativeConstructorAccessorImpl.java:77) ~[?:?]
	at jdk.internal.reflect.DelegatingConstructorAccessorImpl.newInstance(DelegatingConstructorAccessorImpl.java:45) ~[?:?]
	at java.lang.reflect.Constructor.newInstanceWithCaller(Constructor.java:500) ~[?:?]
	at java.lang.reflect.Constructor.newInstance(Constructor.java:481) ~[?:?]
	at gg.essential.container.loader.stage0.EssentialTransformationServiceBase.loadStage1(EssentialTransformationServiceBase.java:47) ~[?:?]
	at gg.essential.container.loader.stage0.EssentialTransformationServiceBase.loadStage1OrThrow(EssentialTransformationServiceBase.java:25) ~[?:?]
	at gg.essential.container.loader.stage0.EssentialTransformationServiceBase.lambda$new$0(EssentialTransformationServiceBase.java:20) ~[?:?]
	at gg.essential.container.loader.stage0.util.DelegatingTransformationServiceBase.<init>(DelegatingTransformationServiceBase.java:13) ~[?:?]
	at gg.essential.container.loader.stage0.EssentialTransformationServiceBase.<init>(EssentialTransformationServiceBase.java:20) ~[?:?]
	at gg.essential.container.loader.stage0.EssentialTransformationService.<init>(EssentialTransformationService.java:7) ~[?:?]
	at jdk.internal.reflect.NativeConstructorAccessorImpl.newInstance0(Native Method) ~[?:?]
	at jdk.internal.reflect.NativeConstructorAccessorImpl.newInstance(NativeConstructorAccessorImpl.java:77) ~[?:?]
	at jdk.internal.reflect.DelegatingConstructorAccessorImpl.newInstance(DelegatingConstructorAccessorImpl.java:45) ~[?:?]
	at java.lang.reflect.Constructor.newInstanceWithCaller(Constructor.java:500) ~[?:?]
	at java.lang.reflect.Constructor.newInstance(Constructor.java:481) ~[?:?]
	at java.util.ServiceLoader$ProviderImpl.newInstance(ServiceLoader.java:789) ~[?:?]
	... 16 more
Caused by: java.lang.NoClassDefFoundError: org/apache/commons/codec/digest/DigestUtils
	at gg.essential.loader.stage1.EssentialLoaderBase.getChecksum(EssentialLoaderBase.java:356) ~[?:?]
	at gg.essential.loader.stage1.EssentialLoaderBase.downloadFile(EssentialLoaderBase.java:473) ~[?:?]
	at gg.essential.loader.stage1.EssentialLoaderBase.doDownload(EssentialLoaderBase.java:326) ~[?:?]
	at gg.essential.loader.stage1.EssentialLoaderBase.load(EssentialLoaderBase.java:176) ~[?:?]
	at gg.essential.loader.stage1.EssentialTransformationServiceBase.<init>(EssentialTransformationServiceBase.java:46) ~[?:?]
	at gg.essential.loader.stage1.EssentialTransformationService.<init>(EssentialTransformationService.java:29) ~[?:?]
	at jdk.internal.reflect.NativeConstructorAccessorImpl.newInstance0(Native Method) ~[?:?]
	at jdk.internal.reflect.NativeConstructorAccessorImpl.newInstance(NativeConstructorAccessorImpl.java:77) ~[?:?]
	at jdk.internal.reflect.DelegatingConstructorAccessorImpl.newInstance(DelegatingConstructorAccessorImpl.java:45) ~[?:?]
	at java.lang.reflect.Constructor.newInstanceWithCaller(Constructor.java:500) ~[?:?]
	at java.lang.reflect.Constructor.newInstance(Constructor.java:481) ~[?:?]
	at gg.essential.container.loader.stage0.EssentialTransformationServiceBase.loadStage1(EssentialTransformationServiceBase.java:47) ~[?:?]
	at gg.essential.container.loader.stage0.EssentialTransformationServiceBase.loadStage1OrThrow(EssentialTransformationServiceBase.java:25) ~[?:?]
	at gg.essential.container.loader.stage0.EssentialTransformationServiceBase.lambda$new$0(EssentialTransformationServiceBase.java:20) ~[?:?]
	at gg.essential.container.loader.stage0.util.DelegatingTransformationServiceBase.<init>(DelegatingTransformationServiceBase.java:13) ~[?:?]
	at gg.essential.container.loader.stage0.EssentialTransformationServiceBase.<init>(EssentialTransformationServiceBase.java:20) ~[?:?]
	at gg.essential.container.loader.stage0.EssentialTransformationService.<init>(EssentialTransformationService.java:7) ~[?:?]
	at jdk.internal.reflect.NativeConstructorAccessorImpl.newInstance0(Native Method) ~[?:?]
	at jdk.internal.reflect.NativeConstructorAccessorImpl.newInstance(NativeConstructorAccessorImpl.java:77) ~[?:?]
	at jdk.internal.reflect.DelegatingConstructorAccessorImpl.newInstance(DelegatingConstructorAccessorImpl.java:45) ~[?:?]
	at java.lang.reflect.Constructor.newInstanceWithCaller(Constructor.java:500) ~[?:?]
	at java.lang.reflect.Constructor.newInstance(Constructor.java:481) ~[?:?]
	at java.util.ServiceLoader$ProviderImpl.newInstance(ServiceLoader.java:789) ~[?:?]
	... 16 more
Caused by: java.lang.ClassNotFoundException: org.apache.commons.codec.digest.DigestUtils
	at java.net.URLClassLoader.findClass(URLClassLoader.java:445) ~[?:?]
	at java.lang.ClassLoader.loadClass(ClassLoader.java:592) ~[?:?]
	at java.lang.ClassLoader.loadClass(ClassLoader.java:525) ~[?:?]
	at gg.essential.loader.stage1.EssentialLoaderBase.getChecksum(EssentialLoaderBase.java:356) ~[?:?]
	at gg.essential.loader.stage1.EssentialLoaderBase.downloadFile(EssentialLoaderBase.java:473) ~[?:?]
	at gg.essential.loader.stage1.EssentialLoaderBase.doDownload(EssentialLoaderBase.java:326) ~[?:?]
	at gg.essential.loader.stage1.EssentialLoaderBase.load(EssentialLoaderBase.java:176) ~[?:?]
	at gg.essential.loader.stage1.EssentialTransformationServiceBase.<init>(EssentialTransformationServiceBase.java:46) ~[?:?]
	at gg.essential.loader.stage1.EssentialTransformationService.<init>(EssentialTransformationService.java:29) ~[?:?]
	at jdk.internal.reflect.NativeConstructorAccessorImpl.newInstance0(Native Method) ~[?:?]
	at jdk.internal.reflect.NativeConstructorAccessorImpl.newInstance(NativeConstructorAccessorImpl.java:77) ~[?:?]
	at jdk.internal.reflect.DelegatingConstructorAccessorImpl.newInstance(DelegatingConstructorAccessorImpl.java:45) ~[?:?]
	at java.lang.reflect.Constructor.newInstanceWithCaller(Constructor.java:500) ~[?:?]
	at java.lang.reflect.Constructor.newInstance(Constructor.java:481) ~[?:?]
	at gg.essential.container.loader.stage0.EssentialTransformationServiceBase.loadStage1(EssentialTransformationServiceBase.java:47) ~[?:?]
	at gg.essential.container.loader.stage0.EssentialTransformationServiceBase.loadStage1OrThrow(EssentialTransformationServiceBase.java:25) ~[?:?]
	at gg.essential.container.loader.stage0.EssentialTransformationServiceBase.lambda$new$0(EssentialTransformationServiceBase.java:20) ~[?:?]
	at gg.essential.container.loader.stage0.util.DelegatingTransformationServiceBase.<init>(DelegatingTransformationServiceBase.java:13) ~[?:?]
	at gg.essential.container.loader.stage0.EssentialTransformationServiceBase.<init>(EssentialTransformationServiceBase.java:20) ~[?:?]
	at gg.essential.container.loader.stage0.EssentialTransformationService.<init>(EssentialTransformationService.java:7) ~[?:?]
	at jdk.internal.reflect.NativeConstructorAccessorImpl.newInstance0(Native Method) ~[?:?]
	at jdk.internal.reflect.NativeConstructorAccessorImpl.newInstance(NativeConstructorAccessorImpl.java:77) ~[?:?]
	at jdk.internal.reflect.DelegatingConstructorAccessorImpl.newInstance(DelegatingConstructorAccessorImpl.java:45) ~[?:?]
	at java.lang.reflect.Constructor.newInstanceWithCaller(Constructor.java:500) ~[?:?]
	at java.lang.reflect.Constructor.newInstance(Constructor.java:481) ~[?:?]
	at java.util.ServiceLoader$ProviderImpl.newInstance(ServiceLoader.java:789) ~[?:?]
	... 16 more
[30Jul2025 14:46:03.192] [main/DEBUG] [cpw.mods.modlauncher.TransformationServicesHandler/MODLAUNCHER]: Found transformer services : [mixin,OptiFine,fml]
[30Jul2025 14:46:03.192] [main/DEBUG] [cpw.mods.modlauncher.TransformationServicesHandler/MODLAUNCHER]: Transformation services loading
[30Jul2025 14:46:03.193] [main/DEBUG] [cpw.mods.modlauncher.TransformationServiceDecorator/MODLAUNCHER]: Loading service mixin
[30Jul2025 14:46:03.193] [main/DEBUG] [cpw.mods.modlauncher.TransformationServiceDecorator/MODLAUNCHER]: Loaded service mixin
[30Jul2025 14:46:03.194] [main/DEBUG] [cpw.mods.modlauncher.TransformationServiceDecorator/MODLAUNCHER]: Loading service OptiFine
[30Jul2025 14:46:03.194] [main/INFO] [optifine.OptiFineTransformationService/]: OptiFineTransformationService.onLoad
[30Jul2025 14:46:03.196] [main/INFO] [optifine.OptiFineTransformationService/]: OptiFine ZIP file URL: union:/workspaces/server1/servidor_minecraft/mods/OptiFine_1.20.1_HD_U_I6.jar%23120!/
[30Jul2025 14:46:03.204] [main/INFO] [optifine.OptiFineTransformationService/]: OptiFine ZIP file: /workspaces/server1/servidor_minecraft/mods/OptiFine_1.20.1_HD_U_I6.jar
[30Jul2025 14:46:03.206] [main/INFO] [optifine.OptiFineTransformer/]: Target.PRE_CLASS is available
[30Jul2025 14:46:03.214] [main/DEBUG] [cpw.mods.modlauncher.TransformationServiceDecorator/MODLAUNCHER]: Loaded service OptiFine
[30Jul2025 14:46:03.215] [main/DEBUG] [cpw.mods.modlauncher.TransformationServiceDecorator/MODLAUNCHER]: Loading service fml
[30Jul2025 14:46:03.216] [main/DEBUG] [net.minecraftforge.fml.loading.LauncherVersion/CORE]: Found FMLLauncher version 1.0
[30Jul2025 14:46:03.216] [main/DEBUG] [net.minecraftforge.fml.loading.FMLLoader/CORE]: FML 1.0 loading
[30Jul2025 14:46:03.216] [main/DEBUG] [net.minecraftforge.fml.loading.FMLLoader/CORE]: FML found ModLauncher version : 10.0.9+10.0.9+main.dcd20f30
[30Jul2025 14:46:03.217] [main/DEBUG] [net.minecraftforge.fml.loading.FMLLoader/CORE]: FML found AccessTransformer version : 8.0.4+66+master.c09db6d7
[30Jul2025 14:46:03.217] [main/DEBUG] [net.minecraftforge.fml.loading.FMLLoader/CORE]: FML found EventBus version : 6.0.5+6.0.5+master.eb8e549b
[30Jul2025 14:46:03.219] [main/DEBUG] [net.minecraftforge.fml.loading.FMLLoader/CORE]: Found Runtime Dist Cleaner
[30Jul2025 14:46:03.221] [main/DEBUG] [net.minecraftforge.fml.loading.FMLLoader/CORE]: FML found CoreMod version : 5.1.6
[30Jul2025 14:46:03.221] [main/DEBUG] [net.minecraftforge.fml.loading.FMLLoader/CORE]: Found ForgeSPI package implementation version 7.0.1+7.0.1+master.d2b38bf6
[30Jul2025 14:46:03.221] [main/DEBUG] [net.minecraftforge.fml.loading.FMLLoader/CORE]: Found ForgeSPI package specification 5
[30Jul2025 14:46:03.222] [main/DEBUG] [cpw.mods.modlauncher.TransformationServiceDecorator/MODLAUNCHER]: Loaded service fml
[30Jul2025 14:46:03.222] [main/DEBUG] [cpw.mods.modlauncher.TransformationServicesHandler/MODLAUNCHER]: Configuring option handling for services
[30Jul2025 14:46:03.228] [main/DEBUG] [cpw.mods.modlauncher.TransformationServicesHandler/MODLAUNCHER]: Transformation services initializing
[30Jul2025 14:46:03.229] [main/DEBUG] [cpw.mods.modlauncher.TransformationServiceDecorator/MODLAUNCHER]: Initializing transformation service mixin
[30Jul2025 14:46:03.241] [main/DEBUG] [mixin/]: MixinService [ModLauncher] was successfully booted in cpw.mods.cl.ModuleClassLoader@7a3d45bd
[30Jul2025 14:46:03.251] [main/INFO] [mixin/]: SpongePowered MIXIN Subsystem Version=0.8.5 Source=union:/workspaces/server1/servidor_minecraft/libraries/org/spongepowered/mixin/0.8.5/mixin-0.8.5.jar%2365!/ Service=ModLauncher Env=SERVER
[30Jul2025 14:46:03.254] [main/DEBUG] [mixin/]: Initialising Mixin Platform Manager
[30Jul2025 14:46:03.255] [main/DEBUG] [mixin/]: Adding mixin platform agents for container ModLauncher Root Container(ModLauncher:4f56a0a2)
[30Jul2025 14:46:03.255] [main/DEBUG] [mixin/]: Instancing new MixinPlatformAgentMinecraftForge for ModLauncher Root Container(ModLauncher:4f56a0a2)
[30Jul2025 14:46:03.256] [main/DEBUG] [mixin/]: MixinPlatformAgentMinecraftForge rejected container ModLauncher Root Container(ModLauncher:4f56a0a2)
[30Jul2025 14:46:03.256] [main/DEBUG] [mixin/]: Instancing new MixinPlatformAgentDefault for ModLauncher Root Container(ModLauncher:4f56a0a2)
[30Jul2025 14:46:03.256] [main/DEBUG] [mixin/]: MixinPlatformAgentDefault accepted container ModLauncher Root Container(ModLauncher:4f56a0a2)
[30Jul2025 14:46:03.258] [main/DEBUG] [cpw.mods.modlauncher.TransformationServiceDecorator/MODLAUNCHER]: Initialized transformation service mixin
[30Jul2025 14:46:03.258] [main/DEBUG] [cpw.mods.modlauncher.TransformationServiceDecorator/MODLAUNCHER]: Initializing transformation service OptiFine
[30Jul2025 14:46:03.258] [main/INFO] [optifine.OptiFineTransformationService/]: OptiFineTransformationService.initialize
[30Jul2025 14:46:03.259] [main/DEBUG] [cpw.mods.modlauncher.TransformationServiceDecorator/MODLAUNCHER]: Initialized transformation service OptiFine
[30Jul2025 14:46:03.259] [main/DEBUG] [cpw.mods.modlauncher.TransformationServiceDecorator/MODLAUNCHER]: Initializing transformation service fml
[30Jul2025 14:46:03.259] [main/DEBUG] [net.minecraftforge.fml.loading.FMLServiceProvider/CORE]: Setting up basic FML game directories
[30Jul2025 14:46:03.260] [main/DEBUG] [net.minecraftforge.fml.loading.FMLPaths/CORE]: Path GAMEDIR is /workspaces/server1/servidor_minecraft
[30Jul2025 14:46:03.260] [main/DEBUG] [net.minecraftforge.fml.loading.FMLPaths/CORE]: Path MODSDIR is /workspaces/server1/servidor_minecraft/mods
[30Jul2025 14:46:03.260] [main/DEBUG] [net.minecraftforge.fml.loading.FMLPaths/CORE]: Path CONFIGDIR is /workspaces/server1/servidor_minecraft/config
[30Jul2025 14:46:03.260] [main/DEBUG] [net.minecraftforge.fml.loading.FMLPaths/CORE]: Path FMLCONFIG is /workspaces/server1/servidor_minecraft/config/fml.toml
[30Jul2025 14:46:03.260] [main/DEBUG] [net.minecraftforge.fml.loading.FMLServiceProvider/CORE]: Loading configuration
[30Jul2025 14:46:03.263] [main/DEBUG] [net.minecraftforge.fml.loading.FMLServiceProvider/CORE]: Preparing ModFile
[30Jul2025 14:46:03.266] [main/DEBUG] [net.minecraftforge.fml.loading.FMLServiceProvider/CORE]: Preparing launch handler
[30Jul2025 14:46:03.266] [main/DEBUG] [net.minecraftforge.fml.loading.FMLLoader/CORE]: Using forgeserver as launch service
[30Jul2025 14:46:03.284] [main/DEBUG] [net.minecraftforge.fml.loading.FMLLoader/CORE]: Received command line version data  : VersionInfo[forgeVersion=47.3.7, mcVersion=1.20.1, mcpVersion=20230612.114412, forgeGroup=net.minecraftforge]
[30Jul2025 14:46:03.286] [main/DEBUG] [cpw.mods.modlauncher.TransformationServiceDecorator/MODLAUNCHER]: Initialized transformation service fml
[30Jul2025 14:46:03.286] [main/DEBUG] [cpw.mods.modlauncher.NameMappingServiceHandler/MODLAUNCHER]: Current naming domain is 'srg'
[30Jul2025 14:46:03.287] [main/DEBUG] [cpw.mods.modlauncher.NameMappingServiceHandler/MODLAUNCHER]: Identified name mapping providers {}
[30Jul2025 14:46:03.287] [main/DEBUG] [cpw.mods.modlauncher.TransformationServicesHandler/MODLAUNCHER]: Transformation services begin scanning
[30Jul2025 14:46:03.288] [main/DEBUG] [cpw.mods.modlauncher.TransformationServiceDecorator/MODLAUNCHER]: Beginning scan trigger - transformation service mixin
[30Jul2025 14:46:03.288] [main/DEBUG] [cpw.mods.modlauncher.TransformationServiceDecorator/MODLAUNCHER]: End scan trigger - transformation service mixin
[30Jul2025 14:46:03.288] [main/DEBUG] [cpw.mods.modlauncher.TransformationServiceDecorator/MODLAUNCHER]: Beginning scan trigger - transformation service OptiFine
[30Jul2025 14:46:03.289] [main/DEBUG] [cpw.mods.modlauncher.TransformationServiceDecorator/MODLAUNCHER]: End scan trigger - transformation service OptiFine
[30Jul2025 14:46:03.289] [main/DEBUG] [cpw.mods.modlauncher.TransformationServiceDecorator/MODLAUNCHER]: Beginning scan trigger - transformation service fml
[30Jul2025 14:46:03.289] [main/DEBUG] [net.minecraftforge.fml.loading.FMLServiceProvider/CORE]: Initiating mod scan
[30Jul2025 14:46:03.300] [main/DEBUG] [net.minecraftforge.fml.loading.moddiscovery.ModListHandler/CORE]: Found mod coordinates from lists: []
[30Jul2025 14:46:03.304] [main/DEBUG] [net.minecraftforge.fml.loading.moddiscovery.ModDiscoverer/CORE]: Found Mod Locators : (mods folder:null),(maven libs:null),(exploded directory:null),(minecraft:null),(userdev classpath:null)
[30Jul2025 14:46:03.305] [main/DEBUG] [net.minecraftforge.fml.loading.moddiscovery.ModDiscoverer/CORE]: Found Dependency Locators : (JarInJar:null)
[30Jul2025 14:46:03.316] [main/DEBUG] [net.minecraftforge.fml.loading.moddiscovery.ModFileParser/LOADING]: Considering mod file candidate /workspaces/server1/servidor_minecraft/mods/alexsmobs-1.22.9.jar
[30Jul2025 14:46:03.380] [main/DEBUG] [net.minecraftforge.fml.loading.moddiscovery.ModFileInfo/LOADING]: Found valid mod file alexsmobs-1.22.9.jar with {alexsmobs} mods - versions {1.22.9}
[30Jul2025 14:46:03.385] [main/DEBUG] [net.minecraftforge.fml.loading.moddiscovery.ModFileParser/LOADING]: Considering mod file candidate /workspaces/server1/servidor_minecraft/mods/BiomesOPlenty-forge-1.20.1-19.0.0.96.jar
[30Jul2025 14:46:03.389] [main/DEBUG] [net.minecraftforge.fml.loading.moddiscovery.ModFileInfo/LOADING]: Found valid mod file BiomesOPlenty-forge-1.20.1-19.0.0.96.jar with {biomesoplenty} mods - versions {19.0.0.96}
[30Jul2025 14:46:03.391] [main/DEBUG] [net.minecraftforge.fml.loading.moddiscovery.ModFileParser/LOADING]: Considering mod file candidate /workspaces/server1/servidor_minecraft/mods/carryon-forge-1.20.1-2.1.2.7.jar
[30Jul2025 14:46:03.400] [main/DEBUG] [net.minecraftforge.fml.loading.moddiscovery.ModFileInfo/LOADING]: Found valid mod file carryon-forge-1.20.1-2.1.2.7.jar with {carryon} mods - versions {2.1.2.7}
[30Jul2025 14:46:03.402] [main/DEBUG] [net.minecraftforge.fml.loading.moddiscovery.ModFileParser/LOADING]: Considering mod file candidate /workspaces/server1/servidor_minecraft/mods/citadel-2.6.1-1.20.1.jar
[30Jul2025 14:46:03.404] [main/DEBUG] [net.minecraftforge.fml.loading.moddiscovery.ModFileInfo/LOADING]: Found valid mod file citadel-2.6.1-1.20.1.jar with {citadel} mods - versions {2.6.1}
[30Jul2025 14:46:03.405] [main/DEBUG] [net.minecraftforge.fml.loading.moddiscovery.ModFileParser/LOADING]: Considering mod file candidate /workspaces/server1/servidor_minecraft/mods/curios-forge-5.14.0+1.20.1.jar
[30Jul2025 14:46:03.407] [main/DEBUG] [net.minecraftforge.fml.loading.moddiscovery.ModFileInfo/LOADING]: Found valid mod file curios-forge-5.14.0+1.20.1.jar with {curios} mods - versions {5.14.0+1.20.1}
[30Jul2025 14:46:03.410] [main/DEBUG] [net.minecraftforge.fml.loading.moddiscovery.ModFileParser/LOADING]: Considering mod file candidate /workspaces/server1/servidor_minecraft/mods/dungeons-and-taverns-3.0.3.f[Forge].jar
[30Jul2025 14:46:03.413] [main/DEBUG] [net.minecraftforge.fml.loading.moddiscovery.ModFileInfo/LOADING]: Found valid mod file dungeons-and-taverns-3.0.3.f[Forge].jar with {mr_dungeons_andtaverns} mods - versions {3.0.3.f}
[30Jul2025 14:46:03.416] [main/DEBUG] [net.minecraftforge.fml.loading.moddiscovery.ModFileParser/LOADING]: Considering mod file candidate /workspaces/server1/servidor_minecraft/mods/EasyMagic-v8.0.1-1.20.1-Forge.jar
[30Jul2025 14:46:03.418] [main/DEBUG] [net.minecraftforge.fml.loading.moddiscovery.ModFileInfo/LOADING]: Found valid mod file EasyMagic-v8.0.1-1.20.1-Forge.jar with {easymagic} mods - versions {8.0.1}
[30Jul2025 14:46:03.419] [main/DEBUG] [net.minecraftforge.fml.loading.moddiscovery.ModFileParser/LOADING]: Considering mod file candidate /workspaces/server1/servidor_minecraft/mods/Explorify v1.6.2 f10-48.jar
[30Jul2025 14:46:03.420] [main/DEBUG] [net.minecraftforge.fml.loading.moddiscovery.ModFileInfo/LOADING]: Found valid mod file Explorify v1.6.2 f10-48.jar with {explorify} mods - versions {1.6.2}
[30Jul2025 14:46:03.424] [main/DEBUG] [net.minecraftforge.fml.loading.moddiscovery.ModFileParser/LOADING]: Considering mod file candidate /workspaces/server1/servidor_minecraft/mods/framework-forge-1.20.1-0.7.12.jar
[30Jul2025 14:46:03.425] [main/DEBUG] [net.minecraftforge.fml.loading.moddiscovery.ModFileInfo/LOADING]: Found valid mod file framework-forge-1.20.1-0.7.12.jar with {framework} mods - versions {0.7.12}
[30Jul2025 14:46:03.426] [main/DEBUG] [net.minecraftforge.fml.loading.moddiscovery.ModFileParser/LOADING]: Considering mod file candidate /workspaces/server1/servidor_minecraft/mods/GlitchCore-forge-1.20.1-0.0.1.1.jar
[30Jul2025 14:46:03.427] [main/DEBUG] [net.minecraftforge.fml.loading.moddiscovery.ModFileInfo/LOADING]: Found valid mod file GlitchCore-forge-1.20.1-0.0.1.1.jar with {glitchcore} mods - versions {0.0.1.1}
[30Jul2025 14:46:03.432] [main/DEBUG] [net.minecraftforge.fml.loading.moddiscovery.ModFileParser/LOADING]: Considering mod file candidate /workspaces/server1/servidor_minecraft/mods/iceandfire-2.1.13-1.20.1-beta-5.jar
[30Jul2025 14:46:03.434] [main/DEBUG] [net.minecraftforge.fml.loading.moddiscovery.ModFileInfo/LOADING]: Found valid mod file iceandfire-2.1.13-1.20.1-beta-5.jar with {iceandfire} mods - versions {2.1.13-1.20.1}
[30Jul2025 14:46:03.437] [main/DEBUG] [net.minecraftforge.fml.loading.moddiscovery.ModFileParser/LOADING]: Considering mod file candidate /workspaces/server1/servidor_minecraft/mods/Jade-1.20.1-Forge-11.13.1.jar
[30Jul2025 14:46:03.438] [main/DEBUG] [net.minecraftforge.fml.loading.moddiscovery.ModFileInfo/LOADING]: Found valid mod file Jade-1.20.1-Forge-11.13.1.jar with {jade} mods - versions {11.13.1+forge}
[30Jul2025 14:46:03.439] [main/DEBUG] [net.minecraftforge.fml.loading.moddiscovery.ModFileParser/LOADING]: Considering mod file candidate /workspaces/server1/servidor_minecraft/mods/jei-1.20.1-forge-15.20.0.106.jar
[30Jul2025 14:46:03.442] [main/DEBUG] [net.minecraftforge.fml.loading.moddiscovery.ModFileInfo/LOADING]: Found valid mod file jei-1.20.1-forge-15.20.0.106.jar with {jei} mods - versions {15.20.0.106}
[30Jul2025 14:46:03.446] [main/DEBUG] [net.minecraftforge.fml.loading.moddiscovery.ModFileParser/LOADING]: Considering mod file candidate /workspaces/server1/servidor_minecraft/mods/paladin-furniture-mod-1.4.2-forge-mc1.20.1.jar
[30Jul2025 14:46:03.447] [main/DEBUG] [net.minecraftforge.fml.loading.moddiscovery.ModFileInfo/LOADING]: Found valid mod file paladin-furniture-mod-1.4.2-forge-mc1.20.1.jar with {pfm} mods - versions {1.4.2}
[30Jul2025 14:46:03.469] [main/DEBUG] [net.minecraftforge.fml.loading.moddiscovery.ModFileParser/LOADING]: Considering mod file candidate /workspaces/server1/servidor_minecraft/mods/PuzzlesLib-v8.1.32-1.20.1-Forge.jar
[30Jul2025 14:46:03.473] [main/DEBUG] [net.minecraftforge.fml.loading.moddiscovery.ModFileInfo/LOADING]: Found valid mod file PuzzlesLib-v8.1.32-1.20.1-Forge.jar with {puzzleslib} mods - versions {8.1.32}
[30Jul2025 14:46:03.476] [main/DEBUG] [net.minecraftforge.fml.loading.moddiscovery.ModFileParser/LOADING]: Considering mod file candidate /workspaces/server1/servidor_minecraft/mods/TerraBlender-forge-1.20.1-3.0.1.10.jar
[30Jul2025 14:46:03.477] [main/DEBUG] [net.minecraftforge.fml.loading.moddiscovery.ModFileInfo/LOADING]: Found valid mod file TerraBlender-forge-1.20.1-3.0.1.10.jar with {terrablender} mods - versions {3.0.1.10}
[30Jul2025 14:46:03.486] [main/DEBUG] [net.minecraftforge.fml.loading.moddiscovery.ModFileParser/LOADING]: Considering mod file candidate /workspaces/server1/servidor_minecraft/mods/the_bumblezone-7.6.11+1.20.1-forge.jar
[30Jul2025 14:46:03.487] [main/DEBUG] [net.minecraftforge.fml.loading.moddiscovery.ModFileInfo/LOADING]: Found valid mod file the_bumblezone-7.6.11+1.20.1-forge.jar with {the_bumblezone} mods - versions {7.6.11+1.20.1-forge}
[30Jul2025 14:46:03.489] [main/DEBUG] [net.minecraftforge.fml.loading.moddiscovery.ModFileParser/LOADING]: Considering mod file candidate /workspaces/server1/servidor_minecraft/mods/Xaeros_Minimap_25.2.0_Forge_1.20.jar
[30Jul2025 14:46:03.490] [main/DEBUG] [net.minecraftforge.fml.loading.moddiscovery.ModFileInfo/LOADING]: Found valid mod file Xaeros_Minimap_25.2.0_Forge_1.20.jar with {xaerominimap} mods - versions {25.2.0}
[30Jul2025 14:46:03.614] [main/DEBUG] [net.minecraftforge.fml.loading.moddiscovery.ModFileInfo/LOADING]: Found valid mod file server-1.20.1-20230612.114412-srg.jar with {minecraft} mods - versions {1.20.1}
[30Jul2025 14:46:03.617] [main/DEBUG] [net.minecraftforge.fml.loading.moddiscovery.ModFileParser/LOADING]: Considering mod file candidate /workspaces/server1/servidor_minecraft/libraries/net/minecraftforge/fmlcore/1.20.1-47.3.7/fmlcore-1.20.1-47.3.7.jar
[30Jul2025 14:46:03.618] [main/WARN] [net.minecraftforge.fml.loading.moddiscovery.ModFileParser/LOADING]: Mod file /workspaces/server1/servidor_minecraft/libraries/net/minecraftforge/fmlcore/1.20.1-47.3.7/fmlcore-1.20.1-47.3.7.jar is missing mods.toml file
[30Jul2025 14:46:03.620] [main/DEBUG] [net.minecraftforge.fml.loading.moddiscovery.ModFileParser/LOADING]: Considering mod file candidate /workspaces/server1/servidor_minecraft/libraries/net/minecraftforge/javafmllanguage/1.20.1-47.3.7/javafmllanguage-1.20.1-47.3.7.jar
[30Jul2025 14:46:03.620] [main/WARN] [net.minecraftforge.fml.loading.moddiscovery.ModFileParser/LOADING]: Mod file /workspaces/server1/servidor_minecraft/libraries/net/minecraftforge/javafmllanguage/1.20.1-47.3.7/javafmllanguage-1.20.1-47.3.7.jar is missing mods.toml file
[30Jul2025 14:46:03.622] [main/DEBUG] [net.minecraftforge.fml.loading.moddiscovery.ModFileParser/LOADING]: Considering mod file candidate /workspaces/server1/servidor_minecraft/libraries/net/minecraftforge/lowcodelanguage/1.20.1-47.3.7/lowcodelanguage-1.20.1-47.3.7.jar
[30Jul2025 14:46:03.623] [main/WARN] [net.minecraftforge.fml.loading.moddiscovery.ModFileParser/LOADING]: Mod file /workspaces/server1/servidor_minecraft/libraries/net/minecraftforge/lowcodelanguage/1.20.1-47.3.7/lowcodelanguage-1.20.1-47.3.7.jar is missing mods.toml file
[30Jul2025 14:46:03.624] [main/DEBUG] [net.minecraftforge.fml.loading.moddiscovery.ModFileParser/LOADING]: Considering mod file candidate /workspaces/server1/servidor_minecraft/libraries/net/minecraftforge/mclanguage/1.20.1-47.3.7/mclanguage-1.20.1-47.3.7.jar
[30Jul2025 14:46:03.625] [main/WARN] [net.minecraftforge.fml.loading.moddiscovery.ModFileParser/LOADING]: Mod file /workspaces/server1/servidor_minecraft/libraries/net/minecraftforge/mclanguage/1.20.1-47.3.7/mclanguage-1.20.1-47.3.7.jar is missing mods.toml file
[30Jul2025 14:46:03.665] [main/DEBUG] [net.minecraftforge.fml.loading.moddiscovery.ModFileParser/LOADING]: Considering mod file candidate /workspaces/server1/servidor_minecraft/libraries/net/minecraftforge/forge/1.20.1-47.3.7/forge-1.20.1-47.3.7-universal.jar
[30Jul2025 14:46:03.667] [main/DEBUG] [net.minecraftforge.fml.loading.moddiscovery.ModFileInfo/LOADING]: Found valid mod file forge-1.20.1-47.3.7-universal.jar with {forge} mods - versions {47.3.7}
[30Jul2025 14:46:03.687] [main/DEBUG] [net.minecraftforge.fml.loading.moddiscovery.AbstractJarFileDependencyLocator/]: Failed to load resource META-INF/jarjar/metadata.json from server-1.20.1-20230612.114412-srg.jar, it does not contain dependency information.
[30Jul2025 14:46:03.688] [main/DEBUG] [net.minecraftforge.fml.loading.moddiscovery.AbstractJarFileDependencyLocator/]: Failed to load resource META-INF/jarjar/metadata.json from dungeons-and-taverns-3.0.3.f[Forge].jar, it does not contain dependency information.
[30Jul2025 14:46:03.688] [main/DEBUG] [net.minecraftforge.fml.loading.moddiscovery.AbstractJarFileDependencyLocator/]: Failed to load resource META-INF/jarjar/metadata.json from TerraBlender-forge-1.20.1-3.0.1.10.jar, it does not contain dependency information.
[30Jul2025 14:46:03.688] [main/DEBUG] [net.minecraftforge.fml.loading.moddiscovery.AbstractJarFileDependencyLocator/]: Failed to load resource META-INF/jarjar/metadata.json from GlitchCore-forge-1.20.1-0.0.1.1.jar, it does not contain dependency information.
[30Jul2025 14:46:03.689] [main/DEBUG] [net.minecraftforge.fml.loading.moddiscovery.AbstractJarFileDependencyLocator/]: Failed to load resource META-INF/jarjar/metadata.json from alexsmobs-1.22.9.jar, it does not contain dependency information.
[30Jul2025 14:46:03.689] [main/DEBUG] [net.minecraftforge.fml.loading.moddiscovery.AbstractJarFileDependencyLocator/]: Failed to load resource META-INF/jarjar/metadata.json from BiomesOPlenty-forge-1.20.1-19.0.0.96.jar, it does not contain dependency information.
[30Jul2025 14:46:03.689] [main/DEBUG] [net.minecraftforge.fml.loading.moddiscovery.AbstractJarFileDependencyLocator/]: Failed to load resource META-INF/jarjar/metadata.json from Jade-1.20.1-Forge-11.13.1.jar, it does not contain dependency information.
[30Jul2025 14:46:03.689] [main/DEBUG] [net.minecraftforge.fml.loading.moddiscovery.AbstractJarFileDependencyLocator/]: Failed to load resource META-INF/jarjar/metadata.json from Explorify v1.6.2 f10-48.jar, it does not contain dependency information.
[30Jul2025 14:46:03.690] [main/DEBUG] [net.minecraftforge.fml.loading.moddiscovery.AbstractJarFileDependencyLocator/]: Failed to load resource META-INF/jarjar/metadata.json from iceandfire-2.1.13-1.20.1-beta-5.jar, it does not contain dependency information.
[30Jul2025 14:46:03.690] [main/DEBUG] [net.minecraftforge.fml.loading.moddiscovery.AbstractJarFileDependencyLocator/]: Failed to load resource META-INF/jarjar/metadata.json from jei-1.20.1-forge-15.20.0.106.jar, it does not contain dependency information.
[30Jul2025 14:46:03.690] [main/DEBUG] [net.minecraftforge.fml.loading.moddiscovery.AbstractJarFileDependencyLocator/]: Failed to load resource META-INF/jarjar/metadata.json from framework-forge-1.20.1-0.7.12.jar, it does not contain dependency information.
[30Jul2025 14:46:03.690] [main/DEBUG] [net.minecraftforge.fml.loading.moddiscovery.AbstractJarFileDependencyLocator/]: Failed to load resource META-INF/jarjar/metadata.json from forge-1.20.1-47.3.7-universal.jar, it does not contain dependency information.
[30Jul2025 14:46:03.691] [main/DEBUG] [net.minecraftforge.fml.loading.moddiscovery.AbstractJarFileDependencyLocator/]: Failed to load resource META-INF/jarjar/metadata.json from paladin-furniture-mod-1.4.2-forge-mc1.20.1.jar, it does not contain dependency information.
[30Jul2025 14:46:03.691] [main/DEBUG] [net.minecraftforge.fml.loading.moddiscovery.AbstractJarFileDependencyLocator/]: Failed to load resource META-INF/jarjar/metadata.json from curios-forge-5.14.0+1.20.1.jar, it does not contain dependency information.
[30Jul2025 14:46:03.693] [main/DEBUG] [net.minecraftforge.fml.loading.moddiscovery.AbstractJarFileDependencyLocator/]: Failed to load resource META-INF/jarjar/metadata.json from Xaeros_Minimap_25.2.0_Forge_1.20.jar, it does not contain dependency information.
[30Jul2025 14:46:03.693] [main/DEBUG] [net.minecraftforge.fml.loading.moddiscovery.AbstractJarFileDependencyLocator/]: Failed to load resource META-INF/jarjar/metadata.json from citadel-2.6.1-1.20.1.jar, it does not contain dependency information.
[30Jul2025 14:46:03.693] [main/DEBUG] [net.minecraftforge.fml.loading.moddiscovery.AbstractJarFileDependencyLocator/]: Failed to load resource META-INF/jarjar/metadata.json from mclanguage-1.20.1-47.3.7.jar, it does not contain dependency information.
[30Jul2025 14:46:03.694] [main/DEBUG] [net.minecraftforge.fml.loading.moddiscovery.AbstractJarFileDependencyLocator/]: Failed to load resource META-INF/jarjar/metadata.json from javafmllanguage-1.20.1-47.3.7.jar, it does not contain dependency information.
[30Jul2025 14:46:03.694] [main/DEBUG] [net.minecraftforge.fml.loading.moddiscovery.AbstractJarFileDependencyLocator/]: Failed to load resource META-INF/jarjar/metadata.json from fmlcore-1.20.1-47.3.7.jar, it does not contain dependency information.
[30Jul2025 14:46:03.694] [main/DEBUG] [net.minecraftforge.fml.loading.moddiscovery.AbstractJarFileDependencyLocator/]: Failed to load resource META-INF/jarjar/metadata.json from lowcodelanguage-1.20.1-47.3.7.jar, it does not contain dependency information.
[30Jul2025 14:46:03.760] [main/DEBUG] [net.minecraftforge.fml.loading.moddiscovery.ModFileParser/LOADING]: Considering mod file candidate 
[30Jul2025 14:46:03.762] [main/DEBUG] [net.minecraftforge.fml.loading.moddiscovery.ModFileInfo/LOADING]: Found valid mod file puzzlesaccessapi-forge-20.1.1.jar with {puzzlesaccessapi} mods - versions {20.1.1}
[30Jul2025 14:46:03.765] [main/DEBUG] [net.minecraftforge.fml.loading.moddiscovery.ModFileParser/LOADING]: Considering mod file candidate 
[30Jul2025 14:46:03.766] [main/DEBUG] [net.minecraftforge.fml.loading.moddiscovery.ModFileInfo/LOADING]: Found valid mod file mixinextras-forge-0.4.1.jar with {mixinextras} mods - versions {0.4.1}
[30Jul2025 14:46:03.776] [main/DEBUG] [net.minecraftforge.fml.loading.moddiscovery.ModFileParser/LOADING]: Considering mod file candidate 
[30Jul2025 14:46:03.777] [main/DEBUG] [net.minecraftforge.fml.loading.moddiscovery.ModFileInfo/LOADING]: Found valid mod file athena-forge-1.20.1-3.1.1.jar with {athena} mods - versions {3.1.1}
[30Jul2025 14:46:03.780] [main/DEBUG] [net.minecraftforge.fml.loading.moddiscovery.ModFileParser/LOADING]: Considering mod file candidate 
[30Jul2025 14:46:03.781] [main/DEBUG] [net.minecraftforge.fml.loading.moddiscovery.ModFileInfo/LOADING]: Found valid mod file mixinextras-forge-0.4.1.jar with {mixinextras} mods - versions {0.4.1}
[30Jul2025 14:46:03.784] [main/DEBUG] [net.minecraftforge.fml.loading.moddiscovery.ModFileParser/LOADING]: Considering mod file candidate 
[30Jul2025 14:46:03.785] [main/DEBUG] [net.minecraftforge.fml.loading.moddiscovery.ModFileInfo/LOADING]: Found valid mod file mixinextras-forge-0.2.0-beta.6.jar with {mixinextras} mods - versions {0.2.0-beta.6}
[30Jul2025 14:46:03.786] [main/DEBUG] [net.minecraftforge.fml.loading.moddiscovery.AbstractJarFileDependencyLocator/]: Failed to load resource META-INF/jarjar/metadata.json from puzzlesaccessapi-forge-20.1.1.jar, it does not contain dependency information.
[30Jul2025 14:46:03.805] [main/DEBUG] [net.minecraftforge.fml.loading.moddiscovery.AbstractJarFileDependencyLocator/]: Failed to load resource META-INF/jarjar/metadata.json from athena-forge-1.20.1-3.1.1.jar, it does not contain dependency information.
[30Jul2025 14:46:03.821] [main/DEBUG] [net.minecraftforge.fml.loading.moddiscovery.AbstractJarFileDependencyLocator/]: Failed to load resource META-INF/jarjar/metadata.json from MixinExtras-0.4.1.jar, it does not contain dependency information.
[30Jul2025 14:46:03.822] [main/DEBUG] [net.minecraftforge.fml.loading.moddiscovery.AbstractJarFileDependencyLocator/]: Failed to load resource META-INF/jarjar/metadata.json from MixinExtras-0.4.1.jar, it does not contain dependency information.
[30Jul2025 14:46:03.822] [main/DEBUG] [net.minecraftforge.fml.loading.moddiscovery.AbstractJarFileDependencyLocator/]: Failed to load resource META-INF/jarjar/metadata.json from MixinExtras-0.2.0-beta.6.jar, it does not contain dependency information.
[30Jul2025 14:46:03.851] [main/DEBUG] [net.minecraftforge.fml.loading.moddiscovery.ModFileParser/LOADING]: Considering mod file candidate 
[30Jul2025 14:46:03.852] [main/DEBUG] [net.minecraftforge.fml.loading.moddiscovery.ModFileInfo/LOADING]: Found valid mod file puzzlesaccessapi-forge-20.1.1.jar with {puzzlesaccessapi} mods - versions {20.1.1}
[30Jul2025 14:46:03.862] [main/DEBUG] [net.minecraftforge.fml.loading.moddiscovery.ModFileParser/LOADING]: Considering mod file candidate 
[30Jul2025 14:46:03.863] [main/DEBUG] [net.minecraftforge.fml.loading.moddiscovery.ModFileInfo/LOADING]: Found valid mod file athena-forge-1.20.1-3.1.1.jar with {athena} mods - versions {3.1.1}
[30Jul2025 14:46:03.865] [main/DEBUG] [net.minecraftforge.fml.loading.moddiscovery.ModFileParser/LOADING]: Considering mod file candidate 
[30Jul2025 14:46:03.866] [main/DEBUG] [net.minecraftforge.fml.loading.moddiscovery.ModFileInfo/LOADING]: Found valid mod file mixinextras-forge-0.4.1.jar with {mixinextras} mods - versions {0.4.1}
[30Jul2025 14:46:03.868] [main/DEBUG] [net.minecraftforge.fml.loading.moddiscovery.ModFileParser/LOADING]: Considering mod file candidate 
[30Jul2025 14:46:03.869] [main/DEBUG] [net.minecraftforge.fml.loading.moddiscovery.ModFileInfo/LOADING]: Found valid mod file mixinextras-forge-0.2.0-beta.6.jar with {mixinextras} mods - versions {0.2.0-beta.6}
[30Jul2025 14:46:03.870] [main/WARN] [net.minecraftforge.jarjar.selection.JarSelector/]: Attempted to select two dependency jars from JarJar which have the same identification: Mod File:  and Mod File: . Using Mod File: 
[30Jul2025 14:46:03.872] [main/INFO] [net.minecraftforge.fml.loading.moddiscovery.JarInJarDependencyLocator/]: Found 4 dependencies adding them to mods collection
[30Jul2025 14:46:03.877] [main/DEBUG] [net.minecraftforge.fml.loading.moddiscovery.ModFileParser/LOADING]: Considering mod file candidate /workspaces/server1/servidor_minecraft/mods/dungeons-and-taverns-3.0.3.f[Forge].jar
[30Jul2025 14:46:03.878] [main/DEBUG] [net.minecraftforge.fml.loading.moddiscovery.ModFileInfo/LOADING]: Found valid mod file dungeons-and-taverns-3.0.3.f[Forge].jar with {mr_dungeons_andtaverns} mods - versions {3.0.3.f}
[30Jul2025 14:46:03.882] [main/DEBUG] [net.minecraftforge.fml.loading.moddiscovery.ModFile/LOADING]: Loading mod file /workspaces/server1/servidor_minecraft/mods/dungeons-and-taverns-3.0.3.f[Forge].jar with languages [LanguageSpec[languageName=lowcodefml, acceptedVersions=[40,)]]
[30Jul2025 14:46:03.884] [main/DEBUG] [net.minecraftforge.fml.loading.moddiscovery.ModFileInfo/LOADING]: Found valid mod file server-1.20.1-20230612.114412-srg.jar with {minecraft} mods - versions {1.20.1}
[30Jul2025 14:46:03.885] [main/DEBUG] [net.minecraftforge.fml.loading.moddiscovery.ModFile/LOADING]: Loading mod file /workspaces/server1/servidor_minecraft/libraries/net/minecraft/server/1.20.1-20230612.114412/server-1.20.1-20230612.114412-srg.jar with languages [LanguageSpec[languageName=minecraft, acceptedVersions=1]]
[30Jul2025 14:46:03.885] [main/DEBUG] [net.minecraftforge.fml.loading.moddiscovery.ModFileParser/LOADING]: Considering mod file candidate /workspaces/server1/servidor_minecraft/mods/TerraBlender-forge-1.20.1-3.0.1.10.jar
[30Jul2025 14:46:03.886] [main/DEBUG] [net.minecraftforge.fml.loading.moddiscovery.ModFileInfo/LOADING]: Found valid mod file TerraBlender-forge-1.20.1-3.0.1.10.jar with {terrablender} mods - versions {3.0.1.10}
[30Jul2025 14:46:03.887] [main/DEBUG] [net.minecraftforge.fml.loading.moddiscovery.ModFile/LOADING]: Loading mod file /workspaces/server1/servidor_minecraft/mods/TerraBlender-forge-1.20.1-3.0.1.10.jar with languages [LanguageSpec[languageName=javafml, acceptedVersions=[47,)]]
[30Jul2025 14:46:03.887] [main/DEBUG] [net.minecraftforge.fml.loading.moddiscovery.ModFileParser/LOADING]: Considering mod file candidate /workspaces/server1/servidor_minecraft/mods/GlitchCore-forge-1.20.1-0.0.1.1.jar
[30Jul2025 14:46:03.888] [main/DEBUG] [net.minecraftforge.fml.loading.moddiscovery.ModFileInfo/LOADING]: Found valid mod file GlitchCore-forge-1.20.1-0.0.1.1.jar with {glitchcore} mods - versions {0.0.1.1}
[30Jul2025 14:46:03.889] [main/DEBUG] [net.minecraftforge.fml.loading.moddiscovery.ModFile/LOADING]: Loading mod file /workspaces/server1/servidor_minecraft/mods/GlitchCore-forge-1.20.1-0.0.1.1.jar with languages [LanguageSpec[languageName=javafml, acceptedVersions=[47,)]]
[30Jul2025 14:46:03.890] [main/DEBUG] [net.minecraftforge.fml.loading.moddiscovery.ModFileParser/LOADING]: Considering mod file candidate /workspaces/server1/servidor_minecraft/mods/alexsmobs-1.22.9.jar
[30Jul2025 14:46:03.890] [main/DEBUG] [net.minecraftforge.fml.loading.moddiscovery.ModFileInfo/LOADING]: Found valid mod file alexsmobs-1.22.9.jar with {alexsmobs} mods - versions {1.22.9}
[30Jul2025 14:46:03.890] [main/DEBUG] [net.minecraftforge.fml.loading.moddiscovery.ModFile/LOADING]: Loading mod file /workspaces/server1/servidor_minecraft/mods/alexsmobs-1.22.9.jar with languages [LanguageSpec[languageName=javafml, acceptedVersions=[46,)]]
[30Jul2025 14:46:03.891] [main/DEBUG] [net.minecraftforge.fml.loading.moddiscovery.ModFileParser/LOADING]: Considering mod file candidate /workspaces/server1/servidor_minecraft/mods/BiomesOPlenty-forge-1.20.1-19.0.0.96.jar
[30Jul2025 14:46:03.891] [main/DEBUG] [net.minecraftforge.fml.loading.moddiscovery.ModFileInfo/LOADING]: Found valid mod file BiomesOPlenty-forge-1.20.1-19.0.0.96.jar with {biomesoplenty} mods - versions {19.0.0.96}
[30Jul2025 14:46:03.891] [main/DEBUG] [net.minecraftforge.fml.loading.moddiscovery.ModFile/LOADING]: Loading mod file /workspaces/server1/servidor_minecraft/mods/BiomesOPlenty-forge-1.20.1-19.0.0.96.jar with languages [LanguageSpec[languageName=javafml, acceptedVersions=[47,)]]
[30Jul2025 14:46:03.892] [main/DEBUG] [net.minecraftforge.fml.loading.moddiscovery.ModFileParser/LOADING]: Considering mod file candidate /workspaces/server1/servidor_minecraft/mods/Explorify v1.6.2 f10-48.jar
[30Jul2025 14:46:03.892] [main/DEBUG] [net.minecraftforge.fml.loading.moddiscovery.ModFileInfo/LOADING]: Found valid mod file Explorify v1.6.2 f10-48.jar with {explorify} mods - versions {1.6.2}
[30Jul2025 14:46:03.892] [main/DEBUG] [net.minecraftforge.fml.loading.moddiscovery.ModFile/LOADING]: Loading mod file /workspaces/server1/servidor_minecraft/mods/Explorify v1.6.2 f10-48.jar with languages [LanguageSpec[languageName=lowcodefml, acceptedVersions=[1,)]]
[30Jul2025 14:46:03.893] [main/DEBUG] [net.minecraftforge.fml.loading.moddiscovery.ModFileParser/LOADING]: Considering mod file candidate /workspaces/server1/servidor_minecraft/mods/Jade-1.20.1-Forge-11.13.1.jar
[30Jul2025 14:46:03.893] [main/DEBUG] [net.minecraftforge.fml.loading.moddiscovery.ModFileInfo/LOADING]: Found valid mod file Jade-1.20.1-Forge-11.13.1.jar with {jade} mods - versions {11.13.1+forge}
[30Jul2025 14:46:03.893] [main/DEBUG] [net.minecraftforge.fml.loading.moddiscovery.ModFile/LOADING]: Loading mod file /workspaces/server1/servidor_minecraft/mods/Jade-1.20.1-Forge-11.13.1.jar with languages [LanguageSpec[languageName=javafml, acceptedVersions=[46,)]]
[30Jul2025 14:46:03.894] [main/DEBUG] [net.minecraftforge.fml.loading.moddiscovery.ModFileParser/LOADING]: Considering mod file candidate /workspaces/server1/servidor_minecraft/mods/EasyMagic-v8.0.1-1.20.1-Forge.jar
[30Jul2025 14:46:03.894] [main/DEBUG] [net.minecraftforge.fml.loading.moddiscovery.ModFileInfo/LOADING]: Found valid mod file EasyMagic-v8.0.1-1.20.1-Forge.jar with {easymagic} mods - versions {8.0.1}
[30Jul2025 14:46:03.894] [main/DEBUG] [net.minecraftforge.fml.loading.moddiscovery.ModFile/LOADING]: Loading mod file /workspaces/server1/servidor_minecraft/mods/EasyMagic-v8.0.1-1.20.1-Forge.jar with languages [LanguageSpec[languageName=javafml, acceptedVersions=[47,)]]
[30Jul2025 14:46:03.894] [main/DEBUG] [net.minecraftforge.fml.loading.moddiscovery.ModFileParser/LOADING]: Considering mod file candidate /workspaces/server1/servidor_minecraft/mods/iceandfire-2.1.13-1.20.1-beta-5.jar
[30Jul2025 14:46:03.895] [main/DEBUG] [net.minecraftforge.fml.loading.moddiscovery.ModFileInfo/LOADING]: Found valid mod file iceandfire-2.1.13-1.20.1-beta-5.jar with {iceandfire} mods - versions {2.1.13-1.20.1}
[30Jul2025 14:46:03.895] [main/DEBUG] [net.minecraftforge.fml.loading.moddiscovery.ModFile/LOADING]: Loading mod file /workspaces/server1/servidor_minecraft/mods/iceandfire-2.1.13-1.20.1-beta-5.jar with languages [LanguageSpec[languageName=javafml, acceptedVersions=[37.0,)]]
[30Jul2025 14:46:03.895] [main/DEBUG] [net.minecraftforge.fml.loading.moddiscovery.ModFileParser/LOADING]: Considering mod file candidate /workspaces/server1/servidor_minecraft/mods/jei-1.20.1-forge-15.20.0.106.jar
[30Jul2025 14:46:03.896] [main/DEBUG] [net.minecraftforge.fml.loading.moddiscovery.ModFileInfo/LOADING]: Found valid mod file jei-1.20.1-forge-15.20.0.106.jar with {jei} mods - versions {15.20.0.106}
[30Jul2025 14:46:03.896] [main/DEBUG] [net.minecraftforge.fml.loading.moddiscovery.ModFile/LOADING]: Loading mod file /workspaces/server1/servidor_minecraft/mods/jei-1.20.1-forge-15.20.0.106.jar with languages [LanguageSpec[languageName=javafml, acceptedVersions=[47,)]]
[30Jul2025 14:46:03.896] [main/DEBUG] [net.minecraftforge.fml.loading.moddiscovery.ModFileParser/LOADING]: Considering mod file candidate /workspaces/server1/servidor_minecraft/mods/PuzzlesLib-v8.1.32-1.20.1-Forge.jar
[30Jul2025 14:46:03.897] [main/DEBUG] [net.minecraftforge.fml.loading.moddiscovery.ModFileInfo/LOADING]: Found valid mod file PuzzlesLib-v8.1.32-1.20.1-Forge.jar with {puzzleslib} mods - versions {8.1.32}
[30Jul2025 14:46:03.897] [main/DEBUG] [net.minecraftforge.fml.loading.moddiscovery.ModFile/LOADING]: Loading mod file /workspaces/server1/servidor_minecraft/mods/PuzzlesLib-v8.1.32-1.20.1-Forge.jar with languages [LanguageSpec[languageName=javafml, acceptedVersions=[47,)]]
[30Jul2025 14:46:03.897] [main/DEBUG] [net.minecraftforge.fml.loading.moddiscovery.ModFileParser/LOADING]: Considering mod file candidate /workspaces/server1/servidor_minecraft/mods/carryon-forge-1.20.1-2.1.2.7.jar
[30Jul2025 14:46:03.898] [main/DEBUG] [net.minecraftforge.fml.loading.moddiscovery.ModFileInfo/LOADING]: Found valid mod file carryon-forge-1.20.1-2.1.2.7.jar with {carryon} mods - versions {2.1.2.7}
[30Jul2025 14:46:03.898] [main/DEBUG] [net.minecraftforge.fml.loading.moddiscovery.ModFile/LOADING]: Loading mod file /workspaces/server1/servidor_minecraft/mods/carryon-forge-1.20.1-2.1.2.7.jar with languages [LanguageSpec[languageName=javafml, acceptedVersions=[46,)]]
[30Jul2025 14:46:03.898] [main/DEBUG] [net.minecraftforge.fml.loading.moddiscovery.ModFileParser/LOADING]: Considering mod file candidate /workspaces/server1/servidor_minecraft/mods/the_bumblezone-7.6.11+1.20.1-forge.jar
[30Jul2025 14:46:03.900] [main/DEBUG] [net.minecraftforge.fml.loading.moddiscovery.ModFileInfo/LOADING]: Found valid mod file the_bumblezone-7.6.11+1.20.1-forge.jar with {the_bumblezone} mods - versions {7.6.11+1.20.1-forge}
[30Jul2025 14:46:03.900] [main/DEBUG] [net.minecraftforge.fml.loading.moddiscovery.ModFile/LOADING]: Loading mod file /workspaces/server1/servidor_minecraft/mods/the_bumblezone-7.6.11+1.20.1-forge.jar with languages [LanguageSpec[languageName=javafml, acceptedVersions=[38,)]]
[30Jul2025 14:46:03.900] [main/DEBUG] [net.minecraftforge.fml.loading.moddiscovery.ModFileParser/LOADING]: Considering mod file candidate /workspaces/server1/servidor_minecraft/mods/framework-forge-1.20.1-0.7.12.jar
[30Jul2025 14:46:03.900] [main/DEBUG] [net.minecraftforge.fml.loading.moddiscovery.ModFileInfo/LOADING]: Found valid mod file framework-forge-1.20.1-0.7.12.jar with {framework} mods - versions {0.7.12}
[30Jul2025 14:46:03.901] [main/DEBUG] [net.minecraftforge.fml.loading.moddiscovery.ModFile/LOADING]: Loading mod file /workspaces/server1/servidor_minecraft/mods/framework-forge-1.20.1-0.7.12.jar with languages [LanguageSpec[languageName=javafml, acceptedVersions=[39,)]]
[30Jul2025 14:46:03.901] [main/DEBUG] [net.minecraftforge.fml.loading.moddiscovery.ModFileParser/LOADING]: Considering mod file candidate 
[30Jul2025 14:46:03.901] [main/DEBUG] [net.minecraftforge.fml.loading.moddiscovery.ModFileInfo/LOADING]: Found valid mod file puzzlesaccessapi-forge-20.1.1.jar with {puzzlesaccessapi} mods - versions {20.1.1}
[30Jul2025 14:46:03.902] [main/DEBUG] [net.minecraftforge.fml.loading.moddiscovery.ModFile/LOADING]: Loading mod file  with languages [LanguageSpec[languageName=javafml, acceptedVersions=*]]
[30Jul2025 14:46:03.902] [main/DEBUG] [net.minecraftforge.fml.loading.moddiscovery.ModFileParser/LOADING]: Considering mod file candidate /workspaces/server1/servidor_minecraft/mods/paladin-furniture-mod-1.4.2-forge-mc1.20.1.jar
[30Jul2025 14:46:03.902] [main/DEBUG] [net.minecraftforge.fml.loading.moddiscovery.ModFileInfo/LOADING]: Found valid mod file paladin-furniture-mod-1.4.2-forge-mc1.20.1.jar with {pfm} mods - versions {1.4.2}
[30Jul2025 14:46:03.903] [main/DEBUG] [net.minecraftforge.fml.loading.moddiscovery.ModFile/LOADING]: Loading mod file /workspaces/server1/servidor_minecraft/mods/paladin-furniture-mod-1.4.2-forge-mc1.20.1.jar with languages [LanguageSpec[languageName=javafml, acceptedVersions=[47,)]]
[30Jul2025 14:46:03.903] [main/DEBUG] [net.minecraftforge.fml.loading.moddiscovery.ModFileParser/LOADING]: Considering mod file candidate /workspaces/server1/servidor_minecraft/libraries/net/minecraftforge/forge/1.20.1-47.3.7/forge-1.20.1-47.3.7-universal.jar
[30Jul2025 14:46:03.903] [main/DEBUG] [net.minecraftforge.fml.loading.moddiscovery.ModFileInfo/LOADING]: Found valid mod file forge-1.20.1-47.3.7-universal.jar with {forge} mods - versions {47.3.7}
[30Jul2025 14:46:03.903] [main/DEBUG] [net.minecraftforge.fml.loading.moddiscovery.ModFile/LOADING]: Loading mod file /workspaces/server1/servidor_minecraft/libraries/net/minecraftforge/forge/1.20.1-47.3.7/forge-1.20.1-47.3.7-universal.jar with languages [LanguageSpec[languageName=javafml, acceptedVersions=[24,]]]
[30Jul2025 14:46:03.906] [main/DEBUG] [net.minecraftforge.fml.loading.moddiscovery.ModFileParser/LOADING]: Found coremod field_to_method with Javascript path coremods/field_to_method.js
[30Jul2025 14:46:03.907] [main/DEBUG] [net.minecraftforge.fml.loading.moddiscovery.ModFileParser/LOADING]: Found coremod field_to_instanceof with Javascript path coremods/field_to_instanceof.js
[30Jul2025 14:46:03.907] [main/DEBUG] [net.minecraftforge.fml.loading.moddiscovery.ModFileParser/LOADING]: Found coremod add_bouncer_method with Javascript path coremods/add_bouncer_method.js
[30Jul2025 14:46:03.907] [main/DEBUG] [net.minecraftforge.fml.loading.moddiscovery.ModFileParser/LOADING]: Found coremod method_redirector with Javascript path coremods/method_redirector.js
[30Jul2025 14:46:03.907] [main/DEBUG] [net.minecraftforge.fml.loading.moddiscovery.ModFile/LOADING]: Found coremod coremods/field_to_method.js
[30Jul2025 14:46:03.908] [main/DEBUG] [net.minecraftforge.fml.loading.moddiscovery.ModFile/LOADING]: Found coremod coremods/field_to_instanceof.js
[30Jul2025 14:46:03.908] [main/DEBUG] [net.minecraftforge.fml.loading.moddiscovery.ModFile/LOADING]: Found coremod coremods/add_bouncer_method.js
[30Jul2025 14:46:03.909] [main/DEBUG] [net.minecraftforge.fml.loading.moddiscovery.ModFile/LOADING]: Found coremod coremods/method_redirector.js
[30Jul2025 14:46:03.909] [main/DEBUG] [net.minecraftforge.fml.loading.moddiscovery.ModFileParser/LOADING]: Considering mod file candidate /workspaces/server1/servidor_minecraft/mods/curios-forge-5.14.0+1.20.1.jar
[30Jul2025 14:46:03.910] [main/DEBUG] [net.minecraftforge.fml.loading.moddiscovery.ModFileInfo/LOADING]: Found valid mod file curios-forge-5.14.0+1.20.1.jar with {curios} mods - versions {5.14.0+1.20.1}
[30Jul2025 14:46:03.910] [main/DEBUG] [net.minecraftforge.fml.loading.moddiscovery.ModFile/LOADING]: Loading mod file /workspaces/server1/servidor_minecraft/mods/curios-forge-5.14.0+1.20.1.jar with languages [LanguageSpec[languageName=javafml, acceptedVersions=[41,)]]
[30Jul2025 14:46:03.911] [main/DEBUG] [net.minecraftforge.fml.loading.moddiscovery.ModFileParser/LOADING]: Considering mod file candidate 
[30Jul2025 14:46:03.911] [main/DEBUG] [net.minecraftforge.fml.loading.moddiscovery.ModFileInfo/LOADING]: Found valid mod file athena-forge-1.20.1-3.1.1.jar with {athena} mods - versions {3.1.1}
[30Jul2025 14:46:03.912] [main/DEBUG] [net.minecraftforge.fml.loading.moddiscovery.ModFile/LOADING]: Loading mod file  with languages [LanguageSpec[languageName=javafml, acceptedVersions=[47,)]]
[30Jul2025 14:46:03.912] [main/DEBUG] [net.minecraftforge.fml.loading.moddiscovery.ModFileParser/LOADING]: Considering mod file candidate /workspaces/server1/servidor_minecraft/mods/Xaeros_Minimap_25.2.0_Forge_1.20.jar
[30Jul2025 14:46:03.913] [main/DEBUG] [net.minecraftforge.fml.loading.moddiscovery.ModFileInfo/LOADING]: Found valid mod file Xaeros_Minimap_25.2.0_Forge_1.20.jar with {xaerominimap} mods - versions {25.2.0}
[30Jul2025 14:46:03.913] [main/DEBUG] [net.minecraftforge.fml.loading.moddiscovery.ModFile/LOADING]: Loading mod file /workspaces/server1/servidor_minecraft/mods/Xaeros_Minimap_25.2.0_Forge_1.20.jar with languages [LanguageSpec[languageName=javafml, acceptedVersions=[46,48)]]
[30Jul2025 14:46:03.914] [main/DEBUG] [net.minecraftforge.fml.loading.moddiscovery.ModFileParser/LOADING]: Found coremod xaerohud_core with Javascript path META-INF/xaerohud_core.js
[30Jul2025 14:46:03.915] [main/DEBUG] [net.minecraftforge.fml.loading.moddiscovery.ModFile/LOADING]: Found coremod META-INF/xaerohud_core.js
[30Jul2025 14:46:03.915] [main/DEBUG] [net.minecraftforge.fml.loading.moddiscovery.ModFileParser/LOADING]: Considering mod file candidate /workspaces/server1/servidor_minecraft/mods/citadel-2.6.1-1.20.1.jar
[30Jul2025 14:46:03.915] [main/DEBUG] [net.minecraftforge.fml.loading.moddiscovery.ModFileInfo/LOADING]: Found valid mod file citadel-2.6.1-1.20.1.jar with {citadel} mods - versions {2.6.1}
[30Jul2025 14:46:03.916] [main/DEBUG] [net.minecraftforge.fml.loading.moddiscovery.ModFile/LOADING]: Loading mod file /workspaces/server1/servidor_minecraft/mods/citadel-2.6.1-1.20.1.jar with languages [LanguageSpec[languageName=javafml, acceptedVersions=[47,)]]
[30Jul2025 14:46:03.916] [main/DEBUG] [net.minecraftforge.fml.loading.moddiscovery.ModFileParser/LOADING]: Considering mod file candidate 
[30Jul2025 14:46:03.917] [main/DEBUG] [net.minecraftforge.fml.loading.moddiscovery.ModFileInfo/LOADING]: Found valid mod file mixinextras-forge-0.4.1.jar with {mixinextras} mods - versions {0.4.1}
[30Jul2025 14:46:03.917] [main/DEBUG] [net.minecraftforge.fml.loading.moddiscovery.ModFile/LOADING]: Loading mod file  with languages [LanguageSpec[languageName=javafml, acceptedVersions=*]]
[30Jul2025 14:46:03.917] [main/DEBUG] [net.minecraftforge.fml.loading.moddiscovery.ModFile/LOADING]: Loading mod file  with languages []
[30Jul2025 14:46:03.917] [main/DEBUG] [net.minecraftforge.fml.loading.moddiscovery.ModFileParser/LOADING]: Considering mod file candidate 
[30Jul2025 14:46:03.918] [main/DEBUG] [net.minecraftforge.fml.loading.moddiscovery.ModFileInfo/LOADING]: Found valid mod file mixinextras-forge-0.4.1.jar with {mixinextras} mods - versions {0.4.1}
[30Jul2025 14:46:03.918] [main/DEBUG] [net.minecraftforge.fml.loading.moddiscovery.ModFile/LOADING]: Loading mod file  with languages [LanguageSpec[languageName=javafml, acceptedVersions=*]]
[30Jul2025 14:46:03.919] [main/DEBUG] [net.minecraftforge.fml.loading.moddiscovery.ModFile/LOADING]: Loading mod file  with languages []
[30Jul2025 14:46:03.920] [main/DEBUG] [cpw.mods.modlauncher.TransformationServiceDecorator/MODLAUNCHER]: End scan trigger - transformation service fml
[30Jul2025 14:46:03.944] [main/DEBUG] [net.minecraftforge.fml.loading.LanguageLoadingProvider/CORE]: Found 3 language providers
[30Jul2025 14:46:03.945] [main/DEBUG] [net.minecraftforge.fml.loading.LanguageLoadingProvider/CORE]: Found language provider minecraft, version 1.0
[30Jul2025 14:46:03.946] [main/DEBUG] [net.minecraftforge.fml.loading.LanguageLoadingProvider/CORE]: Found language provider lowcodefml, version 47
[30Jul2025 14:46:03.946] [main/DEBUG] [net.minecraftforge.fml.loading.LanguageLoadingProvider/CORE]: Found language provider javafml, version 47
[30Jul2025 14:46:03.950] [main/DEBUG] [net.minecraftforge.fml.loading.UniqueModListBuilder/]: Found 2 mods for first modid mixinextras, selecting most recent based on version data
[30Jul2025 14:46:03.950] [main/DEBUG] [net.minecraftforge.fml.loading.UniqueModListBuilder/]: Selected file mixinextras-forge-0.4.1.jar for modid mixinextras with version 0.4.1
[30Jul2025 14:46:03.951] [main/DEBUG] [net.minecraftforge.fml.loading.UniqueModListBuilder/]: Found 2 mods for first modid MixinExtras, selecting most recent based on version data
[30Jul2025 14:46:03.951] [main/DEBUG] [net.minecraftforge.fml.loading.UniqueModListBuilder/]: Selected file MixinExtras-0.4.1.jar for modid MixinExtras with version 0.0NONE
[30Jul2025 14:46:03.952] [main/DEBUG] [net.minecraftforge.fml.loading.ModSorter/]: Configured system mods: [minecraft, forge]
[30Jul2025 14:46:03.953] [main/DEBUG] [net.minecraftforge.fml.loading.ModSorter/]: Found system mod: minecraft
[30Jul2025 14:46:03.953] [main/DEBUG] [net.minecraftforge.fml.loading.ModSorter/]: Found system mod: forge
[30Jul2025 14:46:03.955] [main/DEBUG] [net.minecraftforge.fml.loading.ModSorter/LOADING]: Found 44 mod requirements (36 mandatory, 8 optional)
[30Jul2025 14:46:03.956] [main/DEBUG] [net.minecraftforge.fml.loading.ModSorter/LOADING]: Found 0 mod requirements missing (0 mandatory, 0 optional)
[30Jul2025 14:46:04.514] [main/DEBUG] [cpw.mods.modlauncher.TransformationServicesHandler/MODLAUNCHER]: Transformation services loading transformers
[30Jul2025 14:46:04.515] [main/DEBUG] [cpw.mods.modlauncher.TransformationServiceDecorator/MODLAUNCHER]: Initializing transformers for transformation service mixin
[30Jul2025 14:46:04.515] [main/DEBUG] [cpw.mods.modlauncher.TransformationServiceDecorator/MODLAUNCHER]: Initialized transformers for transformation service mixin
[30Jul2025 14:46:04.515] [main/DEBUG] [cpw.mods.modlauncher.TransformationServiceDecorator/MODLAUNCHER]: Initializing transformers for transformation service OptiFine
[30Jul2025 14:46:04.515] [main/INFO] [optifine.OptiFineTransformationService/]: OptiFineTransformationService.transformers
[30Jul2025 14:46:04.524] [main/INFO] [optifine.OptiFineTransformer/]: Targets: 412
[30Jul2025 14:46:04.528] [main/DEBUG] [cpw.mods.modlauncher.TransformStore/MODLAUNCHER]: Adding transformer optifine.OptiFineTransformer@78010562 to Target : PRE_CLASS {Lnet/minecraft/client/renderer/block/BlockRenderDispatcher$1;} {} {V}
[30Jul2025 14:46:04.528] [main/DEBUG] [cpw.mods.modlauncher.TransformStore/MODLAUNCHER]: Adding transformer optifine.OptiFineTransformer@78010562 to Target : PRE_CLASS {Lnet/minecraft/client/renderer/texture/Stitcher$Holder;} {} {V}
[30Jul2025 14:46:04.529] [main/DEBUG] [cpw.mods.modlauncher.TransformStore/MODLAUNCHER]: Adding transformer optifine.OptiFineTransformer@78010562 to Target : PRE_CLASS {Lnet/minecraft/client/gui/font/glyphs/BakedGlyph$Effect;} {} {V}
[30Jul2025 14:46:04.529] [main/DEBUG] [cpw.mods.modlauncher.TransformStore/MODLAUNCHER]: Adding transformer optifine.OptiFineTransformer@78010562 to Target : PRE_CLASS {Lnet/minecraft/client/model/geom/ModelPart$Visitor;} {} {V}
[30Jul2025 14:46:04.529] [main/DEBUG] [cpw.mods.modlauncher.TransformStore/MODLAUNCHER]: Adding transformer optifine.OptiFineTransformer@78010562 to Target : PRE_CLASS {Lnet/minecraft/client/renderer/chunk/RenderChunkRegion;} {} {V}
[30Jul2025 14:46:04.529] [main/DEBUG] [cpw.mods.modlauncher.TransformStore/MODLAUNCHER]: Adding transformer optifine.OptiFineTransformer@78010562 to Target : PRE_CLASS {Lnet/minecraft/client/resources/language/ClientLanguage;} {} {V}
[30Jul2025 14:46:04.529] [main/DEBUG] [cpw.mods.modlauncher.TransformStore/MODLAUNCHER]: Adding transformer optifine.OptiFineTransformer@78010562 to Target : PRE_CLASS {Lnet/minecraft/world/level/material/MapColor$Brightness;} {} {V}
[30Jul2025 14:46:04.529] [main/DEBUG] [cpw.mods.modlauncher.TransformStore/MODLAUNCHER]: Adding transformer optifine.OptiFineTransformer@78010562 to Target : PRE_CLASS {Lnet/minecraft/world/item/alchemy/PotionUtils;} {} {V}
[30Jul2025 14:46:04.529] [main/DEBUG] [cpw.mods.modlauncher.TransformStore/MODLAUNCHER]: Adding transformer optifine.OptiFineTransformer@78010562 to Target : PRE_CLASS {Lnet/minecraft/client/renderer/LevelRenderer$TransparencyShaderException;} {} {V}
[30Jul2025 14:46:04.530] [main/DEBUG] [cpw.mods.modlauncher.TransformStore/MODLAUNCHER]: Adding transformer optifine.OptiFineTransformer@78010562 to Target : PRE_CLASS {Lnet/minecraft/world/level/chunk/LevelChunkSection$BlockCounter;} {} {V}
[30Jul2025 14:46:04.530] [main/DEBUG] [cpw.mods.modlauncher.TransformStore/MODLAUNCHER]: Adding transformer optifine.OptiFineTransformer@78010562 to Target : PRE_CLASS {Lcom/mojang/blaze3d/platform/GlDebug;} {} {V}
[30Jul2025 14:46:04.530] [main/DEBUG] [cpw.mods.modlauncher.TransformStore/MODLAUNCHER]: Adding transformer optifine.OptiFineTransformer@78010562 to Target : PRE_CLASS {Lnet/minecraft/client/gui/font/providers/BitmapProvider;} {} {V}
[30Jul2025 14:46:04.530] [main/DEBUG] [cpw.mods.modlauncher.TransformStore/MODLAUNCHER]: Adding transformer optifine.OptiFineTransformer@78010562 to Target : PRE_CLASS {Lnet/minecraft/client/renderer/entity/EntityRenderers;} {} {V}
[30Jul2025 14:46:04.530] [main/DEBUG] [cpw.mods.modlauncher.TransformStore/MODLAUNCHER]: Adding transformer optifine.OptiFineTransformer@78010562 to Target : PRE_CLASS {Lnet/minecraft/client/gui/Gui;} {} {V}
[30Jul2025 14:46:04.530] [main/DEBUG] [cpw.mods.modlauncher.TransformStore/MODLAUNCHER]: Adding transformer optifine.OptiFineTransformer@78010562 to Target : PRE_CLASS {Lnet/minecraft/client/renderer/texture/SpriteLoader$Preparations;} {} {V}
[30Jul2025 14:46:04.530] [main/DEBUG] [cpw.mods.modlauncher.TransformStore/MODLAUNCHER]: Adding transformer optifine.OptiFineTransformer@78010562 to Target : PRE_CLASS {Lnet/minecraft/network/syncher/SynchedEntityData;} {} {V}
[30Jul2025 14:46:04.530] [main/DEBUG] [cpw.mods.modlauncher.TransformStore/MODLAUNCHER]: Adding transformer optifine.OptiFineTransformer@78010562 to Target : PRE_CLASS {Lnet/minecraft/client/renderer/entity/ItemEntityRenderer;} {} {V}
[30Jul2025 14:46:04.531] [main/DEBUG] [cpw.mods.modlauncher.TransformStore/MODLAUNCHER]: Adding transformer optifine.OptiFineTransformer@78010562 to Target : PRE_CLASS {Lcom/mojang/blaze3d/vertex/VertexFormat$IndexType;} {} {V}
[30Jul2025 14:46:04.531] [main/DEBUG] [cpw.mods.modlauncher.TransformStore/MODLAUNCHER]: Adding transformer optifine.OptiFineTransformer@78010562 to Target : PRE_CLASS {Lnet/minecraft/client/renderer/block/ModelBlockRenderer$AmbientOcclusionFace;} {} {V}
[30Jul2025 14:46:04.531] [main/DEBUG] [cpw.mods.modlauncher.TransformStore/MODLAUNCHER]: Adding transformer optifine.OptiFineTransformer@78010562 to Target : PRE_CLASS {Lnet/minecraft/world/level/block/state/properties/Property$Value;} {} {V}
[30Jul2025 14:46:04.531] [main/DEBUG] [cpw.mods.modlauncher.TransformStore/MODLAUNCHER]: Adding transformer optifine.OptiFineTransformer@78010562 to Target : PRE_CLASS {Lcom/mojang/blaze3d/vertex/DefaultVertexFormat;} {} {V}
[30Jul2025 14:46:04.531] [main/DEBUG] [cpw.mods.modlauncher.TransformStore/MODLAUNCHER]: Adding transformer optifine.OptiFineTransformer@78010562 to Target : PRE_CLASS {Lnet/minecraft/client/renderer/entity/layers/SaddleLayer;} {} {V}
[30Jul2025 14:46:04.531] [main/DEBUG] [cpw.mods.modlauncher.TransformStore/MODLAUNCHER]: Adding transformer optifine.OptiFineTransformer@78010562 to Target : PRE_CLASS {Lnet/minecraft/client/gui/components/CycleButton$ValueListSupplier;} {} {V}
[30Jul2025 14:46:04.531] [main/DEBUG] [cpw.mods.modlauncher.TransformStore/MODLAUNCHER]: Adding transformer optifine.OptiFineTransformer@78010562 to Target : PRE_CLASS {Lcom/mojang/blaze3d/vertex/BufferBuilder$DrawState;} {} {V}
[30Jul2025 14:46:04.531] [main/DEBUG] [cpw.mods.modlauncher.TransformStore/MODLAUNCHER]: Adding transformer optifine.OptiFineTransformer@78010562 to Target : PRE_CLASS {Lnet/minecraft/client/gui/MapRenderer;} {} {V}
[30Jul2025 14:46:04.532] [main/DEBUG] [cpw.mods.modlauncher.TransformStore/MODLAUNCHER]: Adding transformer optifine.OptiFineTransformer@78010562 to Target : PRE_CLASS {Lnet/minecraft/client/resources/model/Material;} {} {V}
[30Jul2025 14:46:04.532] [main/DEBUG] [cpw.mods.modlauncher.TransformStore/MODLAUNCHER]: Adding transformer optifine.OptiFineTransformer@78010562 to Target : PRE_CLASS {Lnet/minecraft/client/renderer/entity/layers/ElytraLayer;} {} {V}
[30Jul2025 14:46:04.532] [main/DEBUG] [cpw.mods.modlauncher.TransformStore/MODLAUNCHER]: Adding transformer optifine.OptiFineTransformer@78010562 to Target : PRE_CLASS {Lnet/minecraft/core/Direction$Plane;} {} {V}
[30Jul2025 14:46:04.532] [main/DEBUG] [cpw.mods.modlauncher.TransformStore/MODLAUNCHER]: Adding transformer optifine.OptiFineTransformer@78010562 to Target : PRE_CLASS {Lnet/minecraft/client/renderer/blockentity/BlockEntityRenderDispatcher;} {} {V}
[30Jul2025 14:46:04.532] [main/DEBUG] [cpw.mods.modlauncher.TransformStore/MODLAUNCHER]: Adding transformer optifine.OptiFineTransformer@78010562 to Target : PRE_CLASS {Lcom/mojang/blaze3d/platform/GlStateManager$ColorLogicState;} {} {V}
[30Jul2025 14:46:04.532] [main/DEBUG] [cpw.mods.modlauncher.TransformStore/MODLAUNCHER]: Adding transformer optifine.OptiFineTransformer@78010562 to Target : PRE_CLASS {Lcom/mojang/blaze3d/vertex/PoseStack$Pose;} {} {V}
[30Jul2025 14:46:04.532] [main/DEBUG] [cpw.mods.modlauncher.TransformStore/MODLAUNCHER]: Adding transformer optifine.OptiFineTransformer@78010562 to Target : PRE_CLASS {Lnet/minecraft/Util;} {} {V}
[30Jul2025 14:46:04.532] [main/DEBUG] [cpw.mods.modlauncher.TransformStore/MODLAUNCHER]: Adding transformer optifine.OptiFineTransformer@78010562 to Target : PRE_CLASS {Lnet/minecraft/client/Screenshot;} {} {V}
[30Jul2025 14:46:04.532] [main/DEBUG] [cpw.mods.modlauncher.TransformStore/MODLAUNCHER]: Adding transformer optifine.OptiFineTransformer@78010562 to Target : PRE_CLASS {Lnet/minecraft/client/gui/screens/LoadingOverlay;} {} {V}
[30Jul2025 14:46:04.532] [main/DEBUG] [cpw.mods.modlauncher.TransformStore/MODLAUNCHER]: Adding transformer optifine.OptiFineTransformer@78010562 to Target : PRE_CLASS {Lnet/minecraft/client/model/geom/ModelPart$Polygon;} {} {V}
[30Jul2025 14:46:04.533] [main/DEBUG] [cpw.mods.modlauncher.TransformStore/MODLAUNCHER]: Adding transformer optifine.OptiFineTransformer@78010562 to Target : PRE_CLASS {Lnet/minecraft/client/renderer/RenderStateShard$ShaderStateShard;} {} {V}
[30Jul2025 14:46:04.533] [main/DEBUG] [cpw.mods.modlauncher.TransformStore/MODLAUNCHER]: Adding transformer optifine.OptiFineTransformer@78010562 to Target : PRE_CLASS {Lnet/minecraft/Util$2;} {} {V}
[30Jul2025 14:46:04.533] [main/DEBUG] [cpw.mods.modlauncher.TransformStore/MODLAUNCHER]: Adding transformer optifine.OptiFineTransformer@78010562 to Target : PRE_CLASS {Lcom/mojang/blaze3d/shaders/Program$Type;} {} {V}
[30Jul2025 14:46:04.533] [main/DEBUG] [cpw.mods.modlauncher.TransformStore/MODLAUNCHER]: Adding transformer optifine.OptiFineTransformer@78010562 to Target : PRE_CLASS {Lnet/minecraft/client/resources/model/WeightedBakedModel$Builder;} {} {V}
[30Jul2025 14:46:04.534] [main/DEBUG] [cpw.mods.modlauncher.TransformStore/MODLAUNCHER]: Adding transformer optifine.OptiFineTransformer@78010562 to Target : PRE_CLASS {Lnet/minecraft/Util$6;} {} {V}
[30Jul2025 14:46:04.534] [main/DEBUG] [cpw.mods.modlauncher.TransformStore/MODLAUNCHER]: Adding transformer optifine.OptiFineTransformer@78010562 to Target : PRE_CLASS {Lcom/mojang/blaze3d/platform/GlStateManager$ColorMask;} {} {V}
[30Jul2025 14:46:04.534] [main/DEBUG] [cpw.mods.modlauncher.TransformStore/MODLAUNCHER]: Adding transformer optifine.OptiFineTransformer@78010562 to Target : PRE_CLASS {Lnet/minecraft/util/thread/BlockableEventLoop;} {} {V}
[30Jul2025 14:46:04.535] [main/DEBUG] [cpw.mods.modlauncher.TransformStore/MODLAUNCHER]: Adding transformer optifine.OptiFineTransformer@78010562 to Target : PRE_CLASS {Lcom/mojang/blaze3d/vertex/BufferBuilder$RenderedBuffer;} {} {V}
[30Jul2025 14:46:04.535] [main/DEBUG] [cpw.mods.modlauncher.TransformStore/MODLAUNCHER]: Adding transformer optifine.OptiFineTransformer@78010562 to Target : PRE_CLASS {Lcom/mojang/blaze3d/vertex/VertexFormatElement$Usage;} {} {V}
[30Jul2025 14:46:04.535] [main/DEBUG] [cpw.mods.modlauncher.TransformStore/MODLAUNCHER]: Adding transformer optifine.OptiFineTransformer@78010562 to Target : PRE_CLASS {Lnet/minecraft/client/renderer/entity/layers/MushroomCowMushroomLayer;} {} {V}
[30Jul2025 14:46:04.535] [main/DEBUG] [cpw.mods.modlauncher.TransformStore/MODLAUNCHER]: Adding transformer optifine.OptiFineTransformer@78010562 to Target : PRE_CLASS {Lnet/minecraft/server/packs/PathPackResources;} {} {V}
[30Jul2025 14:46:04.535] [main/DEBUG] [cpw.mods.modlauncher.TransformStore/MODLAUNCHER]: Adding transformer optifine.OptiFineTransformer@78010562 to Target : PRE_CLASS {Lnet/minecraft/client/renderer/texture/AbstractTexture;} {} {V}
[30Jul2025 14:46:04.535] [main/DEBUG] [cpw.mods.modlauncher.TransformStore/MODLAUNCHER]: Adding transformer optifine.OptiFineTransformer@78010562 to Target : PRE_CLASS {Lnet/minecraft/client/OptionInstance$CycleableValueSet$ValueSetter;} {} {V}
[30Jul2025 14:46:04.535] [main/DEBUG] [cpw.mods.modlauncher.TransformStore/MODLAUNCHER]: Adding transformer optifine.OptiFineTransformer@78010562 to Target : PRE_CLASS {Lnet/minecraft/client/OptionInstance$AltEnum;} {} {V}
[30Jul2025 14:46:04.535] [main/DEBUG] [cpw.mods.modlauncher.TransformStore/MODLAUNCHER]: Adding transformer optifine.OptiFineTransformer@78010562 to Target : PRE_CLASS {Lnet/minecraft/client/renderer/texture/Stitcher$Region;} {} {V}
[30Jul2025 14:46:04.536] [main/DEBUG] [cpw.mods.modlauncher.TransformStore/MODLAUNCHER]: Adding transformer optifine.OptiFineTransformer@78010562 to Target : PRE_CLASS {Lcom/mojang/blaze3d/platform/GlStateManager$StencilState;} {} {V}
[30Jul2025 14:46:04.536] [main/DEBUG] [cpw.mods.modlauncher.TransformStore/MODLAUNCHER]: Adding transformer optifine.OptiFineTransformer@78010562 to Target : PRE_CLASS {Lnet/minecraft/server/level/DistanceManager$ChunkTicketTracker;} {} {V}
[30Jul2025 14:46:04.536] [main/DEBUG] [cpw.mods.modlauncher.TransformStore/MODLAUNCHER]: Adding transformer optifine.OptiFineTransformer@78010562 to Target : PRE_CLASS {Lcom/mojang/blaze3d/platform/GlStateManager$LogicOp;} {} {V}
[30Jul2025 14:46:04.536] [main/DEBUG] [cpw.mods.modlauncher.TransformStore/MODLAUNCHER]: Adding transformer optifine.OptiFineTransformer@78010562 to Target : PRE_CLASS {Lnet/minecraft/client/renderer/block/model/FaceBakery;} {} {V}
[30Jul2025 14:46:04.536] [main/DEBUG] [cpw.mods.modlauncher.TransformStore/MODLAUNCHER]: Adding transformer optifine.OptiFineTransformer@78010562 to Target : PRE_CLASS {Lcom/mojang/blaze3d/vertex/PoseStack;} {} {V}
[30Jul2025 14:46:04.536] [main/DEBUG] [cpw.mods.modlauncher.TransformStore/MODLAUNCHER]: Adding transformer optifine.OptiFineTransformer@78010562 to Target : PRE_CLASS {Lnet/minecraft/client/renderer/entity/layers/WardenEmissiveLayer;} {} {V}
[30Jul2025 14:46:04.536] [main/DEBUG] [cpw.mods.modlauncher.TransformStore/MODLAUNCHER]: Adding transformer optifine.OptiFineTransformer@78010562 to Target : PRE_CLASS {Lnet/minecraft/client/renderer/entity/layers/HorseArmorLayer;} {} {V}
[30Jul2025 14:46:04.536] [main/DEBUG] [cpw.mods.modlauncher.TransformStore/MODLAUNCHER]: Adding transformer optifine.OptiFineTransformer@78010562 to Target : PRE_CLASS {Lnet/minecraft/client/renderer/RenderStateShard$DepthTestStateShard;} {} {V}
[30Jul2025 14:46:04.537] [main/DEBUG] [cpw.mods.modlauncher.TransformStore/MODLAUNCHER]: Adding transformer optifine.OptiFineTransformer@78010562 to Target : PRE_CLASS {Lnet/minecraft/client/renderer/entity/EnderDragonRenderer;} {} {V}
[30Jul2025 14:46:04.539] [main/DEBUG] [cpw.mods.modlauncher.TransformStore/MODLAUNCHER]: Adding transformer optifine.OptiFineTransformer@78010562 to Target : PRE_CLASS {Lnet/minecraft/util/profiling/ActiveProfiler;} {} {V}
[30Jul2025 14:46:04.539] [main/DEBUG] [cpw.mods.modlauncher.TransformStore/MODLAUNCHER]: Adding transformer optifine.OptiFineTransformer@78010562 to Target : PRE_CLASS {Lnet/minecraft/client/gui/components/CycleButton$ValueListSupplier$2;} {} {V}
[30Jul2025 14:46:04.539] [main/DEBUG] [cpw.mods.modlauncher.TransformStore/MODLAUNCHER]: Adding transformer optifine.OptiFineTransformer@78010562 to Target : PRE_CLASS {Lnet/minecraft/world/level/chunk/PalettedContainer$Configuration;} {} {V}
[30Jul2025 14:46:04.539] [main/DEBUG] [cpw.mods.modlauncher.TransformStore/MODLAUNCHER]: Adding transformer optifine.OptiFineTransformer@78010562 to Target : PRE_CLASS {Lnet/minecraft/client/renderer/block/model/BakedQuad;} {} {V}
[30Jul2025 14:46:04.539] [main/DEBUG] [cpw.mods.modlauncher.TransformStore/MODLAUNCHER]: Adding transformer optifine.OptiFineTransformer@78010562 to Target : PRE_CLASS {Lnet/minecraft/world/level/entity/EntitySectionStorage;} {} {V}
[30Jul2025 14:46:04.539] [main/DEBUG] [cpw.mods.modlauncher.TransformStore/MODLAUNCHER]: Adding transformer optifine.OptiFineTransformer@78010562 to Target : PRE_CLASS {Lnet/minecraft/client/renderer/RenderStateShard$MultiTextureStateShard;} {} {V}
[30Jul2025 14:46:04.540] [main/DEBUG] [cpw.mods.modlauncher.TransformStore/MODLAUNCHER]: Adding transformer optifine.OptiFineTransformer@78010562 to Target : PRE_CLASS {Lnet/minecraft/client/resources/model/ModelBakery$BakedCacheKey;} {} {V}
[30Jul2025 14:46:04.540] [main/DEBUG] [cpw.mods.modlauncher.TransformStore/MODLAUNCHER]: Adding transformer optifine.OptiFineTransformer@78010562 to Target : PRE_CLASS {Lnet/minecraft/client/renderer/chunk/ChunkRenderDispatcher$RenderChunk$ResortTransparencyTask;} {} {V}
[30Jul2025 14:46:04.540] [main/DEBUG] [cpw.mods.modlauncher.TransformStore/MODLAUNCHER]: Adding transformer optifine.OptiFineTransformer@78010562 to Target : PRE_CLASS {Lnet/minecraft/client/renderer/texture/TextureAtlas;} {} {V}
[30Jul2025 14:46:04.540] [main/DEBUG] [cpw.mods.modlauncher.TransformStore/MODLAUNCHER]: Adding transformer optifine.OptiFineTransformer@78010562 to Target : PRE_CLASS {Lnet/minecraft/core/Direction$Axis$2;} {} {V}
[30Jul2025 14:46:04.540] [main/DEBUG] [cpw.mods.modlauncher.TransformStore/MODLAUNCHER]: Adding transformer optifine.OptiFineTransformer@78010562 to Target : PRE_CLASS {Lcom/mojang/blaze3d/vertex/BufferBuilder$SortState;} {} {V}
[30Jul2025 14:46:04.540] [main/DEBUG] [cpw.mods.modlauncher.TransformStore/MODLAUNCHER]: Adding transformer optifine.OptiFineTransformer@78010562 to Target : PRE_CLASS {Lcom/mojang/blaze3d/platform/GlStateManager$StencilFunc;} {} {V}
[30Jul2025 14:46:04.540] [main/DEBUG] [cpw.mods.modlauncher.TransformStore/MODLAUNCHER]: Adding transformer optifine.OptiFineTransformer@78010562 to Target : PRE_CLASS {Lnet/minecraft/client/renderer/GameRenderer$1;} {} {V}
[30Jul2025 14:46:04.540] [main/DEBUG] [cpw.mods.modlauncher.TransformStore/MODLAUNCHER]: Adding transformer optifine.OptiFineTransformer@78010562 to Target : PRE_CLASS {Lnet/minecraft/client/renderer/entity/layers/RenderLayer;} {} {V}
[30Jul2025 14:46:04.541] [main/DEBUG] [cpw.mods.modlauncher.TransformStore/MODLAUNCHER]: Adding transformer optifine.OptiFineTransformer@78010562 to Target : PRE_CLASS {Lcom/mojang/blaze3d/platform/Window;} {} {V}
[30Jul2025 14:46:04.541] [main/DEBUG] [cpw.mods.modlauncher.TransformStore/MODLAUNCHER]: Adding transformer optifine.OptiFineTransformer@78010562 to Target : PRE_CLASS {Lcom/mojang/blaze3d/platform/NativeImage$Format;} {} {V}
[30Jul2025 14:46:04.541] [main/DEBUG] [cpw.mods.modlauncher.TransformStore/MODLAUNCHER]: Adding transformer optifine.OptiFineTransformer@78010562 to Target : PRE_CLASS {Lnet/minecraft/server/level/DistanceManager;} {} {V}
[30Jul2025 14:46:04.541] [main/DEBUG] [cpw.mods.modlauncher.TransformStore/MODLAUNCHER]: Adding transformer optifine.OptiFineTransformer@78010562 to Target : PRE_CLASS {Lnet/minecraft/client/renderer/block/LiquidBlockRenderer$1;} {} {V}
[30Jul2025 14:46:04.541] [main/DEBUG] [cpw.mods.modlauncher.TransformStore/MODLAUNCHER]: Adding transformer optifine.OptiFineTransformer@78010562 to Target : PRE_CLASS {Lcom/mojang/blaze3d/platform/GlStateManager$PolygonOffsetState;} {} {V}
[30Jul2025 14:46:04.541] [main/DEBUG] [cpw.mods.modlauncher.TransformStore/MODLAUNCHER]: Adding transformer optifine.OptiFineTransformer@78010562 to Target : PRE_CLASS {Lnet/minecraft/client/gui/components/ChatComponent$DelayedMessageDeletion;} {} {V}
[30Jul2025 14:46:04.541] [main/DEBUG] [cpw.mods.modlauncher.TransformStore/MODLAUNCHER]: Adding transformer optifine.OptiFineTransformer@78010562 to Target : PRE_CLASS {Lnet/minecraft/client/renderer/block/ModelBlockRenderer$SizeInfo;} {} {V}
[30Jul2025 14:46:04.541] [main/DEBUG] [cpw.mods.modlauncher.TransformStore/MODLAUNCHER]: Adding transformer optifine.OptiFineTransformer@78010562 to Target : PRE_CLASS {Lnet/minecraft/client/renderer/entity/layers/HumanoidArmorLayer$1;} {} {V}
[30Jul2025 14:46:04.541] [main/DEBUG] [cpw.mods.modlauncher.TransformStore/MODLAUNCHER]: Adding transformer optifine.OptiFineTransformer@78010562 to Target : PRE_CLASS {Lcom/mojang/blaze3d/systems/RenderSystem$1;} {} {V}
[30Jul2025 14:46:04.542] [main/DEBUG] [cpw.mods.modlauncher.TransformStore/MODLAUNCHER]: Adding transformer optifine.OptiFineTransformer@78010562 to Target : PRE_CLASS {Lnet/minecraft/client/renderer/entity/EntityRenderDispatcher;} {} {V}
[30Jul2025 14:46:04.542] [main/DEBUG] [cpw.mods.modlauncher.TransformStore/MODLAUNCHER]: Adding transformer optifine.OptiFineTransformer@78010562 to Target : PRE_CLASS {Lcom/mojang/blaze3d/systems/RenderSystem$AutoStorageIndexBuffer;} {} {V}
[30Jul2025 14:46:04.543] [main/DEBUG] [cpw.mods.modlauncher.TransformStore/MODLAUNCHER]: Adding transformer optifine.OptiFineTransformer@78010562 to Target : PRE_CLASS {Lnet/minecraft/client/renderer/texture/TextureAtlasSprite;} {} {V}
[30Jul2025 14:46:04.543] [main/DEBUG] [cpw.mods.modlauncher.TransformStore/MODLAUNCHER]: Adding transformer optifine.OptiFineTransformer@78010562 to Target : PRE_CLASS {Lnet/minecraft/client/renderer/GameRenderer;} {} {V}
[30Jul2025 14:46:04.543] [main/DEBUG] [cpw.mods.modlauncher.TransformStore/MODLAUNCHER]: Adding transformer optifine.OptiFineTransformer@78010562 to Target : PRE_CLASS {Lnet/minecraft/client/renderer/texture/MipmapGenerator;} {} {V}
[30Jul2025 14:46:04.544] [main/DEBUG] [cpw.mods.modlauncher.TransformStore/MODLAUNCHER]: Adding transformer optifine.OptiFineTransformer@78010562 to Target : PRE_CLASS {Lnet/minecraft/client/Options;} {} {V}
[30Jul2025 14:46:04.544] [main/DEBUG] [cpw.mods.modlauncher.TransformStore/MODLAUNCHER]: Adding transformer optifine.OptiFineTransformer@78010562 to Target : PRE_CLASS {Lcom/mojang/blaze3d/platform/NativeImage$WriteCallback;} {} {V}
[30Jul2025 14:46:04.544] [main/DEBUG] [cpw.mods.modlauncher.TransformStore/MODLAUNCHER]: Adding transformer optifine.OptiFineTransformer@78010562 to Target : PRE_CLASS {Lnet/minecraft/client/renderer/chunk/ChunkRenderDispatcher$CompiledChunk;} {} {V}
[30Jul2025 14:46:04.544] [main/DEBUG] [cpw.mods.modlauncher.TransformStore/MODLAUNCHER]: Adding transformer optifine.OptiFineTransformer@78010562 to Target : PRE_CLASS {Lnet/minecraft/world/entity/Mob;} {} {V}
[30Jul2025 14:46:04.544] [main/DEBUG] [cpw.mods.modlauncher.TransformStore/MODLAUNCHER]: Adding transformer optifine.OptiFineTransformer@78010562 to Target : PRE_CLASS {Lnet/minecraft/client/Options$2;} {} {V}
[30Jul2025 14:46:04.544] [main/DEBUG] [cpw.mods.modlauncher.TransformStore/MODLAUNCHER]: Adding transformer optifine.OptiFineTransformer@78010562 to Target : PRE_CLASS {Lnet/minecraft/client/renderer/chunk/RenderChunk;} {} {V}
[30Jul2025 14:46:04.544] [main/DEBUG] [cpw.mods.modlauncher.TransformStore/MODLAUNCHER]: Adding transformer optifine.OptiFineTransformer@78010562 to Target : PRE_CLASS {Lnet/minecraft/client/renderer/blockentity/SignRenderer$SignModel;} {} {V}
[30Jul2025 14:46:04.544] [main/DEBUG] [cpw.mods.modlauncher.TransformStore/MODLAUNCHER]: Adding transformer optifine.OptiFineTransformer@78010562 to Target : PRE_CLASS {Lnet/minecraft/client/multiplayer/ClientLevel$EntityCallbacks;} {} {V}
[30Jul2025 14:46:04.544] [main/DEBUG] [cpw.mods.modlauncher.TransformStore/MODLAUNCHER]: Adding transformer optifine.OptiFineTransformer@78010562 to Target : PRE_CLASS {Lnet/minecraft/resources/ResourceLocation;} {} {V}
[30Jul2025 14:46:04.545] [main/DEBUG] [cpw.mods.modlauncher.TransformStore/MODLAUNCHER]: Adding transformer optifine.OptiFineTransformer@78010562 to Target : PRE_CLASS {Lcom/mojang/blaze3d/vertex/BufferBuilder$1;} {} {V}
[30Jul2025 14:46:04.545] [main/DEBUG] [cpw.mods.modlauncher.TransformStore/MODLAUNCHER]: Adding transformer optifine.OptiFineTransformer@78010562 to Target : PRE_CLASS {Lcom/mojang/blaze3d/platform/Window$WindowInitFailed;} {} {V}
[30Jul2025 14:46:04.545] [main/DEBUG] [cpw.mods.modlauncher.TransformStore/MODLAUNCHER]: Adding transformer optifine.OptiFineTransformer@78010562 to Target : PRE_CLASS {Lnet/minecraft/client/renderer/ItemInHandRenderer$HandRenderSelection;} {} {V}
[30Jul2025 14:46:04.545] [main/DEBUG] [cpw.mods.modlauncher.TransformStore/MODLAUNCHER]: Adding transformer optifine.OptiFineTransformer@78010562 to Target : PRE_CLASS {Lnet/minecraft/client/renderer/entity/TntMinecartRenderer;} {} {V}
[30Jul2025 14:46:04.545] [main/DEBUG] [cpw.mods.modlauncher.TransformStore/MODLAUNCHER]: Adding transformer optifine.OptiFineTransformer@78010562 to Target : PRE_CLASS {Lnet/minecraft/client/OptionInstance$UnitDouble;} {} {V}
[30Jul2025 14:46:04.545] [main/DEBUG] [cpw.mods.modlauncher.TransformStore/MODLAUNCHER]: Adding transformer optifine.OptiFineTransformer@78010562 to Target : PRE_CLASS {Lnet/minecraft/client/renderer/chunk/ChunkRenderDispatcher$RenderChunk;} {} {V}
[30Jul2025 14:46:04.545] [main/DEBUG] [cpw.mods.modlauncher.TransformStore/MODLAUNCHER]: Adding transformer optifine.OptiFineTransformer@78010562 to Target : PRE_CLASS {Lnet/minecraft/server/level/ChunkMap$DistanceManager;} {} {V}
[30Jul2025 14:46:04.545] [main/DEBUG] [cpw.mods.modlauncher.TransformStore/MODLAUNCHER]: Adding transformer optifine.OptiFineTransformer@78010562 to Target : PRE_CLASS {Lnet/minecraft/client/renderer/block/ModelBlockRenderer$Cache$1;} {} {V}
[30Jul2025 14:46:04.545] [main/DEBUG] [cpw.mods.modlauncher.TransformStore/MODLAUNCHER]: Adding transformer optifine.OptiFineTransformer@78010562 to Target : PRE_CLASS {Lnet/minecraft/util/CubicSampler;} {} {V}
[30Jul2025 14:46:04.546] [main/DEBUG] [cpw.mods.modlauncher.TransformStore/MODLAUNCHER]: Adding transformer optifine.OptiFineTransformer@78010562 to Target : PRE_CLASS {Lnet/minecraft/client/renderer/texture/atlas/SpriteResourceLoader$1;} {} {V}
[30Jul2025 14:46:04.548] [main/DEBUG] [cpw.mods.modlauncher.TransformStore/MODLAUNCHER]: Adding transformer optifine.OptiFineTransformer@78010562 to Target : PRE_CLASS {Lnet/minecraft/client/renderer/EffectInstance;} {} {V}
[30Jul2025 14:46:04.548] [main/DEBUG] [cpw.mods.modlauncher.TransformStore/MODLAUNCHER]: Adding transformer optifine.OptiFineTransformer@78010562 to Target : PRE_CLASS {Lnet/minecraft/client/renderer/chunk/ChunkRenderDispatcher$RenderChunk$RebuildTask;} {} {V}
[30Jul2025 14:46:04.549] [main/DEBUG] [cpw.mods.modlauncher.TransformStore/MODLAUNCHER]: Adding transformer optifine.OptiFineTransformer@78010562 to Target : PRE_CLASS {Lnet/minecraft/util/CubicSampler$Vec3Fetcher;} {} {V}
[30Jul2025 14:46:04.549] [main/DEBUG] [cpw.mods.modlauncher.TransformStore/MODLAUNCHER]: Adding transformer optifine.OptiFineTransformer@78010562 to Target : PRE_CLASS {Lnet/minecraft/Util$IdentityStrategy;} {} {V}
[30Jul2025 14:46:04.549] [main/DEBUG] [cpw.mods.modlauncher.TransformStore/MODLAUNCHER]: Adding transformer optifine.OptiFineTransformer@78010562 to Target : PRE_CLASS {Lnet/minecraft/client/renderer/RenderStateShard$TextureStateShard;} {} {V}
[30Jul2025 14:46:04.549] [main/DEBUG] [cpw.mods.modlauncher.TransformStore/MODLAUNCHER]: Adding transformer optifine.OptiFineTransformer@78010562 to Target : PRE_CLASS {Lnet/minecraft/server/level/ChunkMap;} {} {V}
[30Jul2025 14:46:04.549] [main/DEBUG] [cpw.mods.modlauncher.TransformStore/MODLAUNCHER]: Adding transformer optifine.OptiFineTransformer@78010562 to Target : PRE_CLASS {Lnet/minecraft/util/valueproviders/ConstantFloat;} {} {V}
[30Jul2025 14:46:04.549] [main/DEBUG] [cpw.mods.modlauncher.TransformStore/MODLAUNCHER]: Adding transformer optifine.OptiFineTransformer@78010562 to Target : PRE_CLASS {Lnet/minecraft/client/gui/screens/TitleScreen;} {} {V}
[30Jul2025 14:46:04.549] [main/DEBUG] [cpw.mods.modlauncher.TransformStore/MODLAUNCHER]: Adding transformer optifine.OptiFineTransformer@78010562 to Target : PRE_CLASS {Lnet/minecraft/client/gui/components/DebugScreenOverlay;} {} {V}
[30Jul2025 14:46:04.549] [main/DEBUG] [cpw.mods.modlauncher.TransformStore/MODLAUNCHER]: Adding transformer optifine.OptiFineTransformer@78010562 to Target : PRE_CLASS {Lnet/minecraft/client/gui/screens/OnlineOptionsScreen;} {} {V}
[30Jul2025 14:46:04.550] [main/DEBUG] [cpw.mods.modlauncher.TransformStore/MODLAUNCHER]: Adding transformer optifine.OptiFineTransformer@78010562 to Target : PRE_CLASS {Lnet/minecraft/client/renderer/FogRenderer$FogMode;} {} {V}
[30Jul2025 14:46:04.550] [main/DEBUG] [cpw.mods.modlauncher.TransformStore/MODLAUNCHER]: Adding transformer optifine.OptiFineTransformer@78010562 to Target : PRE_CLASS {Lnet/minecraft/client/resources/model/ModelBakery$ModelBakerImpl;} {} {V}
[30Jul2025 14:46:04.550] [main/DEBUG] [cpw.mods.modlauncher.TransformStore/MODLAUNCHER]: Adding transformer optifine.OptiFineTransformer@78010562 to Target : PRE_CLASS {Lnet/minecraft/client/renderer/texture/SimpleTexture;} {} {V}
[30Jul2025 14:46:04.550] [main/DEBUG] [cpw.mods.modlauncher.TransformStore/MODLAUNCHER]: Adding transformer optifine.OptiFineTransformer@78010562 to Target : PRE_CLASS {Lnet/minecraft/client/OptionInstance$UnitDouble$1;} {} {V}
[30Jul2025 14:46:04.550] [main/DEBUG] [cpw.mods.modlauncher.TransformStore/MODLAUNCHER]: Adding transformer optifine.OptiFineTransformer@78010562 to Target : PRE_CLASS {Lnet/minecraft/client/renderer/entity/layers/StrayClothingLayer;} {} {V}
[30Jul2025 14:46:04.550] [main/DEBUG] [cpw.mods.modlauncher.TransformStore/MODLAUNCHER]: Adding transformer optifine.OptiFineTransformer@78010562 to Target : PRE_CLASS {Lnet/minecraft/client/renderer/texture/SpriteLoader;} {} {V}
[30Jul2025 14:46:04.550] [main/DEBUG] [cpw.mods.modlauncher.TransformStore/MODLAUNCHER]: Adding transformer optifine.OptiFineTransformer@78010562 to Target : PRE_CLASS {Lnet/minecraft/client/renderer/RenderStateShard$TexturingStateShard;} {} {V}
[30Jul2025 14:46:04.550] [main/DEBUG] [cpw.mods.modlauncher.TransformStore/MODLAUNCHER]: Adding transformer optifine.OptiFineTransformer@78010562 to Target : PRE_CLASS {Lcom/mojang/blaze3d/vertex/VertexFormat;} {} {V}
[30Jul2025 14:46:04.550] [main/DEBUG] [cpw.mods.modlauncher.TransformStore/MODLAUNCHER]: Adding transformer optifine.OptiFineTransformer@78010562 to Target : PRE_CLASS {Lnet/minecraft/client/particle/Particle;} {} {V}
[30Jul2025 14:46:04.550] [main/DEBUG] [cpw.mods.modlauncher.TransformStore/MODLAUNCHER]: Adding transformer optifine.OptiFineTransformer@78010562 to Target : PRE_CLASS {Lnet/minecraft/client/renderer/FogRenderer$DarknessFogFunction;} {} {V}
[30Jul2025 14:46:04.550] [main/DEBUG] [cpw.mods.modlauncher.TransformStore/MODLAUNCHER]: Adding transformer optifine.OptiFineTransformer@78010562 to Target : PRE_CLASS {Lnet/minecraft/client/renderer/block/ModelBlockRenderer$Cache$2;} {} {V}
[30Jul2025 14:46:04.551] [main/DEBUG] [cpw.mods.modlauncher.TransformStore/MODLAUNCHER]: Adding transformer optifine.OptiFineTransformer@78010562 to Target : PRE_CLASS {Lnet/minecraft/world/level/levelgen/blending/Blender$CellValueGetter;} {} {V}
[30Jul2025 14:46:04.551] [main/DEBUG] [cpw.mods.modlauncher.TransformStore/MODLAUNCHER]: Adding transformer optifine.OptiFineTransformer@78010562 to Target : PRE_CLASS {Lcom/mojang/blaze3d/vertex/VertexFormat$Mode;} {} {V}
[30Jul2025 14:46:04.551] [main/DEBUG] [cpw.mods.modlauncher.TransformStore/MODLAUNCHER]: Adding transformer optifine.OptiFineTransformer@78010562 to Target : PRE_CLASS {Lnet/minecraft/client/OptionInstance$ValueSet;} {} {V}
[30Jul2025 14:46:04.551] [main/DEBUG] [cpw.mods.modlauncher.TransformStore/MODLAUNCHER]: Adding transformer optifine.OptiFineTransformer@78010562 to Target : PRE_CLASS {Lnet/minecraft/world/level/levelgen/blending/Blender$DistanceGetter;} {} {V}
[30Jul2025 14:46:04.551] [main/DEBUG] [cpw.mods.modlauncher.TransformStore/MODLAUNCHER]: Adding transformer optifine.OptiFineTransformer@78010562 to Target : PRE_CLASS {Lnet/minecraft/client/renderer/texture/TextureAtlasSprite$1;} {} {V}
[30Jul2025 14:46:04.551] [main/DEBUG] [cpw.mods.modlauncher.TransformStore/MODLAUNCHER]: Adding transformer optifine.OptiFineTransformer@78010562 to Target : PRE_CLASS {Lnet/minecraft/client/renderer/chunk/ChunkRenderDispatcher$RenderChunk$ChunkCompileTask;} {} {V}
[30Jul2025 14:46:04.551] [main/DEBUG] [cpw.mods.modlauncher.TransformStore/MODLAUNCHER]: Adding transformer optifine.OptiFineTransformer@78010562 to Target : PRE_CLASS {Lnet/minecraft/client/renderer/entity/layers/ParrotOnShoulderLayer;} {} {V}
[30Jul2025 14:46:04.551] [main/DEBUG] [cpw.mods.modlauncher.TransformStore/MODLAUNCHER]: Adding transformer optifine.OptiFineTransformer@78010562 to Target : PRE_CLASS {Lnet/minecraft/world/level/entity/EntitySection;} {} {V}
[30Jul2025 14:46:04.551] [main/DEBUG] [cpw.mods.modlauncher.TransformStore/MODLAUNCHER]: Adding transformer optifine.OptiFineTransformer@78010562 to Target : PRE_CLASS {Lnet/minecraft/world/level/block/state/properties/Property;} {} {V}
[30Jul2025 14:46:04.551] [main/DEBUG] [cpw.mods.modlauncher.TransformStore/MODLAUNCHER]: Adding transformer optifine.OptiFineTransformer@78010562 to Target : PRE_CLASS {Lnet/minecraft/client/renderer/ViewArea;} {} {V}
[30Jul2025 14:46:04.551] [main/DEBUG] [cpw.mods.modlauncher.TransformStore/MODLAUNCHER]: Adding transformer optifine.OptiFineTransformer@78010562 to Target : PRE_CLASS {Lcom/mojang/blaze3d/platform/GlStateManager$DepthState;} {} {V}
[30Jul2025 14:46:04.551] [main/DEBUG] [cpw.mods.modlauncher.TransformStore/MODLAUNCHER]: Adding transformer optifine.OptiFineTransformer@78010562 to Target : PRE_CLASS {Lnet/minecraft/client/renderer/RenderStateShard$MultiTextureStateShard$Builder;} {} {V}
[30Jul2025 14:46:04.552] [main/DEBUG] [cpw.mods.modlauncher.TransformStore/MODLAUNCHER]: Adding transformer optifine.OptiFineTransformer@78010562 to Target : PRE_CLASS {Lnet/minecraft/client/multiplayer/ClientLevel;} {} {V}
[30Jul2025 14:46:04.552] [main/DEBUG] [cpw.mods.modlauncher.TransformStore/MODLAUNCHER]: Adding transformer optifine.OptiFineTransformer@78010562 to Target : PRE_CLASS {Lnet/minecraft/client/renderer/FogRenderer$MobEffectFogFunction;} {} {V}
[30Jul2025 14:46:04.555] [main/DEBUG] [cpw.mods.modlauncher.TransformStore/MODLAUNCHER]: Adding transformer optifine.OptiFineTransformer@78010562 to Target : PRE_CLASS {Lnet/minecraft/client/gui/Font$DisplayMode;} {} {V}
[30Jul2025 14:46:04.555] [main/DEBUG] [cpw.mods.modlauncher.TransformStore/MODLAUNCHER]: Adding transformer optifine.OptiFineTransformer@78010562 to Target : PRE_CLASS {Lnet/minecraft/server/level/DistanceManager$FixedPlayerDistanceChunkTracker;} {} {V}
[30Jul2025 14:46:04.555] [main/DEBUG] [cpw.mods.modlauncher.TransformStore/MODLAUNCHER]: Adding transformer optifine.OptiFineTransformer@78010562 to Target : PRE_CLASS {Lnet/minecraft/client/renderer/block/ModelBlockRenderer;} {} {V}
[30Jul2025 14:46:04.555] [main/DEBUG] [cpw.mods.modlauncher.TransformStore/MODLAUNCHER]: Adding transformer optifine.OptiFineTransformer@78010562 to Target : PRE_CLASS {Lcom/mojang/blaze3d/vertex/VertexMultiConsumer$Multiple;} {} {V}
[30Jul2025 14:46:04.555] [main/DEBUG] [cpw.mods.modlauncher.TransformStore/MODLAUNCHER]: Adding transformer optifine.OptiFineTransformer@78010562 to Target : PRE_CLASS {Lcom/mojang/blaze3d/platform/NativeImage$InternalGlFormat;} {} {V}
[30Jul2025 14:46:04.555] [main/DEBUG] [cpw.mods.modlauncher.TransformStore/MODLAUNCHER]: Adding transformer optifine.OptiFineTransformer@78010562 to Target : PRE_CLASS {Lnet/minecraft/client/gui/components/ChatComponent;} {} {V}
[30Jul2025 14:46:04.555] [main/DEBUG] [cpw.mods.modlauncher.TransformStore/MODLAUNCHER]: Adding transformer optifine.OptiFineTransformer@78010562 to Target : PRE_CLASS {Lnet/minecraft/client/resources/model/ModelBakery$ModelGroupKey;} {} {V}
[30Jul2025 14:46:04.555] [main/DEBUG] [cpw.mods.modlauncher.TransformStore/MODLAUNCHER]: Adding transformer optifine.OptiFineTransformer@78010562 to Target : PRE_CLASS {Lnet/minecraft/client/OptionInstance$SliderableOrCyclableValueSet;} {} {V}
[30Jul2025 14:46:04.555] [main/DEBUG] [cpw.mods.modlauncher.TransformStore/MODLAUNCHER]: Adding transformer optifine.OptiFineTransformer@78010562 to Target : PRE_CLASS {Lnet/minecraft/server/packs/VanillaPackResources;} {} {V}
[30Jul2025 14:46:04.555] [main/DEBUG] [cpw.mods.modlauncher.TransformStore/MODLAUNCHER]: Adding transformer optifine.OptiFineTransformer@78010562 to Target : PRE_CLASS {Lnet/minecraft/client/OptionInstance$SliderableValueSet;} {} {V}
[30Jul2025 14:46:04.556] [main/DEBUG] [cpw.mods.modlauncher.TransformStore/MODLAUNCHER]: Adding transformer optifine.OptiFineTransformer@78010562 to Target : PRE_CLASS {Lnet/minecraft/world/item/ItemUtils;} {} {V}
[30Jul2025 14:46:04.556] [main/DEBUG] [cpw.mods.modlauncher.TransformStore/MODLAUNCHER]: Adding transformer optifine.OptiFineTransformer@78010562 to Target : PRE_CLASS {Lnet/minecraft/world/entity/Mob$1;} {} {V}
[30Jul2025 14:46:04.556] [main/DEBUG] [cpw.mods.modlauncher.TransformStore/MODLAUNCHER]: Adding transformer optifine.OptiFineTransformer@78010562 to Target : PRE_CLASS {Lnet/minecraft/client/renderer/entity/ItemFrameRenderer;} {} {V}
[30Jul2025 14:46:04.556] [main/DEBUG] [cpw.mods.modlauncher.TransformStore/MODLAUNCHER]: Adding transformer optifine.OptiFineTransformer@78010562 to Target : PRE_CLASS {Lnet/minecraft/client/renderer/block/model/ItemOverrides$PropertyMatcher;} {} {V}
[30Jul2025 14:46:04.556] [main/DEBUG] [cpw.mods.modlauncher.TransformStore/MODLAUNCHER]: Adding transformer optifine.OptiFineTransformer@78010562 to Target : PRE_CLASS {Lnet/minecraft/client/renderer/block/model/ItemOverrides$BakedOverride;} {} {V}
[30Jul2025 14:46:04.556] [main/DEBUG] [cpw.mods.modlauncher.TransformStore/MODLAUNCHER]: Adding transformer optifine.OptiFineTransformer@78010562 to Target : PRE_CLASS {Lnet/minecraft/client/renderer/RenderType$OutlineProperty;} {} {V}
[30Jul2025 14:46:04.556] [main/DEBUG] [cpw.mods.modlauncher.TransformStore/MODLAUNCHER]: Adding transformer optifine.OptiFineTransformer@78010562 to Target : PRE_CLASS {Lnet/minecraft/server/packs/resources/ReloadableResourceManager;} {} {V}
[30Jul2025 14:46:04.556] [main/DEBUG] [cpw.mods.modlauncher.TransformStore/MODLAUNCHER]: Adding transformer optifine.OptiFineTransformer@78010562 to Target : PRE_CLASS {Lnet/minecraft/client/server/IntegratedServer;} {} {V}
[30Jul2025 14:46:04.556] [main/DEBUG] [cpw.mods.modlauncher.TransformStore/MODLAUNCHER]: Adding transformer optifine.OptiFineTransformer@78010562 to Target : PRE_CLASS {Lnet/minecraft/client/gui/components/BossHealthOverlay;} {} {V}
[30Jul2025 14:46:04.556] [main/DEBUG] [cpw.mods.modlauncher.TransformStore/MODLAUNCHER]: Adding transformer optifine.OptiFineTransformer@78010562 to Target : PRE_CLASS {Lnet/minecraft/client/OptionInstance$IntRangeBase$1;} {} {V}
[30Jul2025 14:46:04.556] [main/DEBUG] [cpw.mods.modlauncher.TransformStore/MODLAUNCHER]: Adding transformer optifine.OptiFineTransformer@78010562 to Target : PRE_CLASS {Lnet/minecraft/client/particle/ParticleEngine$ParticleDefinition;} {} {V}
[30Jul2025 14:46:04.556] [main/DEBUG] [cpw.mods.modlauncher.TransformStore/MODLAUNCHER]: Adding transformer optifine.OptiFineTransformer@78010562 to Target : PRE_CLASS {Lnet/minecraft/client/renderer/RenderStateShard$TransparencyStateShard;} {} {V}
[30Jul2025 14:46:04.557] [main/DEBUG] [cpw.mods.modlauncher.TransformStore/MODLAUNCHER]: Adding transformer optifine.OptiFineTransformer@78010562 to Target : PRE_CLASS {Lcom/mojang/blaze3d/platform/GlStateManager$DestFactor;} {} {V}
[30Jul2025 14:46:04.557] [main/DEBUG] [cpw.mods.modlauncher.TransformStore/MODLAUNCHER]: Adding transformer optifine.OptiFineTransformer@78010562 to Target : PRE_CLASS {Lnet/minecraft/client/Camera$NearPlane;} {} {V}
[30Jul2025 14:46:04.557] [main/DEBUG] [cpw.mods.modlauncher.TransformStore/MODLAUNCHER]: Adding transformer optifine.OptiFineTransformer@78010562 to Target : PRE_CLASS {Lnet/minecraft/world/item/DyeColor;} {} {V}
[30Jul2025 14:46:04.557] [main/DEBUG] [cpw.mods.modlauncher.TransformStore/MODLAUNCHER]: Adding transformer optifine.OptiFineTransformer@78010562 to Target : PRE_CLASS {Lnet/minecraft/world/level/chunk/PalettedContainer$CountConsumer;} {} {V}
[30Jul2025 14:46:04.557] [main/DEBUG] [cpw.mods.modlauncher.TransformStore/MODLAUNCHER]: Adding transformer optifine.OptiFineTransformer@78010562 to Target : PRE_CLASS {Lnet/minecraft/client/renderer/texture/TextureManager;} {} {V}
[30Jul2025 14:46:04.557] [main/DEBUG] [cpw.mods.modlauncher.TransformStore/MODLAUNCHER]: Adding transformer optifine.OptiFineTransformer@78010562 to Target : PRE_CLASS {Lnet/minecraft/client/renderer/texture/SpriteContents$Ticker;} {} {V}
[30Jul2025 14:46:04.557] [main/DEBUG] [cpw.mods.modlauncher.TransformStore/MODLAUNCHER]: Adding transformer optifine.OptiFineTransformer@78010562 to Target : PRE_CLASS {Lnet/minecraft/world/level/chunk/LevelChunkSection;} {} {V}
[30Jul2025 14:46:04.557] [main/DEBUG] [cpw.mods.modlauncher.TransformStore/MODLAUNCHER]: Adding transformer optifine.OptiFineTransformer@78010562 to Target : PRE_CLASS {Lnet/minecraft/client/renderer/FogRenderer$FogData;} {} {V}
[30Jul2025 14:46:04.557] [main/DEBUG] [cpw.mods.modlauncher.TransformStore/MODLAUNCHER]: Adding transformer optifine.OptiFineTransformer@78010562 to Target : PRE_CLASS {Lnet/minecraft/Util$9;} {} {V}
[30Jul2025 14:46:04.557] [main/DEBUG] [cpw.mods.modlauncher.TransformStore/MODLAUNCHER]: Adding transformer optifine.OptiFineTransformer@78010562 to Target : PRE_CLASS {Lnet/minecraft/client/particle/ParticleEngine;} {} {V}
[30Jul2025 14:46:04.557] [main/DEBUG] [cpw.mods.modlauncher.TransformStore/MODLAUNCHER]: Adding transformer optifine.OptiFineTransformer@78010562 to Target : PRE_CLASS {Lnet/minecraft/client/renderer/block/BlockRenderDispatcher;} {} {V}
[30Jul2025 14:46:04.558] [main/DEBUG] [cpw.mods.modlauncher.TransformStore/MODLAUNCHER]: Adding transformer optifine.OptiFineTransformer@78010562 to Target : PRE_CLASS {Lnet/minecraft/client/renderer/chunk/ChunkRenderDispatcher;} {} {V}
[30Jul2025 14:46:04.561] [main/DEBUG] [cpw.mods.modlauncher.TransformStore/MODLAUNCHER]: Adding transformer optifine.OptiFineTransformer@78010562 to Target : PRE_CLASS {Lnet/minecraft/client/gui/font/FontSet$GlyphInfoFilter;} {} {V}
[30Jul2025 14:46:04.561] [main/DEBUG] [cpw.mods.modlauncher.TransformStore/MODLAUNCHER]: Adding transformer optifine.OptiFineTransformer@78010562 to Target : PRE_CLASS {Lnet/minecraft/client/gui/font/glyphs/BakedGlyph;} {} {V}
[30Jul2025 14:46:04.561] [main/DEBUG] [cpw.mods.modlauncher.TransformStore/MODLAUNCHER]: Adding transformer optifine.OptiFineTransformer@78010562 to Target : PRE_CLASS {Lcom/mojang/blaze3d/platform/GlDebug$LogEntry;} {} {V}
[30Jul2025 14:46:04.561] [main/DEBUG] [cpw.mods.modlauncher.TransformStore/MODLAUNCHER]: Adding transformer optifine.OptiFineTransformer@78010562 to Target : PRE_CLASS {Lnet/minecraft/server/level/ChunkLevel$1;} {} {V}
[30Jul2025 14:46:04.561] [main/DEBUG] [cpw.mods.modlauncher.TransformStore/MODLAUNCHER]: Adding transformer optifine.OptiFineTransformer@78010562 to Target : PRE_CLASS {Lnet/minecraft/client/gui/screens/VideoSettingsScreen;} {} {V}
[30Jul2025 14:46:04.561] [main/DEBUG] [cpw.mods.modlauncher.TransformStore/MODLAUNCHER]: Adding transformer optifine.OptiFineTransformer@78010562 to Target : PRE_CLASS {Lnet/minecraft/world/level/block/entity/BlockEntity;} {} {V}
[30Jul2025 14:46:04.561] [main/DEBUG] [cpw.mods.modlauncher.TransformStore/MODLAUNCHER]: Adding transformer optifine.OptiFineTransformer@78010562 to Target : PRE_CLASS {Lnet/minecraft/client/Options$3;} {} {V}
[30Jul2025 14:46:04.561] [main/DEBUG] [cpw.mods.modlauncher.TransformStore/MODLAUNCHER]: Adding transformer optifine.OptiFineTransformer@78010562 to Target : PRE_CLASS {Lnet/minecraft/client/resources/model/BakedModel;} {} {V}
[30Jul2025 14:46:04.561] [main/DEBUG] [cpw.mods.modlauncher.TransformStore/MODLAUNCHER]: Adding transformer optifine.OptiFineTransformer@78010562 to Target : PRE_CLASS {Lnet/minecraft/client/OptionInstance$CaptionBasedToString;} {} {V}
[30Jul2025 14:46:04.562] [main/DEBUG] [cpw.mods.modlauncher.TransformStore/MODLAUNCHER]: Adding transformer optifine.OptiFineTransformer@78010562 to Target : PRE_CLASS {Lnet/minecraft/client/renderer/GameRenderer$ResourceCache;} {} {V}
[30Jul2025 14:46:04.562] [main/DEBUG] [cpw.mods.modlauncher.TransformStore/MODLAUNCHER]: Adding transformer optifine.OptiFineTransformer@78010562 to Target : PRE_CLASS {Lnet/minecraft/client/renderer/ScreenEffectRenderer;} {} {V}
[30Jul2025 14:46:04.562] [main/DEBUG] [cpw.mods.modlauncher.TransformStore/MODLAUNCHER]: Adding transformer optifine.OptiFineTransformer@78010562 to Target : PRE_CLASS {Lnet/minecraft/client/resources/metadata/animation/AnimationMetadataSection;} {} {V}
[30Jul2025 14:46:04.562] [main/DEBUG] [cpw.mods.modlauncher.TransformStore/MODLAUNCHER]: Adding transformer optifine.OptiFineTransformer@78010562 to Target : PRE_CLASS {Lnet/minecraft/client/particle/ParticleEngine$SpriteParticleRegistration;} {} {V}
[30Jul2025 14:46:04.562] [main/DEBUG] [cpw.mods.modlauncher.TransformStore/MODLAUNCHER]: Adding transformer optifine.OptiFineTransformer@78010562 to Target : PRE_CLASS {Lnet/minecraft/server/level/DistanceManager$PlayerTicketTracker;} {} {V}
[30Jul2025 14:46:04.562] [main/DEBUG] [cpw.mods.modlauncher.TransformStore/MODLAUNCHER]: Adding transformer optifine.OptiFineTransformer@78010562 to Target : PRE_CLASS {Lnet/minecraft/client/renderer/RenderType$CompositeState;} {} {V}
[30Jul2025 14:46:04.562] [main/DEBUG] [cpw.mods.modlauncher.TransformStore/MODLAUNCHER]: Adding transformer optifine.OptiFineTransformer@78010562 to Target : PRE_CLASS {Lnet/minecraft/client/renderer/texture/StitcherException;} {} {V}
[30Jul2025 14:46:04.562] [main/DEBUG] [cpw.mods.modlauncher.TransformStore/MODLAUNCHER]: Adding transformer optifine.OptiFineTransformer@78010562 to Target : PRE_CLASS {Lnet/minecraft/client/gui/font/FontSet;} {} {V}
[30Jul2025 14:46:04.562] [main/DEBUG] [cpw.mods.modlauncher.TransformStore/MODLAUNCHER]: Adding transformer optifine.OptiFineTransformer@78010562 to Target : PRE_CLASS {Lnet/minecraft/client/OptionInstance$OptionInstanceSliderButton;} {} {V}
[30Jul2025 14:46:04.563] [main/DEBUG] [cpw.mods.modlauncher.TransformStore/MODLAUNCHER]: Adding transformer optifine.OptiFineTransformer@78010562 to Target : PRE_CLASS {Lnet/minecraft/client/resources/model/WeightedBakedModel;} {} {V}
[30Jul2025 14:46:04.563] [main/DEBUG] [cpw.mods.modlauncher.TransformStore/MODLAUNCHER]: Adding transformer optifine.OptiFineTransformer@78010562 to Target : PRE_CLASS {Lnet/minecraft/client/renderer/texture/SimpleTexture$TextureImage;} {} {V}
[30Jul2025 14:46:04.563] [main/DEBUG] [cpw.mods.modlauncher.TransformStore/MODLAUNCHER]: Adding transformer optifine.OptiFineTransformer@78010562 to Target : PRE_CLASS {Lnet/minecraft/Util$5;} {} {V}
[30Jul2025 14:46:04.563] [main/DEBUG] [cpw.mods.modlauncher.TransformStore/MODLAUNCHER]: Adding transformer optifine.OptiFineTransformer@78010562 to Target : PRE_CLASS {Lnet/minecraft/core/Direction$Axis$3;} {} {V}
[30Jul2025 14:46:04.563] [main/DEBUG] [cpw.mods.modlauncher.TransformStore/MODLAUNCHER]: Adding transformer optifine.OptiFineTransformer@78010562 to Target : PRE_CLASS {Lnet/minecraft/client/gui/Font;} {} {V}
[30Jul2025 14:46:04.563] [main/DEBUG] [cpw.mods.modlauncher.TransformStore/MODLAUNCHER]: Adding transformer optifine.OptiFineTransformer@78010562 to Target : PRE_CLASS {Lnet/minecraft/client/gui/screens/ProgressScreen;} {} {V}
[30Jul2025 14:46:04.563] [main/DEBUG] [cpw.mods.modlauncher.TransformStore/MODLAUNCHER]: Adding transformer optifine.OptiFineTransformer@78010562 to Target : PRE_CLASS {Lnet/minecraft/client/renderer/texture/SpriteTicker;} {} {V}
[30Jul2025 14:46:04.563] [main/DEBUG] [cpw.mods.modlauncher.TransformStore/MODLAUNCHER]: Adding transformer optifine.OptiFineTransformer@78010562 to Target : PRE_CLASS {Lnet/minecraft/client/resources/model/ModelBaker;} {} {V}
[30Jul2025 14:46:04.563] [main/DEBUG] [cpw.mods.modlauncher.TransformStore/MODLAUNCHER]: Adding transformer optifine.OptiFineTransformer@78010562 to Target : PRE_CLASS {Lnet/minecraft/client/renderer/block/model/ItemOverrides;} {} {V}
[30Jul2025 14:46:04.563] [main/DEBUG] [cpw.mods.modlauncher.TransformStore/MODLAUNCHER]: Adding transformer optifine.OptiFineTransformer@78010562 to Target : PRE_CLASS {Lnet/minecraft/client/OptionInstance$IntRange;} {} {V}
[30Jul2025 14:46:04.563] [main/DEBUG] [cpw.mods.modlauncher.TransformStore/MODLAUNCHER]: Adding transformer optifine.OptiFineTransformer@78010562 to Target : PRE_CLASS {Lcom/mojang/blaze3d/platform/NativeImage;} {} {V}
[30Jul2025 14:46:04.563] [main/DEBUG] [cpw.mods.modlauncher.TransformStore/MODLAUNCHER]: Adding transformer optifine.OptiFineTransformer@78010562 to Target : PRE_CLASS {Lnet/minecraft/client/gui/Gui$HeartType;} {} {V}
[30Jul2025 14:46:04.564] [main/DEBUG] [cpw.mods.modlauncher.TransformStore/MODLAUNCHER]: Adding transformer optifine.OptiFineTransformer@78010562 to Target : PRE_CLASS {Lnet/minecraft/world/level/biome/Biomes;} {} {V}
[30Jul2025 14:46:04.564] [main/DEBUG] [cpw.mods.modlauncher.TransformStore/MODLAUNCHER]: Adding transformer optifine.OptiFineTransformer@78010562 to Target : PRE_CLASS {Lnet/minecraft/client/GuiMessage$Line;} {} {V}
[30Jul2025 14:46:04.566] [main/DEBUG] [cpw.mods.modlauncher.TransformStore/MODLAUNCHER]: Adding transformer optifine.OptiFineTransformer@78010562 to Target : PRE_CLASS {Lnet/minecraft/util/BitStorage;} {} {V}
[30Jul2025 14:46:04.566] [main/DEBUG] [cpw.mods.modlauncher.TransformStore/MODLAUNCHER]: Adding transformer optifine.OptiFineTransformer@78010562 to Target : PRE_CLASS {Lcom/mojang/blaze3d/vertex/VertexConsumer;} {} {V}
[30Jul2025 14:46:04.567] [main/DEBUG] [cpw.mods.modlauncher.TransformStore/MODLAUNCHER]: Adding transformer optifine.OptiFineTransformer@78010562 to Target : PRE_CLASS {Lnet/minecraft/client/renderer/chunk/RenderRegionCache$ChunkInfo;} {} {V}
[30Jul2025 14:46:04.570] [main/DEBUG] [cpw.mods.modlauncher.TransformStore/MODLAUNCHER]: Adding transformer optifine.OptiFineTransformer@78010562 to Target : PRE_CLASS {Lcom/mojang/blaze3d/platform/Monitor;} {} {V}
[30Jul2025 14:46:04.570] [main/DEBUG] [cpw.mods.modlauncher.TransformStore/MODLAUNCHER]: Adding transformer optifine.OptiFineTransformer@78010562 to Target : PRE_CLASS {Lnet/minecraft/server/level/ChunkMap$1;} {} {V}
[30Jul2025 14:46:04.570] [main/DEBUG] [cpw.mods.modlauncher.TransformStore/MODLAUNCHER]: Adding transformer optifine.OptiFineTransformer@78010562 to Target : PRE_CLASS {Lnet/minecraft/client/renderer/blockentity/SkullBlockRenderer;} {} {V}
[30Jul2025 14:46:04.570] [main/DEBUG] [cpw.mods.modlauncher.TransformStore/MODLAUNCHER]: Adding transformer optifine.OptiFineTransformer@78010562 to Target : PRE_CLASS {Lnet/minecraft/client/renderer/entity/ExperienceOrbRenderer;} {} {V}
[30Jul2025 14:46:04.570] [main/DEBUG] [cpw.mods.modlauncher.TransformStore/MODLAUNCHER]: Adding transformer optifine.OptiFineTransformer@78010562 to Target : PRE_CLASS {Lnet/minecraft/client/renderer/texture/HttpTexture;} {} {V}
[30Jul2025 14:46:04.570] [main/DEBUG] [cpw.mods.modlauncher.TransformStore/MODLAUNCHER]: Adding transformer optifine.OptiFineTransformer@78010562 to Target : PRE_CLASS {Lnet/minecraft/client/renderer/RenderStateShard$WriteMaskStateShard;} {} {V}
[30Jul2025 14:46:04.570] [main/DEBUG] [cpw.mods.modlauncher.TransformStore/MODLAUNCHER]: Adding transformer optifine.OptiFineTransformer@78010562 to Target : PRE_CLASS {Lnet/minecraft/client/renderer/entity/layers/SlimeOuterLayer;} {} {V}
[30Jul2025 14:46:04.570] [main/DEBUG] [cpw.mods.modlauncher.TransformStore/MODLAUNCHER]: Adding transformer optifine.OptiFineTransformer@78010562 to Target : PRE_CLASS {Lnet/minecraft/resources/ResourceLocation$Dummy;} {} {V}
[30Jul2025 14:46:04.570] [main/DEBUG] [cpw.mods.modlauncher.TransformStore/MODLAUNCHER]: Adding transformer optifine.OptiFineTransformer@78010562 to Target : PRE_CLASS {Lnet/minecraft/client/renderer/texture/DynamicTexture;} {} {V}
[30Jul2025 14:46:04.571] [main/DEBUG] [cpw.mods.modlauncher.TransformStore/MODLAUNCHER]: Adding transformer optifine.OptiFineTransformer@78010562 to Target : PRE_CLASS {Lnet/minecraft/client/renderer/entity/layers/WardenEmissiveLayer$AlphaFunction;} {} {V}
[30Jul2025 14:46:04.571] [main/DEBUG] [cpw.mods.modlauncher.TransformStore/MODLAUNCHER]: Adding transformer optifine.OptiFineTransformer@78010562 to Target : PRE_CLASS {Lcom/mojang/blaze3d/systems/RenderSystem$AutoStorageIndexBuffer$IndexGenerator;} {} {V}
[30Jul2025 14:46:04.571] [main/DEBUG] [cpw.mods.modlauncher.TransformStore/MODLAUNCHER]: Adding transformer optifine.OptiFineTransformer@78010562 to Target : PRE_CLASS {Lcom/mojang/blaze3d/platform/GlStateManager$BooleanState;} {} {V}
[30Jul2025 14:46:04.571] [main/DEBUG] [cpw.mods.modlauncher.TransformStore/MODLAUNCHER]: Adding transformer optifine.OptiFineTransformer@78010562 to Target : PRE_CLASS {Lnet/minecraft/client/renderer/texture/MissingTextureAtlasSprite;} {} {V}
[30Jul2025 14:46:04.571] [main/DEBUG] [cpw.mods.modlauncher.TransformStore/MODLAUNCHER]: Adding transformer optifine.OptiFineTransformer@78010562 to Target : PRE_CLASS {Lnet/minecraft/client/renderer/RenderStateShard$LineStateShard;} {} {V}
[30Jul2025 14:46:04.571] [main/DEBUG] [cpw.mods.modlauncher.TransformStore/MODLAUNCHER]: Adding transformer optifine.OptiFineTransformer@78010562 to Target : PRE_CLASS {Lnet/minecraft/core/Direction$Axis$1;} {} {V}
[30Jul2025 14:46:04.571] [main/DEBUG] [cpw.mods.modlauncher.TransformStore/MODLAUNCHER]: Adding transformer optifine.OptiFineTransformer@78010562 to Target : PRE_CLASS {Lcom/mojang/blaze3d/platform/GlStateManager$CullState;} {} {V}
[30Jul2025 14:46:04.571] [main/DEBUG] [cpw.mods.modlauncher.TransformStore/MODLAUNCHER]: Adding transformer optifine.OptiFineTransformer@78010562 to Target : PRE_CLASS {Lnet/minecraft/Util$OS;} {} {V}
[30Jul2025 14:46:04.571] [main/DEBUG] [cpw.mods.modlauncher.TransformStore/MODLAUNCHER]: Adding transformer optifine.OptiFineTransformer@78010562 to Target : PRE_CLASS {Lnet/minecraft/client/renderer/texture/atlas/SpriteResourceLoader;} {} {V}
[30Jul2025 14:46:04.571] [main/DEBUG] [cpw.mods.modlauncher.TransformStore/MODLAUNCHER]: Adding transformer optifine.OptiFineTransformer@78010562 to Target : PRE_CLASS {Lnet/minecraft/client/renderer/MultiBufferSource$BufferSource;} {} {V}
[30Jul2025 14:46:04.571] [main/DEBUG] [cpw.mods.modlauncher.TransformStore/MODLAUNCHER]: Adding transformer optifine.OptiFineTransformer@78010562 to Target : PRE_CLASS {Lnet/minecraft/client/OptionInstance$LazyEnum;} {} {V}
[30Jul2025 14:46:04.571] [main/DEBUG] [cpw.mods.modlauncher.TransformStore/MODLAUNCHER]: Adding transformer optifine.OptiFineTransformer@78010562 to Target : PRE_CLASS {Lnet/minecraft/client/renderer/BlockEntityWithoutLevelRenderer;} {} {V}
[30Jul2025 14:46:04.572] [main/DEBUG] [cpw.mods.modlauncher.TransformStore/MODLAUNCHER]: Adding transformer optifine.OptiFineTransformer@78010562 to Target : PRE_CLASS {Lnet/minecraft/client/OptionInstance;} {} {V}
[30Jul2025 14:46:04.572] [main/DEBUG] [cpw.mods.modlauncher.TransformStore/MODLAUNCHER]: Adding transformer optifine.OptiFineTransformer@78010562 to Target : PRE_CLASS {Lnet/minecraft/client/renderer/ShaderInstance$1;} {} {V}
[30Jul2025 14:46:04.572] [main/DEBUG] [cpw.mods.modlauncher.TransformStore/MODLAUNCHER]: Adding transformer optifine.OptiFineTransformer@78010562 to Target : PRE_CLASS {Lnet/minecraft/util/SimpleBitStorage$InitializationException;} {} {V}
[30Jul2025 14:46:04.572] [main/DEBUG] [cpw.mods.modlauncher.TransformStore/MODLAUNCHER]: Adding transformer optifine.OptiFineTransformer@78010562 to Target : PRE_CLASS {Lnet/minecraft/client/renderer/entity/layers/WolfCollarLayer;} {} {V}
[30Jul2025 14:46:04.572] [main/DEBUG] [cpw.mods.modlauncher.TransformStore/MODLAUNCHER]: Adding transformer optifine.OptiFineTransformer@78010562 to Target : PRE_CLASS {Lnet/minecraft/client/gui/components/CycleButton$Builder;} {} {V}
[30Jul2025 14:46:04.572] [main/DEBUG] [cpw.mods.modlauncher.TransformStore/MODLAUNCHER]: Adding transformer optifine.OptiFineTransformer@78010562 to Target : PRE_CLASS {Lnet/minecraft/util/SimpleBitStorage;} {} {V}
[30Jul2025 14:46:04.572] [main/DEBUG] [cpw.mods.modlauncher.TransformStore/MODLAUNCHER]: Adding transformer optifine.OptiFineTransformer@78010562 to Target : PRE_CLASS {Lcom/mojang/blaze3d/pipeline/RenderTarget;} {} {V}
[30Jul2025 14:46:04.572] [main/DEBUG] [cpw.mods.modlauncher.TransformStore/MODLAUNCHER]: Adding transformer optifine.OptiFineTransformer@78010562 to Target : PRE_CLASS {Lnet/minecraft/world/entity/EntityEvent;} {} {V}
[30Jul2025 14:46:04.572] [main/DEBUG] [cpw.mods.modlauncher.TransformStore/MODLAUNCHER]: Adding transformer optifine.OptiFineTransformer@78010562 to Target : PRE_CLASS {Lnet/minecraft/client/gui/components/BossHealthOverlay$1;} {} {V}
[30Jul2025 14:46:04.572] [main/DEBUG] [cpw.mods.modlauncher.TransformStore/MODLAUNCHER]: Adding transformer optifine.OptiFineTransformer@78010562 to Target : PRE_CLASS {Lnet/minecraft/client/OptionInstance$Enum;} {} {V}
[30Jul2025 14:46:04.573] [main/DEBUG] [cpw.mods.modlauncher.TransformStore/MODLAUNCHER]: Adding transformer optifine.OptiFineTransformer@78010562 to Target : PRE_CLASS {Lnet/minecraft/world/level/chunk/PalettedContainer$Strategy;} {} {V}
[30Jul2025 14:46:04.573] [main/DEBUG] [cpw.mods.modlauncher.TransformStore/MODLAUNCHER]: Adding transformer optifine.OptiFineTransformer@78010562 to Target : PRE_CLASS {Lnet/minecraft/client/renderer/block/LiquidBlockRenderer;} {} {V}
[30Jul2025 14:46:04.573] [main/DEBUG] [cpw.mods.modlauncher.TransformStore/MODLAUNCHER]: Adding transformer optifine.OptiFineTransformer@78010562 to Target : PRE_CLASS {Lnet/minecraft/client/OptionInstance$IntRangeBase;} {} {V}
[30Jul2025 14:46:04.573] [main/DEBUG] [cpw.mods.modlauncher.TransformStore/MODLAUNCHER]: Adding transformer optifine.OptiFineTransformer@78010562 to Target : PRE_CLASS {Lnet/minecraft/client/particle/ParticleEngine$MutableSpriteSet;} {} {V}
[30Jul2025 14:46:04.573] [main/DEBUG] [cpw.mods.modlauncher.TransformStore/MODLAUNCHER]: Adding transformer optifine.OptiFineTransformer@78010562 to Target : PRE_CLASS {Lnet/minecraft/client/renderer/chunk/ChunkRenderDispatcher$ChunkTaskResult;} {} {V}
[30Jul2025 14:46:04.573] [main/DEBUG] [cpw.mods.modlauncher.TransformStore/MODLAUNCHER]: Adding transformer optifine.OptiFineTransformer@78010562 to Target : PRE_CLASS {Lnet/minecraft/client/renderer/RenderStateShard$EmptyTextureStateShard;} {} {V}
[30Jul2025 14:46:04.573] [main/DEBUG] [cpw.mods.modlauncher.TransformStore/MODLAUNCHER]: Adding transformer optifine.OptiFineTransformer@78010562 to Target : PRE_CLASS {Lcom/mojang/blaze3d/platform/GlStateManager$TextureState;} {} {V}
[30Jul2025 14:46:04.573] [main/DEBUG] [cpw.mods.modlauncher.TransformStore/MODLAUNCHER]: Adding transformer optifine.OptiFineTransformer@78010562 to Target : PRE_CLASS {Lnet/minecraft/client/ClientBrandRetriever;} {} {V}
[30Jul2025 14:46:04.573] [main/DEBUG] [cpw.mods.modlauncher.TransformStore/MODLAUNCHER]: Adding transformer optifine.OptiFineTransformer@78010562 to Target : PRE_CLASS {Lnet/minecraft/client/OptionInstance$CycleableValueSet;} {} {V}
[30Jul2025 14:46:04.573] [main/DEBUG] [cpw.mods.modlauncher.TransformStore/MODLAUNCHER]: Adding transformer optifine.OptiFineTransformer@78010562 to Target : PRE_CLASS {Lnet/minecraft/client/OptionInstance$TooltipSupplier;} {} {V}
[30Jul2025 14:46:04.573] [main/DEBUG] [cpw.mods.modlauncher.TransformStore/MODLAUNCHER]: Adding transformer optifine.OptiFineTransformer@78010562 to Target : PRE_CLASS {Lnet/minecraft/server/packs/FilePackResources;} {} {V}
[30Jul2025 14:46:04.574] [main/DEBUG] [cpw.mods.modlauncher.TransformStore/MODLAUNCHER]: Adding transformer optifine.OptiFineTransformer@78010562 to Target : PRE_CLASS {Lnet/minecraft/client/gui/Font$StringRenderOutput;} {} {V}
[30Jul2025 14:46:04.574] [main/DEBUG] [cpw.mods.modlauncher.TransformStore/MODLAUNCHER]: Adding transformer optifine.OptiFineTransformer@78010562 to Target : PRE_CLASS {Lcom/mojang/blaze3d/vertex/VertexFormat$1;} {} {V}
[30Jul2025 14:46:04.574] [main/DEBUG] [cpw.mods.modlauncher.TransformStore/MODLAUNCHER]: Adding transformer optifine.OptiFineTransformer@78010562 to Target : PRE_CLASS {Lcom/mojang/blaze3d/platform/GlStateManager;} {} {V}
[30Jul2025 14:46:04.574] [main/DEBUG] [cpw.mods.modlauncher.TransformStore/MODLAUNCHER]: Adding transformer optifine.OptiFineTransformer@78010562 to Target : PRE_CLASS {Lnet/minecraft/world/level/chunk/PalettedContainer$Data;} {} {V}
[30Jul2025 14:46:04.574] [main/DEBUG] [cpw.mods.modlauncher.TransformStore/MODLAUNCHER]: Adding transformer optifine.OptiFineTransformer@78010562 to Target : PRE_CLASS {Lnet/minecraft/client/renderer/entity/layers/EyesLayer;} {} {V}
[30Jul2025 14:46:04.574] [main/DEBUG] [cpw.mods.modlauncher.TransformStore/MODLAUNCHER]: Adding transformer optifine.OptiFineTransformer@78010562 to Target : PRE_CLASS {Lnet/minecraft/client/renderer/texture/SpriteContents$FrameInfo;} {} {V}
[30Jul2025 14:46:04.574] [main/DEBUG] [cpw.mods.modlauncher.TransformStore/MODLAUNCHER]: Adding transformer optifine.OptiFineTransformer@78010562 to Target : PRE_CLASS {Lnet/minecraft/client/renderer/entity/MobRenderer;} {} {V}
[30Jul2025 14:46:04.574] [main/DEBUG] [cpw.mods.modlauncher.TransformStore/MODLAUNCHER]: Adding transformer optifine.OptiFineTransformer@78010562 to Target : PRE_CLASS {Lcom/mojang/blaze3d/vertex/BufferUploader;} {} {V}
[30Jul2025 14:46:04.574] [main/DEBUG] [cpw.mods.modlauncher.TransformStore/MODLAUNCHER]: Adding transformer optifine.OptiFineTransformer@78010562 to Target : PRE_CLASS {Lcom/mojang/blaze3d/vertex/VertexBuffer$Usage;} {} {V}
[30Jul2025 14:46:04.574] [main/DEBUG] [cpw.mods.modlauncher.TransformStore/MODLAUNCHER]: Adding transformer optifine.OptiFineTransformer@78010562 to Target : PRE_CLASS {Lnet/minecraft/core/Direction;} {} {V}
[30Jul2025 14:46:04.574] [main/DEBUG] [cpw.mods.modlauncher.TransformStore/MODLAUNCHER]: Adding transformer optifine.OptiFineTransformer@78010562 to Target : PRE_CLASS {Lnet/minecraft/world/level/chunk/PalettedContainer;} {} {V}
[30Jul2025 14:46:04.574] [main/DEBUG] [cpw.mods.modlauncher.TransformStore/MODLAUNCHER]: Adding transformer optifine.OptiFineTransformer@78010562 to Target : PRE_CLASS {Lnet/minecraft/client/renderer/entity/layers/DrownedOuterLayer;} {} {V}
[30Jul2025 14:46:04.575] [main/DEBUG] [cpw.mods.modlauncher.TransformStore/MODLAUNCHER]: Adding transformer optifine.OptiFineTransformer@78010562 to Target : PRE_CLASS {Lnet/minecraft/client/renderer/texture/TextureAtlasSprite$Ticker;} {} {V}
[30Jul2025 14:46:04.578] [main/DEBUG] [cpw.mods.modlauncher.TransformStore/MODLAUNCHER]: Adding transformer optifine.OptiFineTransformer@78010562 to Target : PRE_CLASS {Lnet/minecraft/Util$3;} {} {V}
[30Jul2025 14:46:04.578] [main/DEBUG] [cpw.mods.modlauncher.TransformStore/MODLAUNCHER]: Adding transformer optifine.OptiFineTransformer@78010562 to Target : PRE_CLASS {Lnet/minecraft/CrashReport;} {} {V}
[30Jul2025 14:46:04.578] [main/DEBUG] [cpw.mods.modlauncher.TransformStore/MODLAUNCHER]: Adding transformer optifine.OptiFineTransformer@78010562 to Target : PRE_CLASS {Lnet/minecraft/client/renderer/RenderType$CompositeState$CompositeStateBuilder;} {} {V}
[30Jul2025 14:46:04.578] [main/DEBUG] [cpw.mods.modlauncher.TransformStore/MODLAUNCHER]: Adding transformer optifine.OptiFineTransformer@78010562 to Target : PRE_CLASS {Lnet/minecraft/client/renderer/LevelRenderer$RenderChunkStorage;} {} {V}
[30Jul2025 14:46:04.578] [main/DEBUG] [cpw.mods.modlauncher.TransformStore/MODLAUNCHER]: Adding transformer optifine.OptiFineTransformer@78010562 to Target : PRE_CLASS {Lnet/minecraft/client/renderer/SpriteCoordinateExpander;} {} {V}
[30Jul2025 14:46:04.578] [main/DEBUG] [cpw.mods.modlauncher.TransformStore/MODLAUNCHER]: Adding transformer optifine.OptiFineTransformer@78010562 to Target : PRE_CLASS {Lnet/minecraft/core/Direction$Axis;} {} {V}
[30Jul2025 14:46:04.578] [main/DEBUG] [cpw.mods.modlauncher.TransformStore/MODLAUNCHER]: Adding transformer optifine.OptiFineTransformer@78010562 to Target : PRE_CLASS {Lcom/mojang/blaze3d/vertex/VertexFormatElement$Usage$ClearState;} {} {V}
[30Jul2025 14:46:04.578] [main/DEBUG] [cpw.mods.modlauncher.TransformStore/MODLAUNCHER]: Adding transformer optifine.OptiFineTransformer@78010562 to Target : PRE_CLASS {Lnet/minecraft/client/resources/model/ModelBakery$BlockStateDefinitionException;} {} {V}
[30Jul2025 14:46:04.578] [main/DEBUG] [cpw.mods.modlauncher.TransformStore/MODLAUNCHER]: Adding transformer optifine.OptiFineTransformer@78010562 to Target : PRE_CLASS {Lnet/minecraft/client/renderer/block/ModelBlockRenderer$Cache;} {} {V}
[30Jul2025 14:46:04.579] [main/DEBUG] [cpw.mods.modlauncher.TransformStore/MODLAUNCHER]: Adding transformer optifine.OptiFineTransformer@78010562 to Target : PRE_CLASS {Lcom/mojang/blaze3d/vertex/VertexFormatElement$Type;} {} {V}
[30Jul2025 14:46:04.579] [main/DEBUG] [cpw.mods.modlauncher.TransformStore/MODLAUNCHER]: Adding transformer optifine.OptiFineTransformer@78010562 to Target : PRE_CLASS {Lcom/mojang/blaze3d/vertex/Tesselator;} {} {V}
[30Jul2025 14:46:04.579] [main/DEBUG] [cpw.mods.modlauncher.TransformStore/MODLAUNCHER]: Adding transformer optifine.OptiFineTransformer@78010562 to Target : PRE_CLASS {Lnet/minecraft/client/Options$1;} {} {V}
[30Jul2025 14:46:04.579] [main/DEBUG] [cpw.mods.modlauncher.TransformStore/MODLAUNCHER]: Adding transformer optifine.OptiFineTransformer@78010562 to Target : PRE_CLASS {Lnet/minecraft/world/level/block/state/BlockState;} {} {V}
[30Jul2025 14:46:04.579] [main/DEBUG] [cpw.mods.modlauncher.TransformStore/MODLAUNCHER]: Adding transformer optifine.OptiFineTransformer@78010562 to Target : PRE_CLASS {Lcom/mojang/blaze3d/platform/GlStateManager$SourceFactor;} {} {V}
[30Jul2025 14:46:04.579] [main/DEBUG] [cpw.mods.modlauncher.TransformStore/MODLAUNCHER]: Adding transformer optifine.OptiFineTransformer@78010562 to Target : PRE_CLASS {Lnet/minecraft/world/level/chunk/PalettedContainer$Strategy$2;} {} {V}
[30Jul2025 14:46:04.579] [main/DEBUG] [cpw.mods.modlauncher.TransformStore/MODLAUNCHER]: Adding transformer optifine.OptiFineTransformer@78010562 to Target : PRE_CLASS {Lnet/minecraft/client/renderer/RenderStateShard$BooleanStateShard;} {} {V}
[30Jul2025 14:46:04.579] [main/DEBUG] [cpw.mods.modlauncher.TransformStore/MODLAUNCHER]: Adding transformer optifine.OptiFineTransformer@78010562 to Target : PRE_CLASS {Lnet/minecraft/client/gui/screens/ReceivingLevelScreen;} {} {V}
[30Jul2025 14:46:04.579] [main/DEBUG] [cpw.mods.modlauncher.TransformStore/MODLAUNCHER]: Adding transformer optifine.OptiFineTransformer@78010562 to Target : PRE_CLASS {Lcom/mojang/blaze3d/vertex/VertexBuffer;} {} {V}
[30Jul2025 14:46:04.579] [main/DEBUG] [cpw.mods.modlauncher.TransformStore/MODLAUNCHER]: Adding transformer optifine.OptiFineTransformer@78010562 to Target : PRE_CLASS {Lnet/minecraft/client/renderer/RenderType;} {} {V}
[30Jul2025 14:46:04.579] [main/DEBUG] [cpw.mods.modlauncher.TransformStore/MODLAUNCHER]: Adding transformer optifine.OptiFineTransformer@78010562 to Target : PRE_CLASS {Lnet/minecraft/client/renderer/block/ModelBlockRenderer$AdjacencyInfo;} {} {V}
[30Jul2025 14:46:04.579] [main/DEBUG] [cpw.mods.modlauncher.TransformStore/MODLAUNCHER]: Adding transformer optifine.OptiFineTransformer@78010562 to Target : PRE_CLASS {Lnet/minecraft/client/gui/font/providers/BitmapProvider$Glyph;} {} {V}
[30Jul2025 14:46:04.579] [main/DEBUG] [cpw.mods.modlauncher.TransformStore/MODLAUNCHER]: Adding transformer optifine.OptiFineTransformer@78010562 to Target : PRE_CLASS {Lnet/minecraft/client/renderer/RenderStateShard$CullStateShard;} {} {V}
[30Jul2025 14:46:04.580] [main/DEBUG] [cpw.mods.modlauncher.TransformStore/MODLAUNCHER]: Adding transformer optifine.OptiFineTransformer@78010562 to Target : PRE_CLASS {Lcom/mojang/blaze3d/systems/RenderSystem;} {} {V}
[30Jul2025 14:46:04.580] [main/DEBUG] [cpw.mods.modlauncher.TransformStore/MODLAUNCHER]: Adding transformer optifine.OptiFineTransformer@78010562 to Target : PRE_CLASS {Lnet/minecraft/client/renderer/chunk/RenderRegionCache;} {} {V}
[30Jul2025 14:46:04.580] [main/DEBUG] [cpw.mods.modlauncher.TransformStore/MODLAUNCHER]: Adding transformer optifine.OptiFineTransformer@78010562 to Target : PRE_CLASS {Lnet/minecraft/network/protocol/PacketUtils;} {} {V}
[30Jul2025 14:46:04.580] [main/DEBUG] [cpw.mods.modlauncher.TransformStore/MODLAUNCHER]: Adding transformer optifine.OptiFineTransformer@78010562 to Target : PRE_CLASS {Lnet/minecraft/client/multiplayer/ClientLevel$ClientLevelData;} {} {V}
[30Jul2025 14:46:04.580] [main/DEBUG] [cpw.mods.modlauncher.TransformStore/MODLAUNCHER]: Adding transformer optifine.OptiFineTransformer@78010562 to Target : PRE_CLASS {Lnet/minecraft/util/Mth;} {} {V}
[30Jul2025 14:46:04.580] [main/DEBUG] [cpw.mods.modlauncher.TransformStore/MODLAUNCHER]: Adding transformer optifine.OptiFineTransformer@78010562 to Target : PRE_CLASS {Lnet/minecraft/world/level/levelgen/blending/Blender$1;} {} {V}
[30Jul2025 14:46:04.580] [main/DEBUG] [cpw.mods.modlauncher.TransformStore/MODLAUNCHER]: Adding transformer optifine.OptiFineTransformer@78010562 to Target : PRE_CLASS {Lnet/minecraft/client/renderer/entity/LivingEntityRenderer;} {} {V}
[30Jul2025 14:46:04.580] [main/DEBUG] [cpw.mods.modlauncher.TransformStore/MODLAUNCHER]: Adding transformer optifine.OptiFineTransformer@78010562 to Target : PRE_CLASS {Lnet/minecraft/client/renderer/LevelRenderer$RenderChunkInfo;} {} {V}
[30Jul2025 14:46:04.580] [main/DEBUG] [cpw.mods.modlauncher.TransformStore/MODLAUNCHER]: Adding transformer optifine.OptiFineTransformer@78010562 to Target : PRE_CLASS {Lnet/minecraft/client/renderer/RenderStateShard$OverlayStateShard;} {} {V}
[30Jul2025 14:46:04.580] [main/DEBUG] [cpw.mods.modlauncher.TransformStore/MODLAUNCHER]: Adding transformer optifine.OptiFineTransformer@78010562 to Target : PRE_CLASS {Lnet/minecraft/client/renderer/LightTexture;} {} {V}
[30Jul2025 14:46:04.580] [main/DEBUG] [cpw.mods.modlauncher.TransformStore/MODLAUNCHER]: Adding transformer optifine.OptiFineTransformer@78010562 to Target : PRE_CLASS {Lnet/minecraft/client/renderer/entity/EnderDragonRenderer$DragonModel;} {} {V}
[30Jul2025 14:46:04.580] [main/DEBUG] [cpw.mods.modlauncher.TransformStore/MODLAUNCHER]: Adding transformer optifine.OptiFineTransformer@78010562 to Target : PRE_CLASS {Lnet/minecraft/client/renderer/texture/Stitcher$Entry;} {} {V}
[30Jul2025 14:46:04.581] [main/DEBUG] [cpw.mods.modlauncher.TransformStore/MODLAUNCHER]: Adding transformer optifine.OptiFineTransformer@78010562 to Target : PRE_CLASS {Lnet/minecraft/server/level/ChunkLevel;} {} {V}
[30Jul2025 14:46:04.581] [main/DEBUG] [cpw.mods.modlauncher.TransformStore/MODLAUNCHER]: Adding transformer optifine.OptiFineTransformer@78010562 to Target : PRE_CLASS {Lnet/minecraft/client/renderer/block/ModelBlockRenderer$AmbientVertexRemap;} {} {V}
[30Jul2025 14:46:04.584] [main/DEBUG] [cpw.mods.modlauncher.TransformStore/MODLAUNCHER]: Adding transformer optifine.OptiFineTransformer@78010562 to Target : PRE_CLASS {Lnet/minecraft/client/renderer/FogRenderer$BlindnessFogFunction;} {} {V}
[30Jul2025 14:46:04.584] [main/DEBUG] [cpw.mods.modlauncher.TransformStore/MODLAUNCHER]: Adding transformer optifine.OptiFineTransformer@78010562 to Target : PRE_CLASS {Lnet/minecraft/world/level/levelgen/blending/Blender$BlendingOutput;} {} {V}
[30Jul2025 14:46:04.584] [main/DEBUG] [cpw.mods.modlauncher.TransformStore/MODLAUNCHER]: Adding transformer optifine.OptiFineTransformer@78010562 to Target : PRE_CLASS {Lnet/minecraft/network/syncher/SynchedEntityData$DataValue;} {} {V}
[30Jul2025 14:46:04.584] [main/DEBUG] [cpw.mods.modlauncher.TransformStore/MODLAUNCHER]: Adding transformer optifine.OptiFineTransformer@78010562 to Target : PRE_CLASS {Lnet/minecraft/client/renderer/ShaderInstance;} {} {V}
[30Jul2025 14:46:04.584] [main/DEBUG] [cpw.mods.modlauncher.TransformStore/MODLAUNCHER]: Adding transformer optifine.OptiFineTransformer@78010562 to Target : PRE_CLASS {Lnet/minecraft/Util$7;} {} {V}
[30Jul2025 14:46:04.584] [main/DEBUG] [cpw.mods.modlauncher.TransformStore/MODLAUNCHER]: Adding transformer optifine.OptiFineTransformer@78010562 to Target : PRE_CLASS {Lcom/mojang/blaze3d/vertex/VertexFormatElement$Usage$SetupState;} {} {V}
[30Jul2025 14:46:04.584] [main/DEBUG] [cpw.mods.modlauncher.TransformStore/MODLAUNCHER]: Adding transformer optifine.OptiFineTransformer@78010562 to Target : PRE_CLASS {Lnet/minecraft/network/syncher/SynchedEntityData$DataItem;} {} {V}
[30Jul2025 14:46:04.584] [main/DEBUG] [cpw.mods.modlauncher.TransformStore/MODLAUNCHER]: Adding transformer optifine.OptiFineTransformer@78010562 to Target : PRE_CLASS {Lnet/minecraft/client/gui/components/DebugScreenOverlay$1;} {} {V}
[30Jul2025 14:46:04.584] [main/DEBUG] [cpw.mods.modlauncher.TransformStore/MODLAUNCHER]: Adding transformer optifine.OptiFineTransformer@78010562 to Target : PRE_CLASS {Lnet/minecraft/client/Camera;} {} {V}
[30Jul2025 14:46:04.584] [main/DEBUG] [cpw.mods.modlauncher.TransformStore/MODLAUNCHER]: Adding transformer optifine.OptiFineTransformer@78010562 to Target : PRE_CLASS {Lnet/minecraft/client/renderer/RenderType$CompositeRenderType;} {} {V}
[30Jul2025 14:46:04.585] [main/DEBUG] [cpw.mods.modlauncher.TransformStore/MODLAUNCHER]: Adding transformer optifine.OptiFineTransformer@78010562 to Target : PRE_CLASS {Lnet/minecraft/client/renderer/texture/SpriteContents$AnimatedTexture;} {} {V}
[30Jul2025 14:46:04.585] [main/DEBUG] [cpw.mods.modlauncher.TransformStore/MODLAUNCHER]: Adding transformer optifine.OptiFineTransformer@78010562 to Target : PRE_CLASS {Lnet/minecraft/client/resources/model/ModelBakery;} {} {V}
[30Jul2025 14:46:04.585] [main/DEBUG] [cpw.mods.modlauncher.TransformStore/MODLAUNCHER]: Adding transformer optifine.OptiFineTransformer@78010562 to Target : PRE_CLASS {Lnet/minecraft/world/level/ChunkPos$1;} {} {V}
[30Jul2025 14:46:04.585] [main/DEBUG] [cpw.mods.modlauncher.TransformStore/MODLAUNCHER]: Adding transformer optifine.OptiFineTransformer@78010562 to Target : PRE_CLASS {Lnet/minecraft/client/renderer/LevelRenderer;} {} {V}
[30Jul2025 14:46:04.585] [main/DEBUG] [cpw.mods.modlauncher.TransformStore/MODLAUNCHER]: Adding transformer optifine.OptiFineTransformer@78010562 to Target : PRE_CLASS {Lnet/minecraft/client/model/Model;} {} {V}
[30Jul2025 14:46:04.585] [main/DEBUG] [cpw.mods.modlauncher.TransformStore/MODLAUNCHER]: Adding transformer optifine.OptiFineTransformer@78010562 to Target : PRE_CLASS {Lcom/mojang/blaze3d/platform/GlStateManager$BlendState;} {} {V}
[30Jul2025 14:46:04.585] [main/DEBUG] [cpw.mods.modlauncher.TransformStore/MODLAUNCHER]: Adding transformer optifine.OptiFineTransformer@78010562 to Target : PRE_CLASS {Lnet/minecraft/client/renderer/ItemInHandRenderer$1;} {} {V}
[30Jul2025 14:46:04.585] [main/DEBUG] [cpw.mods.modlauncher.TransformStore/MODLAUNCHER]: Adding transformer optifine.OptiFineTransformer@78010562 to Target : PRE_CLASS {Lnet/minecraft/client/renderer/chunk/ChunkRenderDispatcher$RenderChunk$RebuildTask$CompileResults;} {} {V}
[30Jul2025 14:46:04.585] [main/DEBUG] [cpw.mods.modlauncher.TransformStore/MODLAUNCHER]: Adding transformer optifine.OptiFineTransformer@78010562 to Target : PRE_CLASS {Lcom/mojang/blaze3d/shaders/Program;} {} {V}
[30Jul2025 14:46:04.585] [main/DEBUG] [cpw.mods.modlauncher.TransformStore/MODLAUNCHER]: Adding transformer optifine.OptiFineTransformer@78010562 to Target : PRE_CLASS {Lcom/mojang/blaze3d/vertex/VertexMultiConsumer;} {} {V}
[30Jul2025 14:46:04.585] [main/DEBUG] [cpw.mods.modlauncher.TransformStore/MODLAUNCHER]: Adding transformer optifine.OptiFineTransformer@78010562 to Target : PRE_CLASS {Lnet/minecraft/core/Direction$1;} {} {V}
[30Jul2025 14:46:04.585] [main/DEBUG] [cpw.mods.modlauncher.TransformStore/MODLAUNCHER]: Adding transformer optifine.OptiFineTransformer@78010562 to Target : PRE_CLASS {Lnet/minecraft/client/renderer/texture/atlas/sources/SingleFile;} {} {V}
[30Jul2025 14:46:04.586] [main/DEBUG] [cpw.mods.modlauncher.TransformStore/MODLAUNCHER]: Adding transformer optifine.OptiFineTransformer@78010562 to Target : PRE_CLASS {Lnet/minecraft/client/GuiMessage;} {} {V}
[30Jul2025 14:46:04.586] [main/DEBUG] [cpw.mods.modlauncher.TransformStore/MODLAUNCHER]: Adding transformer optifine.OptiFineTransformer@78010562 to Target : PRE_CLASS {Lnet/minecraft/client/renderer/RenderStateShard$LightmapStateShard;} {} {V}
[30Jul2025 14:46:04.586] [main/DEBUG] [cpw.mods.modlauncher.TransformStore/MODLAUNCHER]: Adding transformer optifine.OptiFineTransformer@78010562 to Target : PRE_CLASS {Lnet/minecraft/client/renderer/LevelRenderer$RenderInfoMap;} {} {V}
[30Jul2025 14:46:04.586] [main/DEBUG] [cpw.mods.modlauncher.TransformStore/MODLAUNCHER]: Adding transformer optifine.OptiFineTransformer@78010562 to Target : PRE_CLASS {Lnet/minecraft/core/Direction$AxisDirection;} {} {V}
[30Jul2025 14:46:04.586] [main/DEBUG] [cpw.mods.modlauncher.TransformStore/MODLAUNCHER]: Adding transformer optifine.OptiFineTransformer@78010562 to Target : PRE_CLASS {Lnet/minecraft/client/renderer/texture/SpriteContents;} {} {V}
[30Jul2025 14:46:04.586] [main/DEBUG] [cpw.mods.modlauncher.TransformStore/MODLAUNCHER]: Adding transformer optifine.OptiFineTransformer@78010562 to Target : PRE_CLASS {Lnet/minecraft/client/OptionInstance$ClampingLazyMaxIntRange;} {} {V}
[30Jul2025 14:46:04.586] [main/DEBUG] [cpw.mods.modlauncher.TransformStore/MODLAUNCHER]: Adding transformer optifine.OptiFineTransformer@78010562 to Target : PRE_CLASS {Lnet/minecraft/client/renderer/blockentity/TheEndPortalRenderer;} {} {V}
[30Jul2025 14:46:04.586] [main/DEBUG] [cpw.mods.modlauncher.TransformStore/MODLAUNCHER]: Adding transformer optifine.OptiFineTransformer@78010562 to Target : PRE_CLASS {Lnet/minecraft/resources/ResourceLocation$Serializer;} {} {V}
[30Jul2025 14:46:04.586] [main/DEBUG] [cpw.mods.modlauncher.TransformStore/MODLAUNCHER]: Adding transformer optifine.OptiFineTransformer@78010562 to Target : PRE_CLASS {Lnet/minecraft/client/renderer/entity/layers/HumanoidArmorLayer;} {} {V}
[30Jul2025 14:46:04.586] [main/DEBUG] [cpw.mods.modlauncher.TransformStore/MODLAUNCHER]: Adding transformer optifine.OptiFineTransformer@78010562 to Target : PRE_CLASS {Lnet/minecraft/client/gui/components/CycleButton$ValueListSupplier$1;} {} {V}
[30Jul2025 14:46:04.586] [main/DEBUG] [cpw.mods.modlauncher.TransformStore/MODLAUNCHER]: Adding transformer optifine.OptiFineTransformer@78010562 to Target : PRE_CLASS {Lnet/minecraft/client/renderer/block/ModelBlockRenderer$1;} {} {V}
[30Jul2025 14:46:04.586] [main/DEBUG] [cpw.mods.modlauncher.TransformStore/MODLAUNCHER]: Adding transformer optifine.OptiFineTransformer@78010562 to Target : PRE_CLASS {Lnet/minecraft/client/renderer/entity/layers/CapeLayer;} {} {V}
[30Jul2025 14:46:04.587] [main/DEBUG] [cpw.mods.modlauncher.TransformStore/MODLAUNCHER]: Adding transformer optifine.OptiFineTransformer@78010562 to Target : PRE_CLASS {Lcom/mojang/blaze3d/vertex/VertexMultiConsumer$Double;} {} {V}
[30Jul2025 14:46:04.590] [main/DEBUG] [cpw.mods.modlauncher.TransformStore/MODLAUNCHER]: Adding transformer optifine.OptiFineTransformer@78010562 to Target : PRE_CLASS {Lnet/minecraft/client/renderer/entity/LivingEntityRenderer$1;} {} {V}
[30Jul2025 14:46:04.590] [main/DEBUG] [cpw.mods.modlauncher.TransformStore/MODLAUNCHER]: Adding transformer optifine.OptiFineTransformer@78010562 to Target : PRE_CLASS {Lnet/minecraft/client/KeyboardHandler;} {} {V}
[30Jul2025 14:46:04.590] [main/DEBUG] [cpw.mods.modlauncher.TransformStore/MODLAUNCHER]: Adding transformer optifine.OptiFineTransformer@78010562 to Target : PRE_CLASS {Lnet/minecraft/client/model/geom/ModelPart$Cube;} {} {V}
[30Jul2025 14:46:04.590] [main/DEBUG] [cpw.mods.modlauncher.TransformStore/MODLAUNCHER]: Adding transformer optifine.OptiFineTransformer@78010562 to Target : PRE_CLASS {Lnet/minecraft/client/renderer/entity/layers/LlamaDecorLayer;} {} {V}
[30Jul2025 14:46:04.590] [main/DEBUG] [cpw.mods.modlauncher.TransformStore/MODLAUNCHER]: Adding transformer optifine.OptiFineTransformer@78010562 to Target : PRE_CLASS {Lcom/mojang/blaze3d/vertex/VertexFormatElement;} {} {V}
[30Jul2025 14:46:04.590] [main/DEBUG] [cpw.mods.modlauncher.TransformStore/MODLAUNCHER]: Adding transformer optifine.OptiFineTransformer@78010562 to Target : PRE_CLASS {Lnet/minecraft/client/multiplayer/ClientLevel$1;} {} {V}
[30Jul2025 14:46:04.590] [main/DEBUG] [cpw.mods.modlauncher.TransformStore/MODLAUNCHER]: Adding transformer optifine.OptiFineTransformer@78010562 to Target : PRE_CLASS {Lnet/minecraft/client/gui/screens/ChatOptionsScreen;} {} {V}
[30Jul2025 14:46:04.590] [main/DEBUG] [cpw.mods.modlauncher.TransformStore/MODLAUNCHER]: Adding transformer optifine.OptiFineTransformer@78010562 to Target : PRE_CLASS {Lnet/minecraft/client/renderer/texture/Stitcher;} {} {V}
[30Jul2025 14:46:04.590] [main/DEBUG] [cpw.mods.modlauncher.TransformStore/MODLAUNCHER]: Adding transformer optifine.OptiFineTransformer@78010562 to Target : PRE_CLASS {Lnet/minecraft/client/renderer/FogRenderer;} {} {V}
[30Jul2025 14:46:04.591] [main/DEBUG] [cpw.mods.modlauncher.TransformStore/MODLAUNCHER]: Adding transformer optifine.OptiFineTransformer@78010562 to Target : PRE_CLASS {Lnet/minecraft/client/renderer/blockentity/BlockEntityRenderer;} {} {V}
[30Jul2025 14:46:04.591] [main/DEBUG] [cpw.mods.modlauncher.TransformStore/MODLAUNCHER]: Adding transformer optifine.OptiFineTransformer@78010562 to Target : PRE_CLASS {Lnet/minecraft/client/renderer/block/model/FaceBakery$1;} {} {V}
[30Jul2025 14:46:04.591] [main/DEBUG] [cpw.mods.modlauncher.TransformStore/MODLAUNCHER]: Adding transformer optifine.OptiFineTransformer@78010562 to Target : PRE_CLASS {Lnet/minecraft/client/gui/screens/TitleScreen$WarningLabel;} {} {V}
[30Jul2025 14:46:04.591] [main/DEBUG] [cpw.mods.modlauncher.TransformStore/MODLAUNCHER]: Adding transformer optifine.OptiFineTransformer@78010562 to Target : PRE_CLASS {Lnet/minecraft/client/gui/font/providers/BitmapProvider$Definition;} {} {V}
[30Jul2025 14:46:04.591] [main/DEBUG] [cpw.mods.modlauncher.TransformStore/MODLAUNCHER]: Adding transformer optifine.OptiFineTransformer@78010562 to Target : PRE_CLASS {Lnet/minecraft/Util$OS$1;} {} {V}
[30Jul2025 14:46:04.591] [main/DEBUG] [cpw.mods.modlauncher.TransformStore/MODLAUNCHER]: Adding transformer optifine.OptiFineTransformer@78010562 to Target : PRE_CLASS {Lnet/minecraft/client/model/geom/ModelPart$Vertex;} {} {V}
[30Jul2025 14:46:04.591] [main/DEBUG] [cpw.mods.modlauncher.TransformStore/MODLAUNCHER]: Adding transformer optifine.OptiFineTransformer@78010562 to Target : PRE_CLASS {Lcom/mojang/blaze3d/platform/GlStateManager$Viewport;} {} {V}
[30Jul2025 14:46:04.591] [main/DEBUG] [cpw.mods.modlauncher.TransformStore/MODLAUNCHER]: Adding transformer optifine.OptiFineTransformer@78010562 to Target : PRE_CLASS {Lnet/minecraft/client/resources/metadata/animation/AnimationMetadataSection$FrameOutput;} {} {V}
[30Jul2025 14:46:04.591] [main/DEBUG] [cpw.mods.modlauncher.TransformStore/MODLAUNCHER]: Adding transformer optifine.OptiFineTransformer@78010562 to Target : PRE_CLASS {Lcom/mojang/blaze3d/platform/GlStateManager$ScissorState;} {} {V}
[30Jul2025 14:46:04.591] [main/DEBUG] [cpw.mods.modlauncher.TransformStore/MODLAUNCHER]: Adding transformer optifine.OptiFineTransformer@78010562 to Target : PRE_CLASS {Lnet/minecraft/client/Options$4;} {} {V}
[30Jul2025 14:46:04.591] [main/DEBUG] [cpw.mods.modlauncher.TransformStore/MODLAUNCHER]: Adding transformer optifine.OptiFineTransformer@78010562 to Target : PRE_CLASS {Lnet/minecraft/client/renderer/chunk/VisGraph;} {} {V}
[30Jul2025 14:46:04.591] [main/DEBUG] [cpw.mods.modlauncher.TransformStore/MODLAUNCHER]: Adding transformer optifine.OptiFineTransformer@78010562 to Target : PRE_CLASS {Lnet/minecraft/client/renderer/RenderStateShard$LayeringStateShard;} {} {V}
[30Jul2025 14:46:04.592] [main/DEBUG] [cpw.mods.modlauncher.TransformStore/MODLAUNCHER]: Adding transformer optifine.OptiFineTransformer@78010562 to Target : PRE_CLASS {Lnet/minecraft/client/renderer/blockentity/BrightnessCombiner;} {} {V}
[30Jul2025 14:46:04.592] [main/DEBUG] [cpw.mods.modlauncher.TransformStore/MODLAUNCHER]: Adding transformer optifine.OptiFineTransformer@78010562 to Target : PRE_CLASS {Lnet/minecraft/Util$4;} {} {V}
[30Jul2025 14:46:04.592] [main/DEBUG] [cpw.mods.modlauncher.TransformStore/MODLAUNCHER]: Adding transformer optifine.OptiFineTransformer@78010562 to Target : PRE_CLASS {Lnet/minecraft/util/ClassInstanceMultiMap;} {} {V}
[30Jul2025 14:46:04.592] [main/DEBUG] [cpw.mods.modlauncher.TransformStore/MODLAUNCHER]: Adding transformer optifine.OptiFineTransformer@78010562 to Target : PRE_CLASS {Lnet/minecraft/client/renderer/texture/Stitcher$SpriteLoader;} {} {V}
[30Jul2025 14:46:04.592] [main/DEBUG] [cpw.mods.modlauncher.TransformStore/MODLAUNCHER]: Adding transformer optifine.OptiFineTransformer@78010562 to Target : PRE_CLASS {Lnet/minecraft/server/level/ChunkMap$2;} {} {V}
[30Jul2025 14:46:04.592] [main/DEBUG] [cpw.mods.modlauncher.TransformStore/MODLAUNCHER]: Adding transformer optifine.OptiFineTransformer@78010562 to Target : PRE_CLASS {Lnet/minecraft/client/renderer/blockentity/SignRenderer;} {} {V}
[30Jul2025 14:46:04.592] [main/DEBUG] [cpw.mods.modlauncher.TransformStore/MODLAUNCHER]: Adding transformer optifine.OptiFineTransformer@78010562 to Target : PRE_CLASS {Lnet/minecraft/client/gui/screens/LoadingOverlay$LogoTexture;} {} {V}
[30Jul2025 14:46:04.592] [main/DEBUG] [cpw.mods.modlauncher.TransformStore/MODLAUNCHER]: Adding transformer optifine.OptiFineTransformer@78010562 to Target : PRE_CLASS {Lnet/minecraft/client/renderer/MultiBufferSource;} {} {V}
[30Jul2025 14:46:04.592] [main/DEBUG] [cpw.mods.modlauncher.TransformStore/MODLAUNCHER]: Adding transformer optifine.OptiFineTransformer@78010562 to Target : PRE_CLASS {Lnet/minecraft/world/level/chunk/PalettedContainer$Strategy$1;} {} {V}
[30Jul2025 14:46:04.592] [main/DEBUG] [cpw.mods.modlauncher.TransformStore/MODLAUNCHER]: Adding transformer optifine.OptiFineTransformer@78010562 to Target : PRE_CLASS {Lnet/minecraft/world/level/material/MapColor;} {} {V}
[30Jul2025 14:46:04.593] [main/DEBUG] [cpw.mods.modlauncher.TransformStore/MODLAUNCHER]: Adding transformer optifine.OptiFineTransformer@78010562 to Target : PRE_CLASS {Lnet/minecraft/client/multiplayer/ClientChunkCache$Storage;} {} {V}
[30Jul2025 14:46:04.593] [main/DEBUG] [cpw.mods.modlauncher.TransformStore/MODLAUNCHER]: Adding transformer optifine.OptiFineTransformer@78010562 to Target : PRE_CLASS {Lnet/minecraft/client/KeyboardHandler$1;} {} {V}
[30Jul2025 14:46:04.596] [main/DEBUG] [cpw.mods.modlauncher.TransformStore/MODLAUNCHER]: Adding transformer optifine.OptiFineTransformer@78010562 to Target : PRE_CLASS {Lnet/minecraft/Util$8;} {} {V}
[30Jul2025 14:46:04.596] [main/DEBUG] [cpw.mods.modlauncher.TransformStore/MODLAUNCHER]: Adding transformer optifine.OptiFineTransformer@78010562 to Target : PRE_CLASS {Lnet/minecraft/client/renderer/RenderStateShard$OutputStateShard;} {} {V}
[30Jul2025 14:46:04.596] [main/DEBUG] [cpw.mods.modlauncher.TransformStore/MODLAUNCHER]: Adding transformer optifine.OptiFineTransformer@78010562 to Target : PRE_CLASS {Lnet/minecraft/client/gui/font/providers/BitmapProvider$Glyph$1;} {} {V}
[30Jul2025 14:46:04.596] [main/DEBUG] [cpw.mods.modlauncher.TransformStore/MODLAUNCHER]: Adding transformer optifine.OptiFineTransformer@78010562 to Target : PRE_CLASS {Lnet/minecraft/client/particle/ItemPickupParticle;} {} {V}
[30Jul2025 14:46:04.596] [main/DEBUG] [cpw.mods.modlauncher.TransformStore/MODLAUNCHER]: Adding transformer optifine.OptiFineTransformer@78010562 to Target : PRE_CLASS {Lnet/minecraft/client/renderer/debug/ChunkBorderRenderer;} {} {V}
[30Jul2025 14:46:04.596] [main/DEBUG] [cpw.mods.modlauncher.TransformStore/MODLAUNCHER]: Adding transformer optifine.OptiFineTransformer@78010562 to Target : PRE_CLASS {Lnet/minecraft/client/player/AbstractClientPlayer;} {} {V}
[30Jul2025 14:46:04.596] [main/DEBUG] [cpw.mods.modlauncher.TransformStore/MODLAUNCHER]: Adding transformer optifine.OptiFineTransformer@78010562 to Target : PRE_CLASS {Lnet/minecraft/client/gui/GuiGraphics;} {} {V}
[30Jul2025 14:46:04.596] [main/DEBUG] [cpw.mods.modlauncher.TransformStore/MODLAUNCHER]: Adding transformer optifine.OptiFineTransformer@78010562 to Target : PRE_CLASS {Lnet/minecraft/client/renderer/entity/EntityRenderer;} {} {V}
[30Jul2025 14:46:04.596] [main/DEBUG] [cpw.mods.modlauncher.TransformStore/MODLAUNCHER]: Adding transformer optifine.OptiFineTransformer@78010562 to Target : PRE_CLASS {Lnet/minecraft/client/gui/MapRenderer$MapInstance;} {} {V}
[30Jul2025 14:46:04.596] [main/DEBUG] [cpw.mods.modlauncher.TransformStore/MODLAUNCHER]: Adding transformer optifine.OptiFineTransformer@78010562 to Target : PRE_CLASS {Lnet/minecraft/world/level/levelgen/blending/Blender;} {} {V}
[30Jul2025 14:46:04.597] [main/DEBUG] [cpw.mods.modlauncher.TransformStore/MODLAUNCHER]: Adding transformer optifine.OptiFineTransformer@78010562 to Target : PRE_CLASS {Lnet/minecraft/client/renderer/entity/ItemRenderer;} {} {V}
[30Jul2025 14:46:04.597] [main/DEBUG] [cpw.mods.modlauncher.TransformStore/MODLAUNCHER]: Adding transformer optifine.OptiFineTransformer@78010562 to Target : PRE_CLASS {Lnet/minecraft/Util$OS$2;} {} {V}
[30Jul2025 14:46:04.597] [main/DEBUG] [cpw.mods.modlauncher.TransformStore/MODLAUNCHER]: Adding transformer optifine.OptiFineTransformer@78010562 to Target : PRE_CLASS {Lnet/minecraft/client/gui/screens/SkinCustomizationScreen;} {} {V}
[30Jul2025 14:46:04.597] [main/DEBUG] [cpw.mods.modlauncher.TransformStore/MODLAUNCHER]: Adding transformer optifine.OptiFineTransformer@78010562 to Target : PRE_CLASS {Lnet/minecraft/client/renderer/culling/Frustum;} {} {V}
[30Jul2025 14:46:04.597] [main/DEBUG] [cpw.mods.modlauncher.TransformStore/MODLAUNCHER]: Adding transformer optifine.OptiFineTransformer@78010562 to Target : PRE_CLASS {Lnet/minecraft/client/renderer/RenderStateShard$ColorLogicStateShard;} {} {V}
[30Jul2025 14:46:04.597] [main/DEBUG] [cpw.mods.modlauncher.TransformStore/MODLAUNCHER]: Adding transformer optifine.OptiFineTransformer@78010562 to Target : PRE_CLASS {Lnet/minecraft/client/gui/components/DebugScreenOverlay$AllocationRateCalculator;} {} {V}
[30Jul2025 14:46:04.597] [main/DEBUG] [cpw.mods.modlauncher.TransformStore/MODLAUNCHER]: Adding transformer optifine.OptiFineTransformer@78010562 to Target : PRE_CLASS {Lnet/minecraft/client/renderer/entity/layers/WardenEmissiveLayer$DrawSelector;} {} {V}
[30Jul2025 14:46:04.597] [main/DEBUG] [cpw.mods.modlauncher.TransformStore/MODLAUNCHER]: Adding transformer optifine.OptiFineTransformer@78010562 to Target : PRE_CLASS {Lnet/minecraft/client/gui/GuiGraphics$ScissorStack;} {} {V}
[30Jul2025 14:46:04.597] [main/DEBUG] [cpw.mods.modlauncher.TransformStore/MODLAUNCHER]: Adding transformer optifine.OptiFineTransformer@78010562 to Target : PRE_CLASS {Lnet/minecraft/world/level/ChunkPos;} {} {V}
[30Jul2025 14:46:04.598] [main/DEBUG] [cpw.mods.modlauncher.TransformStore/MODLAUNCHER]: Adding transformer optifine.OptiFineTransformer@78010562 to Target : PRE_CLASS {Lnet/minecraft/client/multiplayer/ClientChunkCache;} {} {V}
[30Jul2025 14:46:04.598] [main/DEBUG] [cpw.mods.modlauncher.TransformStore/MODLAUNCHER]: Adding transformer optifine.OptiFineTransformer@78010562 to Target : PRE_CLASS {Lnet/minecraft/client/renderer/texture/SpriteContents$InterpolationData;} {} {V}
[30Jul2025 14:46:04.598] [main/DEBUG] [cpw.mods.modlauncher.TransformStore/MODLAUNCHER]: Adding transformer optifine.OptiFineTransformer@78010562 to Target : PRE_CLASS {Lnet/minecraft/client/gui/components/CycleButton$OnValueChange;} {} {V}
[30Jul2025 14:46:04.598] [main/DEBUG] [cpw.mods.modlauncher.TransformStore/MODLAUNCHER]: Adding transformer optifine.OptiFineTransformer@78010562 to Target : PRE_CLASS {Lnet/minecraft/client/gui/components/CycleButton;} {} {V}
[30Jul2025 14:46:04.598] [main/DEBUG] [cpw.mods.modlauncher.TransformStore/MODLAUNCHER]: Adding transformer optifine.OptiFineTransformer@78010562 to Target : PRE_CLASS {Lnet/minecraft/client/renderer/RenderStateShard$OffsetTexturingStateShard;} {} {V}
[30Jul2025 14:46:04.598] [main/DEBUG] [cpw.mods.modlauncher.TransformStore/MODLAUNCHER]: Adding transformer optifine.OptiFineTransformer@78010562 to Target : PRE_CLASS {Lnet/minecraft/client/renderer/entity/layers/SheepFurLayer;} {} {V}
[30Jul2025 14:46:04.598] [main/DEBUG] [cpw.mods.modlauncher.TransformStore/MODLAUNCHER]: Adding transformer optifine.OptiFineTransformer@78010562 to Target : PRE_CLASS {Lnet/minecraft/client/renderer/entity/layers/CatCollarLayer;} {} {V}
[30Jul2025 14:46:04.598] [main/DEBUG] [cpw.mods.modlauncher.TransformStore/MODLAUNCHER]: Adding transformer optifine.OptiFineTransformer@78010562 to Target : PRE_CLASS {Lnet/minecraft/util/profiling/ActiveProfiler$PathEntry;} {} {V}
[30Jul2025 14:46:04.599] [main/DEBUG] [cpw.mods.modlauncher.TransformStore/MODLAUNCHER]: Adding transformer optifine.OptiFineTransformer@78010562 to Target : PRE_CLASS {Lnet/minecraft/client/renderer/entity/layers/CreeperPowerLayer;} {} {V}
[30Jul2025 14:46:04.599] [main/DEBUG] [cpw.mods.modlauncher.TransformStore/MODLAUNCHER]: Adding transformer optifine.OptiFineTransformer@78010562 to Target : PRE_CLASS {Lnet/minecraft/client/renderer/chunk/VisGraph$1;} {} {V}
[30Jul2025 14:46:04.599] [main/DEBUG] [cpw.mods.modlauncher.TransformStore/MODLAUNCHER]: Adding transformer optifine.OptiFineTransformer@78010562 to Target : PRE_CLASS {Lnet/minecraft/client/model/ModelUtils;} {} {V}
[30Jul2025 14:46:04.599] [main/DEBUG] [cpw.mods.modlauncher.TransformStore/MODLAUNCHER]: Adding transformer optifine.OptiFineTransformer@78010562 to Target : PRE_CLASS {Lnet/minecraft/client/renderer/chunk/VisibilitySet;} {} {V}
[30Jul2025 14:46:04.599] [main/DEBUG] [cpw.mods.modlauncher.TransformStore/MODLAUNCHER]: Adding transformer optifine.OptiFineTransformer@78010562 to Target : PRE_CLASS {Lnet/minecraft/client/renderer/RenderStateShard;} {} {V}
[30Jul2025 14:46:04.600] [main/DEBUG] [cpw.mods.modlauncher.TransformStore/MODLAUNCHER]: Adding transformer optifine.OptiFineTransformer@78010562 to Target : PRE_CLASS {Lnet/minecraft/client/resources/metadata/animation/AnimationMetadataSection$1;} {} {V}
[30Jul2025 14:46:04.600] [main/DEBUG] [cpw.mods.modlauncher.TransformStore/MODLAUNCHER]: Adding transformer optifine.OptiFineTransformer@78010562 to Target : PRE_CLASS {Lcom/mojang/blaze3d/platform/GLX;} {} {V}
[30Jul2025 14:46:04.600] [main/DEBUG] [cpw.mods.modlauncher.TransformStore/MODLAUNCHER]: Adding transformer optifine.OptiFineTransformer@78010562 to Target : PRE_CLASS {Lcom/mojang/blaze3d/vertex/BufferBuilder;} {} {V}
[30Jul2025 14:46:04.600] [main/DEBUG] [cpw.mods.modlauncher.TransformStore/MODLAUNCHER]: Adding transformer optifine.OptiFineTransformer@78010562 to Target : PRE_CLASS {Lnet/minecraft/client/renderer/ItemInHandRenderer;} {} {V}
[30Jul2025 14:46:04.600] [main/DEBUG] [cpw.mods.modlauncher.TransformStore/MODLAUNCHER]: Adding transformer optifine.OptiFineTransformer@78010562 to Target : PRE_CLASS {Lnet/minecraft/client/renderer/chunk/ChunkRenderDispatcher$CompiledChunk$1;} {} {V}
[30Jul2025 14:46:04.601] [main/DEBUG] [cpw.mods.modlauncher.TransformStore/MODLAUNCHER]: Adding transformer optifine.OptiFineTransformer@78010562 to Target : PRE_CLASS {Lnet/minecraft/client/model/geom/ModelPart;} {} {V}
[30Jul2025 14:46:04.601] [main/DEBUG] [cpw.mods.modlauncher.TransformStore/MODLAUNCHER]: Adding transformer optifine.OptiFineTransformer@78010562 to Target : PRE_CLASS {Lnet/minecraft/Util$1;} {} {V}
[30Jul2025 14:46:04.601] [main/DEBUG] [cpw.mods.modlauncher.TransformStore/MODLAUNCHER]: Adding transformer optifine.OptiFineTransformer@78010562 to Target : PRE_CLASS {Lnet/minecraft/client/renderer/entity/layers/WitherArmorLayer;} {} {V}
[30Jul2025 14:46:04.601] [main/DEBUG] [cpw.mods.modlauncher.TransformStore/MODLAUNCHER]: Adding transformer optifine.OptiFineTransformer@78010562 to Target : PRE_CLASS {Lnet/minecraft/client/Options$FieldAccess;} {} {V}
[30Jul2025 14:46:04.601] [main/DEBUG] [cpw.mods.modlauncher.TransformStore/MODLAUNCHER]: Adding transformer optifine.OptiFineTransformer@78010562 to Target : PRE_CLASS {Lnet/minecraft/server/level/ChunkMap$TrackedEntity;} {} {V}
[30Jul2025 14:46:04.602] [main/DEBUG] [cpw.mods.modlauncher.TransformStore/MODLAUNCHER]: Adding transformer optifine.OptiFineTransformer@78010562 to Target : PRE_CLASS {Lnet/minecraft/client/resources/model/ModelBakery$LoadedJson;} {} {V}
[30Jul2025 14:46:04.602] [main/DEBUG] [cpw.mods.modlauncher.TransformationServiceDecorator/MODLAUNCHER]: Initialized transformers for transformation service OptiFine
[30Jul2025 14:46:04.602] [main/DEBUG] [cpw.mods.modlauncher.TransformationServiceDecorator/MODLAUNCHER]: Initializing transformers for transformation service fml
[30Jul2025 14:46:04.602] [main/DEBUG] [net.minecraftforge.fml.loading.FMLServiceProvider/CORE]: Loading coremod transformers
[30Jul2025 14:46:04.603] [main/DEBUG] [net.minecraftforge.coremod.CoreModEngine/COREMOD]: Loading CoreMod from coremods/field_to_method.js
[30Jul2025 14:46:04.856] [main/DEBUG] [net.minecraftforge.coremod.CoreModEngine/COREMOD]: CoreMod loaded successfully
[30Jul2025 14:46:04.857] [main/DEBUG] [net.minecraftforge.coremod.CoreModEngine/COREMOD]: Loading CoreMod from coremods/field_to_instanceof.js
[30Jul2025 14:46:04.950] [main/DEBUG] [net.minecraftforge.coremod.CoreModEngine/COREMOD]: CoreMod loaded successfully
[30Jul2025 14:46:04.950] [main/DEBUG] [net.minecraftforge.coremod.CoreModEngine/COREMOD]: Loading CoreMod from coremods/add_bouncer_method.js
[30Jul2025 14:46:05.012] [main/DEBUG] [net.minecraftforge.coremod.CoreModEngine/COREMOD]: CoreMod loaded successfully
[30Jul2025 14:46:05.014] [main/DEBUG] [net.minecraftforge.coremod.CoreModEngine/COREMOD]: Loading CoreMod from coremods/method_redirector.js
[30Jul2025 14:46:05.116] [main/DEBUG] [net.minecraftforge.coremod.CoreModEngine/COREMOD]: CoreMod loaded successfully
[30Jul2025 14:46:05.117] [main/DEBUG] [net.minecraftforge.coremod.CoreModEngine/COREMOD]: Loading CoreMod from META-INF/xaerohud_core.js
[30Jul2025 14:46:05.295] [main/DEBUG] [net.minecraftforge.coremod.CoreModEngine/COREMOD]: CoreMod loaded successfully
[30Jul2025 14:46:05.310] [main/DEBUG] [cpw.mods.modlauncher.TransformStore/MODLAUNCHER]: Adding transformer net.minecraftforge.coremod.transformer.CoreModClassTransformer@423a0e1d to Target : CLASS {Lnet/minecraft/world/level/biome/Biome;} {} {V}
[30Jul2025 14:46:05.311] [main/DEBUG] [cpw.mods.modlauncher.TransformStore/MODLAUNCHER]: Adding transformer net.minecraftforge.coremod.transformer.CoreModClassTransformer@32f32623 to Target : CLASS {Lnet/minecraft/world/level/levelgen/structure/Structure;} {} {V}
[30Jul2025 14:46:05.311] [main/DEBUG] [cpw.mods.modlauncher.TransformStore/MODLAUNCHER]: Adding transformer net.minecraftforge.coremod.transformer.CoreModClassTransformer@3becc950 to Target : CLASS {Lnet/minecraft/world/effect/MobEffectInstance;} {} {V}
[30Jul2025 14:46:05.311] [main/DEBUG] [cpw.mods.modlauncher.TransformStore/MODLAUNCHER]: Adding transformer net.minecraftforge.coremod.transformer.CoreModClassTransformer@6b9fdbc6 to Target : CLASS {Lnet/minecraft/world/level/block/LiquidBlock;} {} {V}
[30Jul2025 14:46:05.311] [main/DEBUG] [cpw.mods.modlauncher.TransformStore/MODLAUNCHER]: Adding transformer net.minecraftforge.coremod.transformer.CoreModClassTransformer@79476a4e to Target : CLASS {Lnet/minecraft/world/item/BucketItem;} {} {V}
[30Jul2025 14:46:05.312] [main/DEBUG] [cpw.mods.modlauncher.TransformStore/MODLAUNCHER]: Adding transformer net.minecraftforge.coremod.transformer.CoreModClassTransformer@52ae997b to Target : CLASS {Lnet/minecraft/world/level/block/StairBlock;} {} {V}
[30Jul2025 14:46:05.312] [main/DEBUG] [cpw.mods.modlauncher.TransformStore/MODLAUNCHER]: Adding transformer net.minecraftforge.coremod.transformer.CoreModClassTransformer@f557c37 to Target : CLASS {Lnet/minecraft/world/level/block/FlowerPotBlock;} {} {V}
[30Jul2025 14:46:05.312] [main/DEBUG] [cpw.mods.modlauncher.TransformStore/MODLAUNCHER]: Adding transformer net.minecraftforge.coremod.transformer.CoreModClassTransformer@1a01d7f0 to Target : CLASS {Lnet/minecraft/world/item/ItemStack;} {} {V}
[30Jul2025 14:46:05.312] [main/DEBUG] [cpw.mods.modlauncher.TransformStore/MODLAUNCHER]: Adding transformer net.minecraftforge.coremod.transformer.CoreModClassTransformer@5856dbe4 to Target : CLASS {Lnet/minecraft/network/play/client/CClientSettingsPacket;} {} {V}
[30Jul2025 14:46:05.312] [main/DEBUG] [cpw.mods.modlauncher.TransformStore/MODLAUNCHER]: Adding transformer net.minecraftforge.coremod.transformer.CoreModClassTransformer@7e15f4d4 to Target : CLASS {Lnet/minecraft/world/level/levelgen/structure/structures/OceanMonumentPieces$OceanMonumentPiece;} {} {V}
[30Jul2025 14:46:05.313] [main/DEBUG] [cpw.mods.modlauncher.TransformStore/MODLAUNCHER]: Adding transformer net.minecraftforge.coremod.transformer.CoreModClassTransformer@7e15f4d4 to Target : CLASS {Lnet/minecraft/server/commands/RaidCommand;} {} {V}
[30Jul2025 14:46:05.313] [main/DEBUG] [cpw.mods.modlauncher.TransformStore/MODLAUNCHER]: Adding transformer net.minecraftforge.coremod.transformer.CoreModClassTransformer@7e15f4d4 to Target : CLASS {Lnet/minecraft/world/entity/monster/ZombieVillager;} {} {V}
[30Jul2025 14:46:05.313] [main/DEBUG] [cpw.mods.modlauncher.TransformStore/MODLAUNCHER]: Adding transformer net.minecraftforge.coremod.transformer.CoreModClassTransformer@7e15f4d4 to Target : CLASS {Lnet/minecraft/world/entity/monster/Zombie;} {} {V}
[30Jul2025 14:46:05.313] [main/DEBUG] [cpw.mods.modlauncher.TransformStore/MODLAUNCHER]: Adding transformer net.minecraftforge.coremod.transformer.CoreModClassTransformer@7e15f4d4 to Target : CLASS {Lnet/minecraft/world/entity/npc/Villager;} {} {V}
[30Jul2025 14:46:05.313] [main/DEBUG] [cpw.mods.modlauncher.TransformStore/MODLAUNCHER]: Adding transformer net.minecraftforge.coremod.transformer.CoreModClassTransformer@7e15f4d4 to Target : CLASS {Lnet/minecraft/world/level/levelgen/structure/templatesystem/StructureTemplate;} {} {V}
[30Jul2025 14:46:05.314] [main/DEBUG] [cpw.mods.modlauncher.TransformStore/MODLAUNCHER]: Adding transformer net.minecraftforge.coremod.transformer.CoreModClassTransformer@7e15f4d4 to Target : CLASS {Lnet/minecraft/world/level/levelgen/PatrolSpawner;} {} {V}
[30Jul2025 14:46:05.314] [main/DEBUG] [cpw.mods.modlauncher.TransformStore/MODLAUNCHER]: Adding transformer net.minecraftforge.coremod.transformer.CoreModClassTransformer@7e15f4d4 to Target : CLASS {Lnet/minecraft/world/level/NaturalSpawner;} {} {V}
[30Jul2025 14:46:05.314] [main/DEBUG] [cpw.mods.modlauncher.TransformStore/MODLAUNCHER]: Adding transformer net.minecraftforge.coremod.transformer.CoreModClassTransformer@7e15f4d4 to Target : CLASS {Lnet/minecraft/world/entity/EntityType;} {} {V}
[30Jul2025 14:46:05.314] [main/DEBUG] [cpw.mods.modlauncher.TransformStore/MODLAUNCHER]: Adding transformer net.minecraftforge.coremod.transformer.CoreModClassTransformer@7e15f4d4 to Target : CLASS {Lnet/minecraft/world/level/levelgen/structure/structures/OceanRuinPieces$OceanRuinPiece;} {} {V}
[30Jul2025 14:46:05.314] [main/DEBUG] [cpw.mods.modlauncher.TransformStore/MODLAUNCHER]: Adding transformer net.minecraftforge.coremod.transformer.CoreModClassTransformer@7e15f4d4 to Target : CLASS {Lnet/minecraft/world/entity/monster/Evoker$EvokerSummonSpellGoal;} {} {V}
[30Jul2025 14:46:05.315] [main/DEBUG] [cpw.mods.modlauncher.TransformStore/MODLAUNCHER]: Adding transformer net.minecraftforge.coremod.transformer.CoreModClassTransformer@7e15f4d4 to Target : CLASS {Lnet/minecraft/world/entity/npc/CatSpawner;} {} {V}
[30Jul2025 14:46:05.315] [main/DEBUG] [cpw.mods.modlauncher.TransformStore/MODLAUNCHER]: Adding transformer net.minecraftforge.coremod.transformer.CoreModClassTransformer@7e15f4d4 to Target : CLASS {Lnet/minecraft/world/entity/monster/Strider;} {} {V}
[30Jul2025 14:46:05.315] [main/DEBUG] [cpw.mods.modlauncher.TransformStore/MODLAUNCHER]: Adding transformer net.minecraftforge.coremod.transformer.CoreModClassTransformer@7e15f4d4 to Target : CLASS {Lnet/minecraft/world/entity/monster/Spider;} {} {V}
[30Jul2025 14:46:05.315] [main/DEBUG] [cpw.mods.modlauncher.TransformStore/MODLAUNCHER]: Adding transformer net.minecraftforge.coremod.transformer.CoreModClassTransformer@7e15f4d4 to Target : CLASS {Lnet/minecraft/world/entity/animal/horse/SkeletonTrapGoal;} {} {V}
[30Jul2025 14:46:05.315] [main/DEBUG] [cpw.mods.modlauncher.TransformStore/MODLAUNCHER]: Adding transformer net.minecraftforge.coremod.transformer.CoreModClassTransformer@7e15f4d4 to Target : CLASS {Lnet/minecraft/world/entity/raid/Raid;} {} {V}
[30Jul2025 14:46:05.316] [main/DEBUG] [cpw.mods.modlauncher.TransformStore/MODLAUNCHER]: Adding transformer net.minecraftforge.coremod.transformer.CoreModClassTransformer@7e15f4d4 to Target : CLASS {Lnet/minecraft/world/level/levelgen/structure/structures/WoodlandMansionPieces$WoodlandMansionPiece;} {} {V}
[30Jul2025 14:46:05.316] [main/DEBUG] [cpw.mods.modlauncher.TransformStore/MODLAUNCHER]: Adding transformer net.minecraftforge.coremod.transformer.CoreModClassTransformer@7e15f4d4 to Target : CLASS {Lnet/minecraft/world/level/levelgen/structure/structures/SwampHutPiece;} {} {V}
[30Jul2025 14:46:05.316] [main/DEBUG] [cpw.mods.modlauncher.TransformStore/MODLAUNCHER]: Adding transformer net.minecraftforge.coremod.transformer.CoreModClassTransformer@7e15f4d4 to Target : CLASS {Lnet/minecraft/server/commands/SummonCommand;} {} {V}
[30Jul2025 14:46:05.316] [main/DEBUG] [cpw.mods.modlauncher.TransformStore/MODLAUNCHER]: Adding transformer net.minecraftforge.coremod.transformer.CoreModClassTransformer@7e15f4d4 to Target : CLASS {Lnet/minecraft/world/level/levelgen/PhantomSpawner;} {} {V}
[30Jul2025 14:46:05.317] [main/DEBUG] [cpw.mods.modlauncher.TransformStore/MODLAUNCHER]: Adding transformer net.minecraftforge.coremod.transformer.CoreModClassTransformer@7e15f4d4 to Target : CLASS {Lnet/minecraft/world/entity/ai/village/VillageSiege;} {} {V}
[30Jul2025 14:46:05.317] [main/DEBUG] [cpw.mods.modlauncher.TransformStore/MODLAUNCHER]: Adding transformer net.minecraftforge.coremod.transformer.CoreModClassTransformer@7e15f4d4 to Target : CLASS {Lnet/minecraft/world/entity/animal/frog/Tadpole;} {} {V}
[30Jul2025 14:46:05.317] [main/DEBUG] [cpw.mods.modlauncher.TransformStore/MODLAUNCHER]: Adding transformer net.minecraftforge.coremod.transformer.CoreModClassTransformer@5a058be5 to Target : CLASS {Lnet/minecraft/world/level/chunk/LevelChunk;} {} {V}
[30Jul2025 14:46:05.317] [main/DEBUG] [cpw.mods.modlauncher.TransformStore/MODLAUNCHER]: Adding transformer net.minecraftforge.coremod.transformer.CoreModClassTransformer@4eaf7902 to Target : CLASS {Lnet/minecraft/client/multiplayer/ClientPacketListener;} {} {V}
[30Jul2025 14:46:05.317] [main/DEBUG] [cpw.mods.modlauncher.TransformStore/MODLAUNCHER]: Adding transformer net.minecraftforge.coremod.transformer.CoreModClassTransformer@20c812c8 to Target : CLASS {Lnet/minecraft/client/multiplayer/ClientLevel;} {} {V}
[30Jul2025 14:46:05.318] [main/DEBUG] [cpw.mods.modlauncher.TransformStore/MODLAUNCHER]: Adding transformer net.minecraftforge.coremod.transformer.CoreModClassTransformer@71aaf151 to Target : CLASS {Lnet/minecraft/network/protocol/game/ClientboundSectionBlocksUpdatePacket;} {} {V}
[30Jul2025 14:46:05.318] [main/DEBUG] [cpw.mods.modlauncher.TransformStore/MODLAUNCHER]: Adding transformer net.minecraftforge.coremod.transformer.CoreModClassTransformer@7061622 to Target : CLASS {Lnet/minecraft/client/gui/components/CycleButton;} {} {V}
[30Jul2025 14:46:05.318] [main/DEBUG] [cpw.mods.modlauncher.TransformStore/MODLAUNCHER]: Adding transformer net.minecraftforge.coremod.transformer.CoreModClassTransformer@32d418a9 to Target : CLASS {Lnet/minecraft/server/MinecraftServer;} {} {V}
[30Jul2025 14:46:05.318] [main/DEBUG] [cpw.mods.modlauncher.TransformStore/MODLAUNCHER]: Adding transformer net.minecraftforge.coremod.transformer.CoreModClassTransformer@52ea0269 to Target : CLASS {Lnet/minecraft/server/level/ServerPlayer;} {} {V}
[30Jul2025 14:46:05.319] [main/DEBUG] [cpw.mods.modlauncher.TransformStore/MODLAUNCHER]: Adding transformer net.minecraftforge.coremod.transformer.CoreModClassTransformer@746c411c to Target : CLASS {Lnet/minecraft/client/Minecraft;} {} {V}
[30Jul2025 14:46:05.319] [main/DEBUG] [cpw.mods.modlauncher.TransformStore/MODLAUNCHER]: Adding transformer net.minecraftforge.coremod.transformer.CoreModClassTransformer@43ecfeb5 to Target : CLASS {Lnet/minecraft/client/gui/components/AbstractSelectionList;} {} {V}
[30Jul2025 14:46:05.319] [main/DEBUG] [cpw.mods.modlauncher.TransformStore/MODLAUNCHER]: Adding transformer net.minecraftforge.coremod.transformer.CoreModMethodTransformer@53940e2f to Target : METHOD {Lnet/minecraft/client/multiplayer/ClientPacketListener;} {m_6773_} {(Lnet/minecraft/network/protocol/game/ClientboundBlockUpdatePacket;)V}
[30Jul2025 14:46:05.319] [main/DEBUG] [cpw.mods.modlauncher.TransformStore/MODLAUNCHER]: Adding transformer net.minecraftforge.coremod.transformer.CoreModMethodTransformer@45e6d1e0 to Target : METHOD {Lnet/minecraft/client/multiplayer/ClientPacketListener;} {m_5771_} {(Lnet/minecraft/network/protocol/game/ClientboundSectionBlocksUpdatePacket;)V}
[30Jul2025 14:46:05.319] [main/DEBUG] [cpw.mods.modlauncher.TransformStore/MODLAUNCHER]: Adding transformer net.minecraftforge.coremod.transformer.CoreModMethodTransformer@61db86bf to Target : METHOD {Lnet/minecraft/client/multiplayer/ClientPacketListener;} {m_194198_} {(IILnet/minecraft/network/protocol/game/ClientboundLevelChunkPacketData;)V}
[30Jul2025 14:46:05.320] [main/DEBUG] [cpw.mods.modlauncher.TransformStore/MODLAUNCHER]: Adding transformer net.minecraftforge.coremod.transformer.CoreModMethodTransformer@4da1f38a to Target : METHOD {Lnet/minecraft/client/multiplayer/ClientPacketListener;} {m_183388_} {(Lnet/minecraft/network/protocol/game/ClientboundLevelChunkWithLightPacket;)V}
[30Jul2025 14:46:05.320] [main/DEBUG] [cpw.mods.modlauncher.TransformStore/MODLAUNCHER]: Adding transformer net.minecraftforge.coremod.transformer.CoreModMethodTransformer@3e377967 to Target : METHOD {Lnet/minecraft/client/multiplayer/ClientPacketListener;} {m_183514_} {(Lnet/minecraft/network/protocol/game/ClientboundLightUpdatePacket;)V}
[30Jul2025 14:46:05.320] [main/DEBUG] [cpw.mods.modlauncher.TransformStore/MODLAUNCHER]: Adding transformer net.minecraftforge.coremod.transformer.CoreModMethodTransformer@4dadd690 to Target : METHOD {Lnet/minecraft/client/multiplayer/ClientPacketListener;} {m_194252_} {(Lnet/minecraft/network/protocol/game/ClientboundForgetLevelChunkPacket;)V}
[30Jul2025 14:46:05.320] [main/DEBUG] [cpw.mods.modlauncher.TransformStore/MODLAUNCHER]: Adding transformer net.minecraftforge.coremod.transformer.CoreModMethodTransformer@707e4fe4 to Target : METHOD {Lnet/minecraft/client/multiplayer/ClientPacketListener;} {m_6571_} {(Lnet/minecraft/network/protocol/game/ClientboundSetDefaultSpawnPositionPacket;)V}
[30Jul2025 14:46:05.321] [main/DEBUG] [cpw.mods.modlauncher.TransformStore/MODLAUNCHER]: Adding transformer net.minecraftforge.coremod.transformer.CoreModMethodTransformer@3281dfc2 to Target : METHOD {Lnet/minecraft/client/player/AbstractClientPlayer;} {m_108561_} {()Lnet/minecraft/resources/ResourceLocation;}
[30Jul2025 14:46:05.321] [main/DEBUG] [cpw.mods.modlauncher.TransformStore/MODLAUNCHER]: Adding transformer net.minecraftforge.coremod.transformer.CoreModMethodTransformer@377874b4 to Target : METHOD {Lnet/minecraft/world/entity/player/Player;} {m_36170_} {(Lnet/minecraft/world/entity/player/PlayerModelPart;)Z}
[30Jul2025 14:46:05.321] [main/DEBUG] [cpw.mods.modlauncher.TransformStore/MODLAUNCHER]: Adding transformer net.minecraftforge.coremod.transformer.CoreModMethodTransformer@14422d9d to Target : METHOD {Lnet/minecraft/client/multiplayer/ClientPacketListener;} {m_5998_} {(Lnet/minecraft/network/protocol/game/ClientboundLoginPacket;)V}
[30Jul2025 14:46:05.321] [main/DEBUG] [cpw.mods.modlauncher.TransformStore/MODLAUNCHER]: Adding transformer net.minecraftforge.coremod.transformer.CoreModMethodTransformer@16c1519e to Target : METHOD {Lnet/minecraft/client/multiplayer/ClientPacketListener;} {m_261044_} {()V}
[30Jul2025 14:46:05.321] [main/DEBUG] [cpw.mods.modlauncher.TransformStore/MODLAUNCHER]: Adding transformer net.minecraftforge.coremod.transformer.CoreModMethodTransformer@2a02e34b to Target : METHOD {Lnet/minecraft/client/player/LocalPlayer;} {m_7583_} {()V}
[30Jul2025 14:46:05.322] [main/DEBUG] [cpw.mods.modlauncher.TransformStore/MODLAUNCHER]: Adding transformer net.minecraftforge.coremod.transformer.CoreModMethodTransformer@5eabff6b to Target : METHOD {Lnet/minecraft/server/players/PlayerList;} {m_11229_} {(Lnet/minecraft/server/level/ServerPlayer;Lnet/minecraft/server/level/ServerLevel;)V}
[30Jul2025 14:46:05.322] [main/DEBUG] [cpw.mods.modlauncher.TransformStore/MODLAUNCHER]: Adding transformer net.minecraftforge.coremod.transformer.CoreModMethodTransformer@5b000fe6 to Target : METHOD {Lnet/minecraft/client/gui/components/BossHealthOverlay;} {m_280652_} {(Lnet/minecraft/client/gui/GuiGraphics;)V}
[30Jul2025 14:46:05.322] [main/DEBUG] [cpw.mods.modlauncher.TransformStore/MODLAUNCHER]: Adding transformer net.minecraftforge.coremod.transformer.CoreModMethodTransformer@4751e8b9 to Target : METHOD {Lnet/minecraft/client/model/ListModel;} {m_7695_} {(Lcom/mojang/blaze3d/vertex/PoseStack;Lcom/mojang/blaze3d/vertex/VertexConsumer;IIFFFF)V}
[30Jul2025 14:46:05.322] [main/DEBUG] [cpw.mods.modlauncher.TransformStore/MODLAUNCHER]: Adding transformer net.minecraftforge.coremod.transformer.CoreModMethodTransformer@7af443a3 to Target : METHOD {Lnet/minecraft/client/model/AgeableListModel;} {m_7695_} {(Lcom/mojang/blaze3d/vertex/PoseStack;Lcom/mojang/blaze3d/vertex/VertexConsumer;IIFFFF)V}
[30Jul2025 14:46:05.323] [main/DEBUG] [cpw.mods.modlauncher.TransformStore/MODLAUNCHER]: Adding transformer net.minecraftforge.coremod.transformer.CoreModMethodTransformer@7b25ab31 to Target : METHOD {Lnet/minecraft/client/model/LlamaModel;} {m_7695_} {(Lcom/mojang/blaze3d/vertex/PoseStack;Lcom/mojang/blaze3d/vertex/VertexConsumer;IIFFFF)V}
[30Jul2025 14:46:05.323] [main/DEBUG] [cpw.mods.modlauncher.TransformStore/MODLAUNCHER]: Adding transformer net.minecraftforge.coremod.transformer.CoreModMethodTransformer@2001e48c to Target : METHOD {Lnet/minecraft/client/model/RabbitModel;} {m_7695_} {(Lcom/mojang/blaze3d/vertex/PoseStack;Lcom/mojang/blaze3d/vertex/VertexConsumer;IIFFFF)V}
[30Jul2025 14:46:05.323] [main/DEBUG] [cpw.mods.modlauncher.TransformStore/MODLAUNCHER]: Adding transformer net.minecraftforge.coremod.transformer.CoreModMethodTransformer@68ddd415 to Target : METHOD {Lnet/minecraft/client/renderer/entity/EnderDragonRenderer$DragonModel;} {m_7695_} {(Lcom/mojang/blaze3d/vertex/PoseStack;Lcom/mojang/blaze3d/vertex/VertexConsumer;IIFFFF)V}
[30Jul2025 14:46:05.323] [main/DEBUG] [cpw.mods.modlauncher.TransformStore/MODLAUNCHER]: Adding transformer net.minecraftforge.coremod.transformer.CoreModMethodTransformer@306c7bf6 to Target : METHOD {Lnet/minecraft/client/model/HierarchicalModel;} {m_7695_} {(Lcom/mojang/blaze3d/vertex/PoseStack;Lcom/mojang/blaze3d/vertex/VertexConsumer;IIFFFF)V}
[30Jul2025 14:46:05.324] [main/DEBUG] [cpw.mods.modlauncher.TransformStore/MODLAUNCHER]: Adding transformer net.minecraftforge.coremod.transformer.CoreModMethodTransformer@664632e9 to Target : METHOD {Lnet/minecraft/client/model/geom/ModelPart;} {m_104290_} {(Lcom/mojang/blaze3d/vertex/PoseStack$Pose;Lcom/mojang/blaze3d/vertex/VertexConsumer;IIFFFF)V}
[30Jul2025 14:46:05.324] [main/DEBUG] [cpw.mods.modlauncher.TransformStore/MODLAUNCHER]: Adding transformer net.minecraftforge.coremod.transformer.CoreModMethodTransformer@494c8f29 to Target : METHOD {Lnet/minecraft/world/level/storage/LevelStorageSource$LevelStorageAccess;} {m_78311_} {()V}
[30Jul2025 14:46:05.324] [main/DEBUG] [cpw.mods.modlauncher.TransformStore/MODLAUNCHER]: Adding transformer net.minecraftforge.coremod.transformer.CoreModMethodTransformer@4f379769 to Target : METHOD {Lnet/minecraft/client/multiplayer/ClientPacketListener;} {m_246623_} {(Ljava/lang/String;)V}
[30Jul2025 14:46:05.324] [main/DEBUG] [cpw.mods.modlauncher.TransformStore/MODLAUNCHER]: Adding transformer net.minecraftforge.coremod.transformer.CoreModMethodTransformer@1c57f6b2 to Target : METHOD {Lnet/minecraft/client/multiplayer/ClientPacketListener;} {m_246979_} {(Ljava/lang/String;)Z}
[30Jul2025 14:46:05.324] [main/DEBUG] [cpw.mods.modlauncher.TransformStore/MODLAUNCHER]: Adding transformer net.minecraftforge.coremod.transformer.CoreModMethodTransformer@4b515eab to Target : METHOD {Lnet/minecraft/client/multiplayer/chat/ChatListener;} {m_240494_} {(Lnet/minecraft/network/chat/Component;Z)V}
[30Jul2025 14:46:05.325] [main/DEBUG] [cpw.mods.modlauncher.TransformStore/MODLAUNCHER]: Adding transformer net.minecraftforge.coremod.transformer.CoreModMethodTransformer@66c9b52f to Target : METHOD {Lnet/minecraft/client/multiplayer/chat/ChatListener;} {m_245141_} {(Lnet/minecraft/network/chat/Component;Lnet/minecraft/network/chat/ChatType$Bound;)V}
[30Jul2025 14:46:05.325] [main/DEBUG] [cpw.mods.modlauncher.TransformStore/MODLAUNCHER]: Adding transformer net.minecraftforge.coremod.transformer.CoreModMethodTransformer@1536ea40 to Target : METHOD {Lnet/minecraft/client/ToggleKeyMapping;} {m_90857_} {()Z}
[30Jul2025 14:46:05.325] [main/DEBUG] [cpw.mods.modlauncher.TransformationServiceDecorator/MODLAUNCHER]: Initialized transformers for transformation service fml
[30Jul2025 14:46:05.364] [main/INFO] [optifine.OptiFineTransformationService/]: additionalClassesLocator: [optifine., net.optifine.]
[30Jul2025 14:46:06.016] [main/DEBUG] [mixin/]: Processing prepare() for PlatformAgent[MixinPlatformAgentDefault:ModLauncher Root Container(ModLauncher:4f56a0a2)]
[30Jul2025 14:46:06.016] [main/DEBUG] [mixin/]: Processing launch tasks for PlatformAgent[MixinPlatformAgentDefault:ModLauncher Root Container(ModLauncher:4f56a0a2)]
[30Jul2025 14:46:06.016] [main/DEBUG] [mixin/]: Adding mixin platform agents for container SecureJarResource(net.optifine)
[30Jul2025 14:46:06.017] [main/DEBUG] [mixin/]: Instancing new MixinPlatformAgentMinecraftForge for SecureJarResource(net.optifine)
[30Jul2025 14:46:06.017] [main/DEBUG] [mixin/]: MixinPlatformAgentMinecraftForge rejected container SecureJarResource(net.optifine)
[30Jul2025 14:46:06.017] [main/DEBUG] [mixin/]: Instancing new MixinPlatformAgentDefault for SecureJarResource(net.optifine)
[30Jul2025 14:46:06.017] [main/DEBUG] [mixin/]: MixinPlatformAgentDefault accepted container SecureJarResource(net.optifine)
[30Jul2025 14:46:06.017] [main/DEBUG] [mixin/]: Processing prepare() for PlatformAgent[MixinPlatformAgentDefault:SecureJarResource(net.optifine)]
[30Jul2025 14:46:06.018] [main/DEBUG] [mixin/]: Adding mixin platform agents for container SecureJarResource(minecraft)
[30Jul2025 14:46:06.018] [main/DEBUG] [mixin/]: Instancing new MixinPlatformAgentMinecraftForge for SecureJarResource(minecraft)
[30Jul2025 14:46:06.018] [main/DEBUG] [mixin/]: MixinPlatformAgentMinecraftForge rejected container SecureJarResource(minecraft)
[30Jul2025 14:46:06.019] [main/DEBUG] [mixin/]: Instancing new MixinPlatformAgentDefault for SecureJarResource(minecraft)
[30Jul2025 14:46:06.019] [main/DEBUG] [mixin/]: MixinPlatformAgentDefault accepted container SecureJarResource(minecraft)
[30Jul2025 14:46:06.019] [main/DEBUG] [mixin/]: Processing prepare() for PlatformAgent[MixinPlatformAgentDefault:SecureJarResource(minecraft)]
[30Jul2025 14:46:06.019] [main/DEBUG] [mixin/]: Adding mixin platform agents for container SecureJarResource(mr_dungeons_andtaverns)
[30Jul2025 14:46:06.020] [main/DEBUG] [mixin/]: Instancing new MixinPlatformAgentMinecraftForge for SecureJarResource(mr_dungeons_andtaverns)
[30Jul2025 14:46:06.020] [main/DEBUG] [mixin/]: MixinPlatformAgentMinecraftForge rejected container SecureJarResource(mr_dungeons_andtaverns)
[30Jul2025 14:46:06.020] [main/DEBUG] [mixin/]: Instancing new MixinPlatformAgentDefault for SecureJarResource(mr_dungeons_andtaverns)
[30Jul2025 14:46:06.020] [main/DEBUG] [mixin/]: MixinPlatformAgentDefault accepted container SecureJarResource(mr_dungeons_andtaverns)
[30Jul2025 14:46:06.021] [main/DEBUG] [mixin/]: Processing prepare() for PlatformAgent[MixinPlatformAgentDefault:SecureJarResource(mr_dungeons_andtaverns)]
[30Jul2025 14:46:06.021] [main/DEBUG] [mixin/]: Adding mixin platform agents for container SecureJarResource(mixinextras)
[30Jul2025 14:46:06.021] [main/DEBUG] [mixin/]: Instancing new MixinPlatformAgentMinecraftForge for SecureJarResource(mixinextras)
[30Jul2025 14:46:06.022] [main/DEBUG] [mixin/]: MixinPlatformAgentMinecraftForge rejected container SecureJarResource(mixinextras)
[30Jul2025 14:46:06.022] [main/DEBUG] [mixin/]: Instancing new MixinPlatformAgentDefault for SecureJarResource(mixinextras)
[30Jul2025 14:46:06.022] [main/DEBUG] [mixin/]: MixinPlatformAgentDefault accepted container SecureJarResource(mixinextras)
[30Jul2025 14:46:06.022] [main/DEBUG] [mixin/]: Processing prepare() for PlatformAgent[MixinPlatformAgentDefault:SecureJarResource(mixinextras)]
[30Jul2025 14:46:06.022] [main/DEBUG] [mixin/]: Registering mixin config: mixinextras.init.mixins.json
[30Jul2025 14:46:06.040] [main/DEBUG] [mixin/]: Adding mixin platform agents for container SecureJarResource(terrablender)
[30Jul2025 14:46:06.040] [main/DEBUG] [mixin/]: Instancing new MixinPlatformAgentMinecraftForge for SecureJarResource(terrablender)
[30Jul2025 14:46:06.040] [main/DEBUG] [mixin/]: MixinPlatformAgentMinecraftForge rejected container SecureJarResource(terrablender)
[30Jul2025 14:46:06.040] [main/DEBUG] [mixin/]: Instancing new MixinPlatformAgentDefault for SecureJarResource(terrablender)
[30Jul2025 14:46:06.041] [main/DEBUG] [mixin/]: MixinPlatformAgentDefault accepted container SecureJarResource(terrablender)
[30Jul2025 14:46:06.041] [main/DEBUG] [mixin/]: Processing prepare() for PlatformAgent[MixinPlatformAgentDefault:SecureJarResource(terrablender)]
[30Jul2025 14:46:06.041] [main/DEBUG] [mixin/]: Registering mixin config: terrablender.mixins.json
[30Jul2025 14:46:06.044] [main/DEBUG] [mixin/]: Compatibility level JAVA_17 specified by terrablender.mixins.json is higher than the maximum level supported by this version of mixin (JAVA_13).
[30Jul2025 14:46:06.050] [main/INFO] [mixin/]: Compatibility level set to JAVA_17
[30Jul2025 14:46:06.050] [main/DEBUG] [mixin/]: Registering mixin config: terrablender_forge.mixins.json
[30Jul2025 14:46:06.052] [main/DEBUG] [mixin/]: Adding mixin platform agents for container SecureJarResource(glitchcore)
[30Jul2025 14:46:06.054] [main/DEBUG] [mixin/]: Instancing new MixinPlatformAgentMinecraftForge for SecureJarResource(glitchcore)
[30Jul2025 14:46:06.055] [main/DEBUG] [mixin/]: MixinPlatformAgentMinecraftForge rejected container SecureJarResource(glitchcore)
[30Jul2025 14:46:06.055] [main/DEBUG] [mixin/]: Instancing new MixinPlatformAgentDefault for SecureJarResource(glitchcore)
[30Jul2025 14:46:06.055] [main/DEBUG] [mixin/]: MixinPlatformAgentDefault accepted container SecureJarResource(glitchcore)
[30Jul2025 14:46:06.055] [main/DEBUG] [mixin/]: Processing prepare() for PlatformAgent[MixinPlatformAgentDefault:SecureJarResource(glitchcore)]
[30Jul2025 14:46:06.055] [main/DEBUG] [mixin/]: Registering mixin config: glitchcore.mixins.json
[30Jul2025 14:46:06.058] [main/DEBUG] [mixin/]: Registering mixin config: glitchcore.forge.mixins.json
[30Jul2025 14:46:06.060] [main/DEBUG] [mixin/]: Adding mixin platform agents for container SecureJarResource(biomesoplenty)
[30Jul2025 14:46:06.061] [main/DEBUG] [mixin/]: Instancing new MixinPlatformAgentMinecraftForge for SecureJarResource(biomesoplenty)
[30Jul2025 14:46:06.061] [main/DEBUG] [mixin/]: MixinPlatformAgentMinecraftForge rejected container SecureJarResource(biomesoplenty)
[30Jul2025 14:46:06.061] [main/DEBUG] [mixin/]: Instancing new MixinPlatformAgentDefault for SecureJarResource(biomesoplenty)
[30Jul2025 14:46:06.062] [main/DEBUG] [mixin/]: MixinPlatformAgentDefault accepted container SecureJarResource(biomesoplenty)
[30Jul2025 14:46:06.062] [main/DEBUG] [mixin/]: Processing prepare() for PlatformAgent[MixinPlatformAgentDefault:SecureJarResource(biomesoplenty)]
[30Jul2025 14:46:06.062] [main/DEBUG] [mixin/]: Registering mixin config: biomesoplenty.mixins.json
[30Jul2025 14:46:06.064] [main/DEBUG] [mixin/]: Registering mixin config: biomesoplenty.forge.mixins.json
[30Jul2025 14:46:06.068] [main/DEBUG] [mixin/]: Adding mixin platform agents for container SecureJarResource(jade)
[30Jul2025 14:46:06.068] [main/DEBUG] [mixin/]: Instancing new MixinPlatformAgentMinecraftForge for SecureJarResource(jade)
[30Jul2025 14:46:06.068] [main/DEBUG] [mixin/]: MixinPlatformAgentMinecraftForge rejected container SecureJarResource(jade)
[30Jul2025 14:46:06.068] [main/DEBUG] [mixin/]: Instancing new MixinPlatformAgentDefault for SecureJarResource(jade)
[30Jul2025 14:46:06.068] [main/DEBUG] [mixin/]: MixinPlatformAgentDefault accepted container SecureJarResource(jade)
[30Jul2025 14:46:06.068] [main/DEBUG] [mixin/]: Processing prepare() for PlatformAgent[MixinPlatformAgentDefault:SecureJarResource(jade)]
[30Jul2025 14:46:06.068] [main/DEBUG] [mixin/]: Registering mixin config: jade.mixins.json
[30Jul2025 14:46:06.069] [main/DEBUG] [mixin/]: Compatibility level JAVA_16 specified by jade.mixins.json is higher than the maximum level supported by this version of mixin (JAVA_13).
[30Jul2025 14:46:06.070] [main/DEBUG] [mixin/]: Adding mixin platform agents for container SecureJarResource(explorify)
[30Jul2025 14:46:06.070] [main/DEBUG] [mixin/]: Instancing new MixinPlatformAgentMinecraftForge for SecureJarResource(explorify)
[30Jul2025 14:46:06.070] [main/DEBUG] [mixin/]: MixinPlatformAgentMinecraftForge rejected container SecureJarResource(explorify)
[30Jul2025 14:46:06.070] [main/DEBUG] [mixin/]: Instancing new MixinPlatformAgentDefault for SecureJarResource(explorify)
[30Jul2025 14:46:06.070] [main/DEBUG] [mixin/]: MixinPlatformAgentDefault accepted container SecureJarResource(explorify)
[30Jul2025 14:46:06.070] [main/DEBUG] [mixin/]: Processing prepare() for PlatformAgent[MixinPlatformAgentDefault:SecureJarResource(explorify)]
[30Jul2025 14:46:06.070] [main/DEBUG] [mixin/]: Adding mixin platform agents for container SecureJarResource(easymagic)
[30Jul2025 14:46:06.070] [main/DEBUG] [mixin/]: Instancing new MixinPlatformAgentMinecraftForge for SecureJarResource(easymagic)
[30Jul2025 14:46:06.070] [main/DEBUG] [mixin/]: MixinPlatformAgentMinecraftForge rejected container SecureJarResource(easymagic)
[30Jul2025 14:46:06.070] [main/DEBUG] [mixin/]: Instancing new MixinPlatformAgentDefault for SecureJarResource(easymagic)
[30Jul2025 14:46:06.070] [main/DEBUG] [mixin/]: MixinPlatformAgentDefault accepted container SecureJarResource(easymagic)
[30Jul2025 14:46:06.070] [main/DEBUG] [mixin/]: Processing prepare() for PlatformAgent[MixinPlatformAgentDefault:SecureJarResource(easymagic)]
[30Jul2025 14:46:06.070] [main/DEBUG] [mixin/]: Registering mixin config: easymagic.common.mixins.json
[30Jul2025 14:46:06.075] [main/DEBUG] [mixin/]: Adding mixin platform agents for container SecureJarResource(jei)
[30Jul2025 14:46:06.075] [main/DEBUG] [mixin/]: Instancing new MixinPlatformAgentMinecraftForge for SecureJarResource(jei)
[30Jul2025 14:46:06.075] [main/DEBUG] [mixin/]: MixinPlatformAgentMinecraftForge rejected container SecureJarResource(jei)
[30Jul2025 14:46:06.075] [main/DEBUG] [mixin/]: Instancing new MixinPlatformAgentDefault for SecureJarResource(jei)
[30Jul2025 14:46:06.076] [main/DEBUG] [mixin/]: MixinPlatformAgentDefault accepted container SecureJarResource(jei)
[30Jul2025 14:46:06.076] [main/DEBUG] [mixin/]: Processing prepare() for PlatformAgent[MixinPlatformAgentDefault:SecureJarResource(jei)]
[30Jul2025 14:46:06.076] [main/DEBUG] [mixin/]: Adding mixin platform agents for container SecureJarResource(puzzleslib)
[30Jul2025 14:46:06.076] [main/DEBUG] [mixin/]: Instancing new MixinPlatformAgentMinecraftForge for SecureJarResource(puzzleslib)
[30Jul2025 14:46:06.076] [main/DEBUG] [mixin/]: MixinPlatformAgentMinecraftForge rejected container SecureJarResource(puzzleslib)
[30Jul2025 14:46:06.076] [main/DEBUG] [mixin/]: Instancing new MixinPlatformAgentDefault for SecureJarResource(puzzleslib)
[30Jul2025 14:46:06.076] [main/DEBUG] [mixin/]: MixinPlatformAgentDefault accepted container SecureJarResource(puzzleslib)
[30Jul2025 14:46:06.076] [main/DEBUG] [mixin/]: Processing prepare() for PlatformAgent[MixinPlatformAgentDefault:SecureJarResource(puzzleslib)]
[30Jul2025 14:46:06.076] [main/DEBUG] [mixin/]: Registering mixin config: puzzleslib.common.mixins.json
[30Jul2025 14:46:06.080] [main/DEBUG] [mixin/]: Registering mixin config: puzzleslib.forge.mixins.json
[30Jul2025 14:46:06.081] [main/DEBUG] [mixin/]: Adding mixin platform agents for container SecureJarResource(carryon)
[30Jul2025 14:46:06.081] [main/DEBUG] [mixin/]: Instancing new MixinPlatformAgentMinecraftForge for SecureJarResource(carryon)
[30Jul2025 14:46:06.081] [main/DEBUG] [mixin/]: MixinPlatformAgentMinecraftForge rejected container SecureJarResource(carryon)
[30Jul2025 14:46:06.082] [main/DEBUG] [mixin/]: Instancing new MixinPlatformAgentDefault for SecureJarResource(carryon)
[30Jul2025 14:46:06.082] [main/DEBUG] [mixin/]: MixinPlatformAgentDefault accepted container SecureJarResource(carryon)
[30Jul2025 14:46:06.082] [main/DEBUG] [mixin/]: Processing prepare() for PlatformAgent[MixinPlatformAgentDefault:SecureJarResource(carryon)]
[30Jul2025 14:46:06.082] [main/DEBUG] [mixin/]: Registering mixin config: carryon.mixins.json
[30Jul2025 14:46:06.083] [main/DEBUG] [mixin/]: Registering mixin config: carryon.forge.mixins.json
[30Jul2025 14:46:06.086] [main/DEBUG] [mixin/]: Adding mixin platform agents for container SecureJarResource(the_bumblezone)
[30Jul2025 14:46:06.087] [main/DEBUG] [mixin/]: Instancing new MixinPlatformAgentMinecraftForge for SecureJarResource(the_bumblezone)
[30Jul2025 14:46:06.087] [main/DEBUG] [mixin/]: MixinPlatformAgentMinecraftForge rejected container SecureJarResource(the_bumblezone)
[30Jul2025 14:46:06.087] [main/DEBUG] [mixin/]: Instancing new MixinPlatformAgentDefault for SecureJarResource(the_bumblezone)
[30Jul2025 14:46:06.087] [main/DEBUG] [mixin/]: MixinPlatformAgentDefault accepted container SecureJarResource(the_bumblezone)
[30Jul2025 14:46:06.087] [main/DEBUG] [mixin/]: Processing prepare() for PlatformAgent[MixinPlatformAgentDefault:SecureJarResource(the_bumblezone)]
[30Jul2025 14:46:06.087] [main/DEBUG] [mixin/]: Registering mixin config: the_bumblezone-common.mixins.json
[30Jul2025 14:46:06.092] [main/DEBUG] [mixin/]: Registering mixin config: the_bumblezone-forge.mixins.json
[30Jul2025 14:46:06.094] [main/DEBUG] [mixin/]: Adding mixin platform agents for container SecureJarResource(framework)
[30Jul2025 14:46:06.094] [main/DEBUG] [mixin/]: Instancing new MixinPlatformAgentMinecraftForge for SecureJarResource(framework)
[30Jul2025 14:46:06.094] [main/DEBUG] [mixin/]: MixinPlatformAgentMinecraftForge rejected container SecureJarResource(framework)
[30Jul2025 14:46:06.094] [main/DEBUG] [mixin/]: Instancing new MixinPlatformAgentDefault for SecureJarResource(framework)
[30Jul2025 14:46:06.095] [main/DEBUG] [mixin/]: MixinPlatformAgentDefault accepted container SecureJarResource(framework)
[30Jul2025 14:46:06.095] [main/DEBUG] [mixin/]: Processing prepare() for PlatformAgent[MixinPlatformAgentDefault:SecureJarResource(framework)]
[30Jul2025 14:46:06.095] [main/DEBUG] [mixin/]: Adding mixin platform agents for container SecureJarResource(puzzlesaccessapi)
[30Jul2025 14:46:06.095] [main/DEBUG] [mixin/]: Instancing new MixinPlatformAgentMinecraftForge for SecureJarResource(puzzlesaccessapi)
[30Jul2025 14:46:06.096] [main/DEBUG] [mixin/]: MixinPlatformAgentMinecraftForge rejected container SecureJarResource(puzzlesaccessapi)
[30Jul2025 14:46:06.096] [main/DEBUG] [mixin/]: Instancing new MixinPlatformAgentDefault for SecureJarResource(puzzlesaccessapi)
[30Jul2025 14:46:06.096] [main/DEBUG] [mixin/]: MixinPlatformAgentDefault accepted container SecureJarResource(puzzlesaccessapi)
[30Jul2025 14:46:06.096] [main/DEBUG] [mixin/]: Processing prepare() for PlatformAgent[MixinPlatformAgentDefault:SecureJarResource(puzzlesaccessapi)]
[30Jul2025 14:46:06.096] [main/DEBUG] [mixin/]: Registering mixin config: puzzlesaccessapi.common.mixins.json
[30Jul2025 14:46:06.097] [main/DEBUG] [mixin/]: Registering mixin config: puzzlesaccessapi.forge.mixins.json
[30Jul2025 14:46:06.099] [main/DEBUG] [mixin/]: Adding mixin platform agents for container SecureJarResource(forge)
[30Jul2025 14:46:06.099] [main/DEBUG] [mixin/]: Instancing new MixinPlatformAgentMinecraftForge for SecureJarResource(forge)
[30Jul2025 14:46:06.099] [main/DEBUG] [mixin/]: MixinPlatformAgentMinecraftForge rejected container SecureJarResource(forge)
[30Jul2025 14:46:06.099] [main/DEBUG] [mixin/]: Instancing new MixinPlatformAgentDefault for SecureJarResource(forge)
[30Jul2025 14:46:06.100] [main/DEBUG] [mixin/]: MixinPlatformAgentDefault accepted container SecureJarResource(forge)
[30Jul2025 14:46:06.100] [main/DEBUG] [mixin/]: Processing prepare() for PlatformAgent[MixinPlatformAgentDefault:SecureJarResource(forge)]
[30Jul2025 14:46:06.100] [main/DEBUG] [mixin/]: Adding mixin platform agents for container SecureJarResource(pfm)
[30Jul2025 14:46:06.100] [main/DEBUG] [mixin/]: Instancing new MixinPlatformAgentMinecraftForge for SecureJarResource(pfm)
[30Jul2025 14:46:06.100] [main/DEBUG] [mixin/]: MixinPlatformAgentMinecraftForge rejected container SecureJarResource(pfm)
[30Jul2025 14:46:06.101] [main/DEBUG] [mixin/]: Instancing new MixinPlatformAgentDefault for SecureJarResource(pfm)
[30Jul2025 14:46:06.101] [main/DEBUG] [mixin/]: MixinPlatformAgentDefault accepted container SecureJarResource(pfm)
[30Jul2025 14:46:06.101] [main/DEBUG] [mixin/]: Processing prepare() for PlatformAgent[MixinPlatformAgentDefault:SecureJarResource(pfm)]
[30Jul2025 14:46:06.101] [main/DEBUG] [mixin/]: Registering mixin config: pfm-common.mixins.json
[30Jul2025 14:46:06.102] [main/DEBUG] [mixin/]: Compatibility level JAVA_8 specified by pfm-common.mixins.json is lower than the default level supported by the current mixin service (JAVA_16).
[30Jul2025 14:46:06.102] [main/DEBUG] [mixin/]: Registering mixin config: pfm.mixins.json
[30Jul2025 14:46:06.104] [main/DEBUG] [mixin/]: Compatibility level JAVA_8 specified by pfm.mixins.json is lower than the default level supported by the current mixin service (JAVA_16).
[30Jul2025 14:46:06.104] [main/DEBUG] [mixin/]: Adding mixin platform agents for container SecureJarResource(curios)
[30Jul2025 14:46:06.104] [main/DEBUG] [mixin/]: Instancing new MixinPlatformAgentMinecraftForge for SecureJarResource(curios)
[30Jul2025 14:46:06.104] [main/DEBUG] [mixin/]: MixinPlatformAgentMinecraftForge rejected container SecureJarResource(curios)
[30Jul2025 14:46:06.104] [main/DEBUG] [mixin/]: Instancing new MixinPlatformAgentDefault for SecureJarResource(curios)
[30Jul2025 14:46:06.104] [main/DEBUG] [mixin/]: MixinPlatformAgentDefault accepted container SecureJarResource(curios)
[30Jul2025 14:46:06.104] [main/DEBUG] [mixin/]: Processing prepare() for PlatformAgent[MixinPlatformAgentDefault:SecureJarResource(curios)]
[30Jul2025 14:46:06.104] [main/DEBUG] [mixin/]: Registering mixin config: curios.mixins.json
[30Jul2025 14:46:06.106] [main/DEBUG] [mixin/]: Adding mixin platform agents for container SecureJarResource(xaerominimap)
[30Jul2025 14:46:06.106] [main/DEBUG] [mixin/]: Instancing new MixinPlatformAgentMinecraftForge for SecureJarResource(xaerominimap)
[30Jul2025 14:46:06.106] [main/DEBUG] [mixin/]: MixinPlatformAgentMinecraftForge rejected container SecureJarResource(xaerominimap)
[30Jul2025 14:46:06.106] [main/DEBUG] [mixin/]: Instancing new MixinPlatformAgentDefault for SecureJarResource(xaerominimap)
[30Jul2025 14:46:06.106] [main/DEBUG] [mixin/]: MixinPlatformAgentDefault accepted container SecureJarResource(xaerominimap)
[30Jul2025 14:46:06.107] [main/DEBUG] [mixin/]: Processing prepare() for PlatformAgent[MixinPlatformAgentDefault:SecureJarResource(xaerominimap)]
[30Jul2025 14:46:06.107] [main/DEBUG] [mixin/]: Adding mixin platform agents for container SecureJarResource(athena)
[30Jul2025 14:46:06.107] [main/DEBUG] [mixin/]: Instancing new MixinPlatformAgentMinecraftForge for SecureJarResource(athena)
[30Jul2025 14:46:06.107] [main/DEBUG] [mixin/]: MixinPlatformAgentMinecraftForge rejected container SecureJarResource(athena)
[30Jul2025 14:46:06.107] [main/DEBUG] [mixin/]: Instancing new MixinPlatformAgentDefault for SecureJarResource(athena)
[30Jul2025 14:46:06.107] [main/DEBUG] [mixin/]: MixinPlatformAgentDefault accepted container SecureJarResource(athena)
[30Jul2025 14:46:06.107] [main/DEBUG] [mixin/]: Processing prepare() for PlatformAgent[MixinPlatformAgentDefault:SecureJarResource(athena)]
[30Jul2025 14:46:06.107] [main/DEBUG] [mixin/]: Registering mixin config: athena.mixins.json
[30Jul2025 14:46:06.109] [main/DEBUG] [mixin/]: Registering mixin config: athena-forge.mixins.json
[30Jul2025 14:46:06.110] [main/DEBUG] [mixin/]: Adding mixin platform agents for container SecureJarResource(citadel)
[30Jul2025 14:46:06.110] [main/DEBUG] [mixin/]: Instancing new MixinPlatformAgentMinecraftForge for SecureJarResource(citadel)
[30Jul2025 14:46:06.110] [main/DEBUG] [mixin/]: MixinPlatformAgentMinecraftForge rejected container SecureJarResource(citadel)
[30Jul2025 14:46:06.110] [main/DEBUG] [mixin/]: Instancing new MixinPlatformAgentDefault for SecureJarResource(citadel)
[30Jul2025 14:46:06.111] [main/DEBUG] [mixin/]: MixinPlatformAgentDefault accepted container SecureJarResource(citadel)
[30Jul2025 14:46:06.111] [main/DEBUG] [mixin/]: Processing prepare() for PlatformAgent[MixinPlatformAgentDefault:SecureJarResource(citadel)]
[30Jul2025 14:46:06.111] [main/DEBUG] [mixin/]: Registering mixin config: citadel.mixins.json
[30Jul2025 14:46:06.112] [main/DEBUG] [mixin/]: Adding mixin platform agents for container SecureJarResource(alexsmobs)
[30Jul2025 14:46:06.112] [main/DEBUG] [mixin/]: Instancing new MixinPlatformAgentMinecraftForge for SecureJarResource(alexsmobs)
[30Jul2025 14:46:06.112] [main/DEBUG] [mixin/]: MixinPlatformAgentMinecraftForge rejected container SecureJarResource(alexsmobs)
[30Jul2025 14:46:06.112] [main/DEBUG] [mixin/]: Instancing new MixinPlatformAgentDefault for SecureJarResource(alexsmobs)
[30Jul2025 14:46:06.113] [main/DEBUG] [mixin/]: MixinPlatformAgentDefault accepted container SecureJarResource(alexsmobs)
[30Jul2025 14:46:06.113] [main/DEBUG] [mixin/]: Processing prepare() for PlatformAgent[MixinPlatformAgentDefault:SecureJarResource(alexsmobs)]
[30Jul2025 14:46:06.113] [main/DEBUG] [mixin/]: Registering mixin config: citadel.mixins.json
[30Jul2025 14:46:06.113] [main/DEBUG] [mixin/]: Adding mixin platform agents for container SecureJarResource(iceandfire)
[30Jul2025 14:46:06.113] [main/DEBUG] [mixin/]: Instancing new MixinPlatformAgentMinecraftForge for SecureJarResource(iceandfire)
[30Jul2025 14:46:06.113] [main/DEBUG] [mixin/]: MixinPlatformAgentMinecraftForge rejected container SecureJarResource(iceandfire)
[30Jul2025 14:46:06.113] [main/DEBUG] [mixin/]: Instancing new MixinPlatformAgentDefault for SecureJarResource(iceandfire)
[30Jul2025 14:46:06.113] [main/DEBUG] [mixin/]: MixinPlatformAgentDefault accepted container SecureJarResource(iceandfire)
[30Jul2025 14:46:06.113] [main/DEBUG] [mixin/]: Processing prepare() for PlatformAgent[MixinPlatformAgentDefault:SecureJarResource(iceandfire)]
[30Jul2025 14:46:06.113] [main/DEBUG] [mixin/]: Registering mixin config: iceandfire.mixins.json
[30Jul2025 14:46:06.115] [main/DEBUG] [mixin/]: Adding mixin platform agents for container SecureJarResource(MixinExtras)
[30Jul2025 14:46:06.115] [main/DEBUG] [mixin/]: Instancing new MixinPlatformAgentMinecraftForge for SecureJarResource(MixinExtras)
[30Jul2025 14:46:06.115] [main/DEBUG] [mixin/]: MixinPlatformAgentMinecraftForge rejected container SecureJarResource(MixinExtras)
[30Jul2025 14:46:06.115] [main/DEBUG] [mixin/]: Instancing new MixinPlatformAgentDefault for SecureJarResource(MixinExtras)
[30Jul2025 14:46:06.115] [main/DEBUG] [mixin/]: MixinPlatformAgentDefault accepted container SecureJarResource(MixinExtras)
[30Jul2025 14:46:06.116] [main/DEBUG] [mixin/]: Processing prepare() for PlatformAgent[MixinPlatformAgentDefault:SecureJarResource(MixinExtras)]
[30Jul2025 14:46:06.116] [main/DEBUG] [mixin/]: inject() running with 26 agents
[30Jul2025 14:46:06.116] [main/DEBUG] [mixin/]: Processing inject() for PlatformAgent[MixinPlatformAgentDefault:ModLauncher Root Container(ModLauncher:4f56a0a2)]
[30Jul2025 14:46:06.116] [main/DEBUG] [mixin/]: Processing inject() for PlatformAgent[MixinPlatformAgentDefault:SecureJarResource(net.optifine)]
[30Jul2025 14:46:06.116] [main/DEBUG] [mixin/]: Processing inject() for PlatformAgent[MixinPlatformAgentDefault:SecureJarResource(minecraft)]
[30Jul2025 14:46:06.116] [main/DEBUG] [mixin/]: Processing inject() for PlatformAgent[MixinPlatformAgentDefault:SecureJarResource(mr_dungeons_andtaverns)]
[30Jul2025 14:46:06.116] [main/DEBUG] [mixin/]: Processing inject() for PlatformAgent[MixinPlatformAgentDefault:SecureJarResource(mixinextras)]
[30Jul2025 14:46:06.117] [main/DEBUG] [mixin/]: Processing inject() for PlatformAgent[MixinPlatformAgentDefault:SecureJarResource(terrablender)]
[30Jul2025 14:46:06.117] [main/DEBUG] [mixin/]: Processing inject() for PlatformAgent[MixinPlatformAgentDefault:SecureJarResource(glitchcore)]
[30Jul2025 14:46:06.117] [main/DEBUG] [mixin/]: Processing inject() for PlatformAgent[MixinPlatformAgentDefault:SecureJarResource(biomesoplenty)]
[30Jul2025 14:46:06.117] [main/DEBUG] [mixin/]: Processing inject() for PlatformAgent[MixinPlatformAgentDefault:SecureJarResource(jade)]
[30Jul2025 14:46:06.117] [main/DEBUG] [mixin/]: Processing inject() for PlatformAgent[MixinPlatformAgentDefault:SecureJarResource(explorify)]
[30Jul2025 14:46:06.117] [main/DEBUG] [mixin/]: Processing inject() for PlatformAgent[MixinPlatformAgentDefault:SecureJarResource(easymagic)]
[30Jul2025 14:46:06.117] [main/DEBUG] [mixin/]: Processing inject() for PlatformAgent[MixinPlatformAgentDefault:SecureJarResource(jei)]
[30Jul2025 14:46:06.118] [main/DEBUG] [mixin/]: Processing inject() for PlatformAgent[MixinPlatformAgentDefault:SecureJarResource(puzzleslib)]
[30Jul2025 14:46:06.118] [main/DEBUG] [mixin/]: Processing inject() for PlatformAgent[MixinPlatformAgentDefault:SecureJarResource(carryon)]
[30Jul2025 14:46:06.118] [main/DEBUG] [mixin/]: Processing inject() for PlatformAgent[MixinPlatformAgentDefault:SecureJarResource(the_bumblezone)]
[30Jul2025 14:46:06.118] [main/DEBUG] [mixin/]: Processing inject() for PlatformAgent[MixinPlatformAgentDefault:SecureJarResource(framework)]
[30Jul2025 14:46:06.118] [main/DEBUG] [mixin/]: Processing inject() for PlatformAgent[MixinPlatformAgentDefault:SecureJarResource(puzzlesaccessapi)]
[30Jul2025 14:46:06.118] [main/DEBUG] [mixin/]: Processing inject() for PlatformAgent[MixinPlatformAgentDefault:SecureJarResource(forge)]
[30Jul2025 14:46:06.118] [main/DEBUG] [mixin/]: Processing inject() for PlatformAgent[MixinPlatformAgentDefault:SecureJarResource(pfm)]
[30Jul2025 14:46:06.118] [main/DEBUG] [mixin/]: Processing inject() for PlatformAgent[MixinPlatformAgentDefault:SecureJarResource(curios)]
[30Jul2025 14:46:06.118] [main/DEBUG] [mixin/]: Processing inject() for PlatformAgent[MixinPlatformAgentDefault:SecureJarResource(xaerominimap)]
[30Jul2025 14:46:06.118] [main/DEBUG] [mixin/]: Processing inject() for PlatformAgent[MixinPlatformAgentDefault:SecureJarResource(athena)]
[30Jul2025 14:46:06.118] [main/DEBUG] [mixin/]: Processing inject() for PlatformAgent[MixinPlatformAgentDefault:SecureJarResource(citadel)]
[30Jul2025 14:46:06.118] [main/DEBUG] [mixin/]: Processing inject() for PlatformAgent[MixinPlatformAgentDefault:SecureJarResource(alexsmobs)]
[30Jul2025 14:46:06.118] [main/DEBUG] [mixin/]: Processing inject() for PlatformAgent[MixinPlatformAgentDefault:SecureJarResource(iceandfire)]
[30Jul2025 14:46:06.118] [main/DEBUG] [mixin/]: Processing inject() for PlatformAgent[MixinPlatformAgentDefault:SecureJarResource(MixinExtras)]
[30Jul2025 14:46:06.119] [main/INFO] [cpw.mods.modlauncher.LaunchServiceHandler/MODLAUNCHER]: Launching target 'forgeserver' with arguments [nogui]
[30Jul2025 14:46:06.160] [main/DEBUG] [mixin/]: Error cleaning class output directory: .mixin.out
[30Jul2025 14:46:06.162] [main/DEBUG] [mixin/]: Preparing mixins for MixinEnvironment[DEFAULT]
[30Jul2025 14:46:06.162] [main/DEBUG] [mixin/]: Selecting config mixinextras.init.mixins.json
[30Jul2025 14:46:06.228] [main/DEBUG] [MixinExtras|Service/]: com.llamalad7.mixinextras.service.MixinExtrasServiceImpl(version=0.4.1) is taking over from null
[30Jul2025 14:46:06.273] [main/DEBUG] [mixin/]: Registering new injector for @Inject with org.spongepowered.asm.mixin.injection.struct.CallbackInjectionInfo
[30Jul2025 14:46:06.275] [main/DEBUG] [mixin/]: Registering new injector for @ModifyArg with org.spongepowered.asm.mixin.injection.struct.ModifyArgInjectionInfo
[30Jul2025 14:46:06.280] [main/DEBUG] [mixin/]: Registering new injector for @ModifyArgs with org.spongepowered.asm.mixin.injection.struct.ModifyArgsInjectionInfo
[30Jul2025 14:46:06.281] [main/DEBUG] [mixin/]: Registering new injector for @Redirect with org.spongepowered.asm.mixin.injection.struct.RedirectInjectionInfo
[30Jul2025 14:46:06.282] [main/DEBUG] [mixin/]: Registering new injector for @ModifyVariable with org.spongepowered.asm.mixin.injection.struct.ModifyVariableInjectionInfo
[30Jul2025 14:46:06.286] [main/DEBUG] [mixin/]: Registering new injector for @ModifyConstant with org.spongepowered.asm.mixin.injection.struct.ModifyConstantInjectionInfo
[30Jul2025 14:46:06.311] [main/DEBUG] [mixin/]: Selecting config terrablender.mixins.json
[30Jul2025 14:46:06.315] [main/DEBUG] [mixin/]: Selecting config terrablender_forge.mixins.json
[30Jul2025 14:46:06.316] [main/DEBUG] [mixin/]: Selecting config glitchcore.mixins.json
[30Jul2025 14:46:06.317] [main/DEBUG] [mixin/]: Selecting config glitchcore.forge.mixins.json
[30Jul2025 14:46:06.320] [main/DEBUG] [mixin/]: Selecting config biomesoplenty.mixins.json
[30Jul2025 14:46:06.321] [main/DEBUG] [mixin/]: Selecting config biomesoplenty.forge.mixins.json
[30Jul2025 14:46:06.324] [main/DEBUG] [mixin/]: Selecting config jade.mixins.json
[30Jul2025 14:46:06.325] [main/DEBUG] [mixin/]: Selecting config easymagic.common.mixins.json
[30Jul2025 14:46:06.328] [main/DEBUG] [mixin/]: Selecting config puzzleslib.common.mixins.json
[30Jul2025 14:46:06.353] [main/INFO] [Puzzles Lib/]: Loading 23 mods:
	- alexsmobs 1.22.9
	- biomesoplenty 19.0.0.96
	- carryon 2.1.2.7
	- citadel 2.6.1
	- curios 5.14.0+1.20.1
	- easymagic 8.0.1
	- explorify 1.6.2
	- forge 47.3.7
	- framework 0.7.12
	- glitchcore 0.0.1.1
	- iceandfire 2.1.13-1.20.1
	- jade 11.13.1+forge
	- jei 15.20.0.106
	- minecraft 1.20.1
	- mr_dungeons_andtaverns 3.0.3.f
	- pfm 1.4.2
	- puzzleslib 8.1.32
		|-- mixinextras 0.4.1
		\-- puzzlesaccessapi 20.1.1
	- terrablender 3.0.1.10
	- the_bumblezone 7.6.11+1.20.1-forge
		\-- athena 3.1.1
	- xaerominimap 25.2.0
[30Jul2025 14:46:06.356] [main/DEBUG] [mixin/]: Selecting config puzzleslib.forge.mixins.json
[30Jul2025 14:46:06.360] [main/DEBUG] [mixin/]: Selecting config carryon.mixins.json
[30Jul2025 14:46:06.364] [main/DEBUG] [mixin/]: Selecting config carryon.forge.mixins.json
[30Jul2025 14:46:06.365] [main/DEBUG] [mixin/]: Selecting config the_bumblezone-common.mixins.json
[30Jul2025 14:46:06.372] [main/DEBUG] [mixin/]: Selecting config the_bumblezone-forge.mixins.json
[30Jul2025 14:46:06.373] [main/DEBUG] [mixin/]: Selecting config puzzlesaccessapi.common.mixins.json
[30Jul2025 14:46:06.376] [main/WARN] [mixin/]: Reference map 'puzzlesaccessapi.common.refmap.json' for puzzlesaccessapi.common.mixins.json could not be read. If this is a development environment you can ignore this message
[30Jul2025 14:46:06.377] [main/DEBUG] [mixin/]: Selecting config puzzlesaccessapi.forge.mixins.json
[30Jul2025 14:46:06.378] [main/DEBUG] [mixin/]: Selecting config pfm-common.mixins.json
[30Jul2025 14:46:06.380] [main/DEBUG] [mixin/]: Selecting config pfm.mixins.json
[30Jul2025 14:46:06.382] [main/DEBUG] [mixin/]: Selecting config curios.mixins.json
[30Jul2025 14:46:06.382] [main/DEBUG] [mixin/]: Selecting config athena.mixins.json
[30Jul2025 14:46:06.387] [main/DEBUG] [mixin/]: Selecting config athena-forge.mixins.json
[30Jul2025 14:46:06.388] [main/DEBUG] [mixin/]: Selecting config citadel.mixins.json
[30Jul2025 14:46:06.389] [main/DEBUG] [mixin/]: Selecting config iceandfire.mixins.json
[30Jul2025 14:46:06.393] [main/DEBUG] [mixin/]: Preparing mixinextras.init.mixins.json (0)
[30Jul2025 14:46:06.393] [main/DEBUG] [mixin/]: Preparing terrablender.mixins.json (7)
[30Jul2025 14:46:06.466] [main/DEBUG] [mixin/]: Preparing terrablender_forge.mixins.json (0)
[30Jul2025 14:46:06.466] [main/DEBUG] [mixin/]: Preparing glitchcore.mixins.json (4)
[30Jul2025 14:46:06.478] [main/DEBUG] [net.minecraftforge.coremod.transformer.CoreModBaseTransformer/COREMOD]: Transforming net/minecraft/world/item/ItemStack
[30Jul2025 14:46:06.547] [main/DEBUG] [mixin/]: Preparing glitchcore.forge.mixins.json (7)
[30Jul2025 14:46:06.558] [main/DEBUG] [net.minecraftforge.coremod.transformer.CoreModBaseTransformer/COREMOD]: Transforming net/minecraft/server/level/ServerPlayer
[30Jul2025 14:46:06.776] [main/DEBUG] [net.minecraftforge.coremod.transformer.CoreModBaseTransformer/COREMOD]: Transforming m_36170_ with desc (Lnet/minecraft/world/entity/player/PlayerModelPart;)Z
[30Jul2025 14:46:06.910] [main/DEBUG] [mixin/]: Preparing biomesoplenty.mixins.json (0)
[30Jul2025 14:46:06.910] [main/DEBUG] [mixin/]: Preparing biomesoplenty.forge.mixins.json (2)
[30Jul2025 14:46:06.912] [main/DEBUG] [mixin/]: Preparing jade.mixins.json (2)
[30Jul2025 14:46:06.915] [main/DEBUG] [mixin/]: Preparing easymagic.common.mixins.json (5)
[30Jul2025 14:46:06.941] [main/DEBUG] [net.minecraftforge.coremod.transformer.CoreModBaseTransformer/COREMOD]: Transforming m_36170_ with desc (Lnet/minecraft/world/entity/player/PlayerModelPart;)Z
[30Jul2025 14:46:06.968] [main/DEBUG] [mixin/]: Preparing puzzleslib.common.mixins.json (7)
[30Jul2025 14:46:06.995] [main/DEBUG] [mixin/]: Preparing puzzleslib.forge.mixins.json (13)
[30Jul2025 14:46:07.027] [main/DEBUG] [mixin/]: Preparing carryon.mixins.json (5)
[30Jul2025 14:46:07.057] [main/DEBUG] [mixin/]: Preparing carryon.forge.mixins.json (0)
[30Jul2025 14:46:07.058] [main/DEBUG] [mixin/]: Preparing the_bumblezone-common.mixins.json (99)
[30Jul2025 14:46:07.127] [main/ERROR] [net.minecraftforge.fml.loading.RuntimeDistCleaner/DISTXFORM]: Attempted to load class net/minecraft/client/particle/ParticleEngine for invalid dist DEDICATED_SERVER
[30Jul2025 14:46:07.127] [main/WARN] [mixin/]: Error loading class: net/minecraft/client/particle/ParticleEngine (java.lang.RuntimeException: Attempted to load class net/minecraft/client/particle/ParticleEngine for invalid dist DEDICATED_SERVER)
[30Jul2025 14:46:07.128] [main/WARN] [mixin/]: @Mixin target net.minecraft.client.particle.ParticleEngine was not found the_bumblezone-common.mixins.json:client.ParticleEngineAccessor
[30Jul2025 14:46:07.208] [main/DEBUG] [net.minecraftforge.coremod.transformer.CoreModBaseTransformer/COREMOD]: Transforming net/minecraft/world/effect/MobEffectInstance
[30Jul2025 14:46:07.255] [main/DEBUG] [net.minecraftforge.coremod.transformer.CoreModBaseTransformer/COREMOD]: Transforming net/minecraft/world/entity/EntityType
[30Jul2025 14:46:07.540] [main/DEBUG] [net.minecraftforge.coremod.transformer.CoreModBaseTransformer/COREMOD]: Transforming net/minecraft/world/level/NaturalSpawner
[30Jul2025 14:46:07.710] [main/DEBUG] [net.minecraftforge.coremod.transformer.CoreModBaseTransformer/COREMOD]: Transforming net/minecraft/world/level/chunk/LevelChunk
[30Jul2025 14:46:07.739] [main/DEBUG] [net.minecraftforge.coremod.transformer.CoreModBaseTransformer/COREMOD]: Transforming net/minecraft/world/level/levelgen/structure/templatesystem/StructureTemplate
[30Jul2025 14:46:07.933] [main/DEBUG] [mixin/]: Preparing the_bumblezone-forge.mixins.json (17)
[30Jul2025 14:46:07.945] [main/DEBUG] [mixin/]: Preparing puzzlesaccessapi.common.mixins.json (0)
[30Jul2025 14:46:07.945] [main/DEBUG] [mixin/]: Preparing puzzlesaccessapi.forge.mixins.json (0)
[30Jul2025 14:46:07.945] [main/DEBUG] [mixin/]: Preparing pfm-common.mixins.json (13)
[30Jul2025 14:46:07.957] [main/DEBUG] [mixin/]: Preparing pfm.mixins.json (10)
[30Jul2025 14:46:07.962] [main/WARN] [mixin/]: Error loading class: vectorwing/farmersdelight/common/block/entity/CookingPotBlockEntity (java.lang.ClassNotFoundException: vectorwing.farmersdelight.common.block.entity.CookingPotBlockEntity)
[30Jul2025 14:46:07.963] [main/DEBUG] [mixin/]: Skipping virtual target vectorwing.farmersdelight.common.block.entity.CookingPotBlockEntity for pfm.mixins.json:PFMCookingPotBlockEntityMixin
[30Jul2025 14:46:07.966] [main/DEBUG] [net.minecraftforge.coremod.transformer.CoreModBaseTransformer/COREMOD]: Transforming net/minecraft/server/MinecraftServer
[30Jul2025 14:46:08.006] [main/DEBUG] [mixin/]: Preparing curios.mixins.json (13)
[30Jul2025 14:46:08.017] [main/DEBUG] [mixin/]: Preparing athena.mixins.json (1)
[30Jul2025 14:46:08.017] [main/DEBUG] [mixin/]: Preparing athena-forge.mixins.json (1)
[30Jul2025 14:46:08.017] [main/DEBUG] [mixin/]: Preparing citadel.mixins.json (15)
[30Jul2025 14:46:08.025] [main/DEBUG] [mixin/]: Preparing iceandfire.mixins.json (2)
[30Jul2025 14:46:08.063] [main/DEBUG] [mixin/]: Inner class glitchcore/forge/mixin/impl/MixinPacketHandler$1 in glitchcore/forge/mixin/impl/MixinPacketHandler on glitchcore/network/PacketHandler gets unique name glitchcore/network/PacketHandler$Anonymous$7131e34dd42c4e6eaf14ac0ea82df966
[30Jul2025 14:46:08.110] [main/DEBUG] [mixin/]: Prepared 166 mixins in 1.947 sec (11.7ms avg) (0ms load, 0ms transform, 0ms plugin)
[30Jul2025 14:46:08.119] [main/DEBUG] [net.minecraftforge.coremod.transformer.CoreModBaseTransformer/COREMOD]: Transforming net/minecraft/server/MinecraftServer
[30Jul2025 14:46:08.123] [main/INFO] [MixinExtras|Service/]: Initializing MixinExtras via com.llamalad7.mixinextras.service.MixinExtrasServiceImpl(version=0.4.1).
[30Jul2025 14:46:08.125] [main/DEBUG] [mixin/]: Registering new injector for @SugarWrapper with com.llamalad7.mixinextras.sugar.impl.SugarWrapperInjectionInfo
[30Jul2025 14:46:08.125] [main/DEBUG] [mixin/]: Registering new injector for @FactoryRedirectWrapper with com.llamalad7.mixinextras.wrapper.factory.FactoryRedirectWrapperInjectionInfo
[30Jul2025 14:46:08.137] [main/DEBUG] [mixin/]: Mixing PFMMinecraftServerMixin from pfm.mixins.json into net.minecraft.server.MinecraftServer
[30Jul2025 14:46:08.150] [main/DEBUG] [mixin/]: pfm.mixins.json:PFMMinecraftServerMixin: Class version 60 required is higher than the class version supported by the current version of Mixin (JAVA_8 supports class version 52)
[30Jul2025 14:46:08.154] [main/DEBUG] [mixin/]: Renaming synthetic method lambda$createReload$0(Lnet/minecraft/server/packs/PackResources;)Z to mdac7087$lambda$createReload$0$0 in pfm.mixins.json:PFMMinecraftServerMixin
[30Jul2025 14:46:08.163] [main/DEBUG] [mixin/]: Mixing MinecraftServerMixin from citadel.mixins.json into net.minecraft.server.MinecraftServer
[30Jul2025 14:46:08.254] [main/DEBUG] [mixin/]: Mixing PFMMixinDedicatedServer from pfm-common.mixins.json into net.minecraft.server.dedicated.DedicatedServer
[30Jul2025 14:46:08.254] [main/DEBUG] [mixin/]: pfm-common.mixins.json:PFMMixinDedicatedServer: Class version 60 required is higher than the class version supported by the current version of Mixin (JAVA_8 supports class version 52)
[30Jul2025 14:46:08.256] [main/DEBUG] [mixin/]: Renaming synthetic method lambda$pfm$showUpdateMessage$0(Lnet/minecraft/network/chat/Component;)V to mdac7087$lambda$pfm$showUpdateMessage$0$0 in pfm-common.mixins.json:PFMMixinDedicatedServer
[30Jul2025 14:46:08.295] [main/DEBUG] [io.netty.util.internal.logging.InternalLoggerFactory/]: Using SLF4J as the default logging framework
[30Jul2025 14:46:08.297] [main/DEBUG] [io.netty.util.ResourceLeakDetector/]: -Dio.netty.leakDetection.level: simple
[30Jul2025 14:46:08.297] [main/DEBUG] [io.netty.util.ResourceLeakDetector/]: -Dio.netty.leakDetection.targetRecords: 4
[30Jul2025 14:46:08.450] [main/DEBUG] [oshi.util.FileUtil/]: No oshi.properties file found from ClassLoader cpw.mods.modlauncher.TransformingClassLoader@738d37fc
[30Jul2025 14:46:08.451] [main/DEBUG] [oshi.util.FileUtil/]: No oshi.properties file found from ClassLoader jdk.internal.loader.ClassLoaders$AppClassLoader@76ed5528
[30Jul2025 14:46:08.498] [main/DEBUG] [oshi.util.FileUtil/]: Reading file /proc/self/auxv
[30Jul2025 14:46:08.499] [main/DEBUG] [oshi.util.FileUtil/]: Reading file /proc/self/auxv
[30Jul2025 14:46:08.504] [main/DEBUG] [oshi.util.FileUtil/]: Reading file /proc/stat
[30Jul2025 14:46:08.511] [main/DEBUG] [oshi.util.FileUtil/]: Reading file /sys/devices/system/cpu/cpu0/topology/core_id
[30Jul2025 14:46:08.512] [main/DEBUG] [oshi.util.FileUtil/]: Reading file /sys/devices/system/cpu/cpu0/topology/core_id
[30Jul2025 14:46:08.513] [main/DEBUG] [oshi.util.FileUtil/]: Reading file /sys/devices/system/cpu/cpu0/topology/physical_package_id
[30Jul2025 14:46:08.513] [main/DEBUG] [oshi.util.FileUtil/]: Reading file /sys/devices/system/cpu/cpu0/topology/physical_package_id
[30Jul2025 14:46:08.514] [main/DEBUG] [oshi.util.FileUtil/]: Reading file /sys/devices/system/cpu/cpu0/cpu_capacity
[30Jul2025 14:46:08.515] [main/DEBUG] [oshi.util.FileUtil/]: Reading file /sys/devices/system/cpu/cpu1/topology/core_id
[30Jul2025 14:46:08.516] [main/DEBUG] [oshi.util.FileUtil/]: Reading file /sys/devices/system/cpu/cpu1/topology/core_id
[30Jul2025 14:46:08.516] [main/DEBUG] [oshi.util.FileUtil/]: Reading file /sys/devices/system/cpu/cpu1/topology/physical_package_id
[30Jul2025 14:46:08.516] [main/DEBUG] [oshi.util.FileUtil/]: Reading file /sys/devices/system/cpu/cpu1/topology/physical_package_id
[30Jul2025 14:46:08.516] [main/DEBUG] [oshi.util.FileUtil/]: Reading file /sys/devices/system/cpu/cpu1/cpu_capacity
[30Jul2025 14:46:08.516] [main/DEBUG] [oshi.util.FileUtil/]: Reading file /sys/devices/system/cpu/cpu2/topology/core_id
[30Jul2025 14:46:08.516] [main/DEBUG] [oshi.util.FileUtil/]: Reading file /sys/devices/system/cpu/cpu2/topology/core_id
[30Jul2025 14:46:08.516] [main/DEBUG] [oshi.util.FileUtil/]: Reading file /sys/devices/system/cpu/cpu2/topology/physical_package_id
[30Jul2025 14:46:08.516] [main/DEBUG] [oshi.util.FileUtil/]: Reading file /sys/devices/system/cpu/cpu2/topology/physical_package_id
[30Jul2025 14:46:08.517] [main/DEBUG] [oshi.util.FileUtil/]: Reading file /sys/devices/system/cpu/cpu2/cpu_capacity
[30Jul2025 14:46:08.518] [main/DEBUG] [oshi.util.FileUtil/]: Reading file /sys/devices/system/cpu/cpu3/topology/core_id
[30Jul2025 14:46:08.518] [main/DEBUG] [oshi.util.FileUtil/]: Reading file /sys/devices/system/cpu/cpu3/topology/core_id
[30Jul2025 14:46:08.519] [main/DEBUG] [oshi.util.FileUtil/]: Reading file /sys/devices/system/cpu/cpu3/topology/physical_package_id
[30Jul2025 14:46:08.519] [main/DEBUG] [oshi.util.FileUtil/]: Reading file /sys/devices/system/cpu/cpu3/topology/physical_package_id
[30Jul2025 14:46:08.519] [main/DEBUG] [oshi.util.FileUtil/]: Reading file /sys/devices/system/cpu/cpu3/cpu_capacity
[30Jul2025 14:46:08.522] [main/DEBUG] [oshi.util.FileUtil/]: Reading file /proc/cpuinfo
[30Jul2025 14:46:08.531] [main/DEBUG] [oshi.util.FileUtil/]: Reading file /proc/self/auxv
[30Jul2025 14:46:08.533] [main/DEBUG] [oshi.util.FileUtil/]: No oshi.architecture.properties file found from ClassLoader cpw.mods.modlauncher.TransformingClassLoader@738d37fc
[30Jul2025 14:46:08.534] [main/DEBUG] [oshi.util.FileUtil/]: No oshi.architecture.properties file found from ClassLoader jdk.internal.loader.ClassLoaders$AppClassLoader@76ed5528
[30Jul2025 14:46:08.551] [main/DEBUG] [oshi.util.FileUtil/]: Reading file /proc/meminfo
[30Jul2025 14:46:08.552] [main/DEBUG] [oshi.util.FileUtil/]: Reading file /proc/meminfo
[30Jul2025 14:46:08.620] [main/DEBUG] [mixin/]: Mixing MixinBuiltInRegistries from terrablender.mixins.json into net.minecraft.core.registries.BuiltInRegistries
[30Jul2025 14:46:08.622] [main/DEBUG] [mixin/]: Renaming synthetic method lambda$registerSimple$0(Lnet/minecraft/core/registries/BuiltInRegistries$RegistryBootstrap;Lnet/minecraft/core/Registry;)Ljava/lang/Object; to mdac7087$lambda$registerSimple$0$0 in terrablender.mixins.json:MixinBuiltInRegistries
[30Jul2025 14:46:08.709] [main/DEBUG] [mixin/]: Mixing accessor.ForgeRegistryForgeAccessor from puzzleslib.forge.mixins.json into net.minecraftforge.registries.ForgeRegistry
[30Jul2025 14:46:08.735] [main/DEBUG] [mixin/]: Mixing accessor.BlockAccessor from puzzleslib.common.mixins.json into net.minecraft.world.level.block.Block
[30Jul2025 14:46:08.788] [main/DEBUG] [mixin/]: Mixing EntityMixin from carryon.mixins.json into net.minecraft.world.entity.Entity
[30Jul2025 14:46:08.822] [main/DEBUG] [mixin/]: Mixing entities.EntityAccessor from the_bumblezone-common.mixins.json into net.minecraft.world.entity.Entity
[30Jul2025 14:46:08.823] [main/DEBUG] [mixin/]: Mixing AccessorEntity from curios.mixins.json into net.minecraft.world.entity.Entity
[30Jul2025 14:46:08.824] [main/DEBUG] [mixin/]: Mixing entities.EntityMixin from the_bumblezone-common.mixins.json into net.minecraft.world.entity.Entity
[30Jul2025 14:46:08.878] [main/DEBUG] [mixin/]: Mixing entity.EntityMixin from the_bumblezone-forge.mixins.json into net.minecraft.world.entity.Entity
[30Jul2025 14:46:08.989] [main/DEBUG] [mixin/]: Mixing entities.LaterLivingEntityMixin from the_bumblezone-common.mixins.json into net.minecraft.world.entity.LivingEntity
[30Jul2025 14:46:08.995] [main/DEBUG] [mixin/]: Mixing entities.LivingEntityAccessor from the_bumblezone-common.mixins.json into net.minecraft.world.entity.LivingEntity
[30Jul2025 14:46:08.995] [main/DEBUG] [mixin/]: Mixing MixinLivingEntity from curios.mixins.json into net.minecraft.world.entity.LivingEntity
[30Jul2025 14:46:08.997] [main/DEBUG] [mixin/]: Mixing LivingEntityMixin from citadel.mixins.json into net.minecraft.world.entity.LivingEntity
[30Jul2025 14:46:09.010] [main/DEBUG] [mixin/]: Mixing entities.LivingEntityMixin from the_bumblezone-common.mixins.json into net.minecraft.world.entity.LivingEntity
[30Jul2025 14:46:09.122] [main/DEBUG] [mixin/]: Mixing LevelMixin from citadel.mixins.json into net.minecraft.world.level.Level
[30Jul2025 14:46:09.125] [main/DEBUG] [mixin/]: Mixing world.LevelMixin from the_bumblezone-common.mixins.json into net.minecraft.world.level.Level
[30Jul2025 14:46:09.171] [main/DEBUG] [mixin/]: Mixing MixinServerLevel from glitchcore.mixins.json into net.minecraft.server.level.ServerLevel
[30Jul2025 14:46:09.173] [main/DEBUG] [mixin/]: Mixing world.ServerWorldMixin from the_bumblezone-common.mixins.json into net.minecraft.server.level.ServerLevel
[30Jul2025 14:46:09.183] [main/DEBUG] [mixin/]: Mixing ServerLevelMixin from citadel.mixins.json into net.minecraft.server.level.ServerLevel
[30Jul2025 14:46:09.207] [main/DEBUG] [mixin/]: Mixing entities.ItemEntityAccessor from the_bumblezone-common.mixins.json into net.minecraft.world.entity.item.ItemEntity
[30Jul2025 14:46:09.214] [main/DEBUG] [net.minecraftforge.coremod.transformer.CoreModBaseTransformer/COREMOD]: Transforming m_36170_ with desc (Lnet/minecraft/world/entity/player/PlayerModelPart;)Z
[30Jul2025 14:46:09.216] [main/DEBUG] [mixin/]: Mixing accessor.PlayerAccessor from easymagic.common.mixins.json into net.minecraft.world.entity.player.Player
[30Jul2025 14:46:09.216] [main/DEBUG] [mixin/]: Mixing PlayerMixin from carryon.mixins.json into net.minecraft.world.entity.player.Player
[30Jul2025 14:46:09.219] [main/DEBUG] [mixin/]: Mixing entities.PlayerMixin from the_bumblezone-common.mixins.json into net.minecraft.world.entity.player.Player
[30Jul2025 14:46:09.220] [main/DEBUG] [mixin/]: Mixing entities.PlayerTimeInAirMixin from the_bumblezone-common.mixins.json into net.minecraft.world.entity.player.Player
[30Jul2025 14:46:09.225] [main/DEBUG] [mixin/]: Mixing items.HoneyShieldPlayerMixin from the_bumblezone-common.mixins.json into net.minecraft.world.entity.player.Player
[30Jul2025 14:46:09.227] [main/DEBUG] [mixin/]: Mixing items.PlayerDamageShieldInvoker from the_bumblezone-common.mixins.json into net.minecraft.world.entity.player.Player
[30Jul2025 14:46:09.271] [main/DEBUG] [net.minecraftforge.coremod.transformer.CoreModBaseTransformer/COREMOD]: Transforming net/minecraft/world/entity/EntityType
[30Jul2025 14:46:09.317] [main/DEBUG] [mixin/]: Mixing entities.EntityTypeMixin from the_bumblezone-common.mixins.json into net.minecraft.world.entity.EntityType
[30Jul2025 14:46:09.350] [main/DEBUG] [mixin/]: Mixing PFMPointOfInterestTypesAccessor from pfm-common.mixins.json into net.minecraft.world.entity.ai.village.poi.PoiTypes
[30Jul2025 14:46:09.350] [main/DEBUG] [mixin/]: pfm-common.mixins.json:PFMPointOfInterestTypesAccessor: Class version 60 required is higher than the class version supported by the current version of Mixin (JAVA_8 supports class version 52)
[30Jul2025 14:46:09.350] [main/DEBUG] [mixin/]: Renaming @Accessor method getBlockStateToPointOfInterestType()Ljava/util/Map; to getBlockStateToPointOfInterestType_$md$ac7087$0 in pfm-common.mixins.json:PFMPointOfInterestTypesAccessor
[30Jul2025 14:46:09.351] [main/DEBUG] [mixin/]: Renaming @Accessor method setHome(Lnet/minecraft/resources/ResourceKey;)V to setHome_$md$ac7087$1 in pfm-common.mixins.json:PFMPointOfInterestTypesAccessor
[30Jul2025 14:46:09.353] [main/DEBUG] [mixin/]: Mixing PFMPointOfInterestTypeAccessor from pfm-common.mixins.json into net.minecraft.world.entity.ai.village.poi.PoiType
[30Jul2025 14:46:09.353] [main/DEBUG] [mixin/]: pfm-common.mixins.json:PFMPointOfInterestTypeAccessor: Class version 60 required is higher than the class version supported by the current version of Mixin (JAVA_8 supports class version 52)
[30Jul2025 14:46:09.395] [main/DEBUG] [mixin/]: Mixing accessor.FireBlockForgeAccessor from puzzleslib.forge.mixins.json into net.minecraft.world.level.block.FireBlock
[30Jul2025 14:46:09.396] [main/DEBUG] [mixin/]: Mixing block.FireBlockInvoker from the_bumblezone-forge.mixins.json into net.minecraft.world.level.block.FireBlock
[30Jul2025 14:46:09.396] [main/DEBUG] [mixin/]: Mixing block.FireBlockMixin from the_bumblezone-forge.mixins.json into net.minecraft.world.level.block.FireBlock
[30Jul2025 14:46:09.396] [main/DEBUG] [mixin/]: Renaming synthetic method lambda$thebumblezone_fireHoneyCocoonLootDrop$0(Lnet/minecraft/server/level/ServerLevel;Lnet/minecraft/core/BlockPos;Lnet/minecraft/world/item/ItemStack;)V to mdac7087$lambda$thebumblezone_fireHoneyCocoonLootDrop$0$0 in the_bumblezone-forge.mixins.json:block.FireBlockMixin
[30Jul2025 14:46:09.603] [main/DEBUG] [net.minecraftforge.coremod.transformer.CoreModBaseTransformer/COREMOD]: Transforming net/minecraft/world/level/block/LiquidBlock
[30Jul2025 14:46:09.619] [main/DEBUG] [mixin/]: Mixing blocks.DispenserBlockInvoker from the_bumblezone-common.mixins.json into net.minecraft.world.level.block.DispenserBlock
[30Jul2025 14:46:09.628] [main/DEBUG] [mixin/]: Mixing blocks.PistonBaseBlockMixin from the_bumblezone-common.mixins.json into net.minecraft.world.level.block.piston.PistonBaseBlock
[30Jul2025 14:46:09.651] [main/DEBUG] [net.minecraftforge.coremod.transformer.CoreModBaseTransformer/COREMOD]: Transforming net/minecraft/world/level/block/StairBlock
[30Jul2025 14:46:09.709] [main/DEBUG] [mixin/]: Mixing blocks.VineBlockAccessor from the_bumblezone-common.mixins.json into net.minecraft.world.level.block.VineBlock
[30Jul2025 14:46:09.716] [main/DEBUG] [mixin/]: Mixing blocks.WaterlilyBlockMixin from the_bumblezone-common.mixins.json into net.minecraft.world.level.block.WaterlilyBlock
[30Jul2025 14:46:09.724] [main/DEBUG] [mixin/]: Mixing EnchantmentTableBlockMixin from easymagic.common.mixins.json into net.minecraft.world.level.block.EnchantmentTableBlock
[30Jul2025 14:46:09.766] [main/DEBUG] [net.minecraftforge.coremod.transformer.CoreModBaseTransformer/COREMOD]: Transforming net/minecraft/world/level/block/FlowerPotBlock
[30Jul2025 14:46:09.802] [main/DEBUG] [mixin/]: Mixing blocks.BubbleColumnBlockMixin from the_bumblezone-common.mixins.json into net.minecraft.world.level.block.BubbleColumnBlock
[30Jul2025 14:46:09.822] [main/DEBUG] [mixin/]: Mixing blocks.BeehiveMixin from the_bumblezone-common.mixins.json into net.minecraft.world.level.block.BeehiveBlock
[30Jul2025 14:46:09.832] [main/DEBUG] [mixin/]: Mixing MixinPowderSnowBlock from curios.mixins.json into net.minecraft.world.level.block.PowderSnowBlock
[30Jul2025 14:46:09.845] [main/DEBUG] [mixin/]: Mixing blocks.PointedDripstoneBlockMixin from the_bumblezone-common.mixins.json into net.minecraft.world.level.block.PointedDripstoneBlock
[30Jul2025 14:46:09.856] [main/DEBUG] [mixin/]: Mixing blocks.BigDripleafBlockMixin from the_bumblezone-common.mixins.json into net.minecraft.world.level.block.BigDripleafBlock
[30Jul2025 14:46:09.873] [main/DEBUG] [mixin/]: Mixing blocks.BigDripleafStemBlockMixin from the_bumblezone-common.mixins.json into net.minecraft.world.level.block.BigDripleafStemBlock
[30Jul2025 14:46:09.876] [main/DEBUG] [mixin/]: Mixing blocks.SmallDripleafBlockMixin from the_bumblezone-common.mixins.json into net.minecraft.world.level.block.SmallDripleafBlock
[30Jul2025 14:46:09.882] [main/DEBUG] [mixin/]: Mixing blocks.FrogspawnBlockMixin from the_bumblezone-common.mixins.json into net.minecraft.world.level.block.FrogspawnBlock
[30Jul2025 14:46:09.896] [main/DEBUG] [mixin/]: Mixing PFMFeatureFlagFactory from pfm-common.mixins.json into net.minecraft.world.flag.FeatureFlag
[30Jul2025 14:46:09.896] [main/DEBUG] [mixin/]: pfm-common.mixins.json:PFMFeatureFlagFactory: Class version 60 required is higher than the class version supported by the current version of Mixin (JAVA_8 supports class version 52)
[30Jul2025 14:46:09.897] [main/DEBUG] [mixin/]: Renaming @Invoker method newFlag(Lnet/minecraft/world/flag/FeatureFlagUniverse;I)Lnet/minecraft/world/flag/FeatureFlag; to newFlag_$md$ac7087$0 in pfm-common.mixins.json:PFMFeatureFlagFactory
[30Jul2025 14:46:09.916] [main/DEBUG] [mixin/]: Mixing blocks.WaterEquivalenceMixin from the_bumblezone-common.mixins.json into net.minecraft.world.level.material.WaterFluid
[30Jul2025 14:46:09.920] [main/DEBUG] [mixin/]: Mixing blocks.FlowingFluidAccessor from the_bumblezone-common.mixins.json into net.minecraft.world.level.material.FlowingFluid
[30Jul2025 14:46:09.989] [main/DEBUG] [mixin/]: Mixing blocks.BlockEntityAccessor from the_bumblezone-common.mixins.json into net.minecraft.world.level.block.entity.BlockEntity
[30Jul2025 14:46:09.993] [main/DEBUG] [mixin/]: Mixing blocks.FallingBlockEntityAccessor from the_bumblezone-common.mixins.json into net.minecraft.world.entity.item.FallingBlockEntity
[30Jul2025 14:46:10.042] [main/DEBUG] [mixin/]: Mixing blocks.DefaultDispenseItemBehaviorInvoker from the_bumblezone-common.mixins.json into net.minecraft.core.dispenser.DefaultDispenseItemBehavior
[30Jul2025 14:46:10.196] [main/DEBUG] [mixin/]: Mixing blocks.PistonMovingBlockEntityMixin from the_bumblezone-common.mixins.json into net.minecraft.world.level.block.piston.PistonMovingBlockEntity
[30Jul2025 14:46:10.230] [main/DEBUG] [mixin/]: Mixing ChiseledBookShelfBlockEntityMixin from easymagic.common.mixins.json into net.minecraft.world.level.block.entity.ChiseledBookShelfBlockEntity
[30Jul2025 14:46:10.396] [main/DEBUG] [mixin/]: Mixing accessor.AbstractContainerMenuAccessor from puzzleslib.common.mixins.json into net.minecraft.world.inventory.AbstractContainerMenu
[30Jul2025 14:46:10.468] [main/DEBUG] [mixin/]: Mixing entities.AbstractArrowMixin from the_bumblezone-common.mixins.json into net.minecraft.world.entity.projectile.AbstractArrow
[30Jul2025 14:46:10.497] [main/DEBUG] [mixin/]: Mixing entities.MobAccessor from the_bumblezone-common.mixins.json into net.minecraft.world.entity.Mob
[30Jul2025 14:46:10.498] [main/DEBUG] [mixin/]: Mixing items.HoneyShieldMobMixin from the_bumblezone-common.mixins.json into net.minecraft.world.entity.Mob
[30Jul2025 14:46:10.576] [main/DEBUG] [mixin/]: Mixing accessor.EnchantmentMenuAccessor from easymagic.common.mixins.json into net.minecraft.world.inventory.EnchantmentMenu
[30Jul2025 14:46:10.587] [main/DEBUG] [net.minecraftforge.coremod.transformer.CoreModBaseTransformer/COREMOD]: Transforming net/minecraft/world/item/ItemStack
[30Jul2025 14:46:10.588] [main/DEBUG] [mixin/]: Mixing MixinItemStack from glitchcore.mixins.json into net.minecraft.world.item.ItemStack
[30Jul2025 14:46:10.770] [main/DEBUG] [mixin/]: Mixing entities.AnimalMixin from the_bumblezone-common.mixins.json into net.minecraft.world.entity.animal.Animal
[30Jul2025 14:46:10.775] [main/DEBUG] [mixin/]: Mixing entities.AgeableMobAccessor from the_bumblezone-common.mixins.json into net.minecraft.world.entity.AgeableMob
[30Jul2025 14:46:10.775] [main/DEBUG] [mixin/]: Renaming @Accessor method bumblezone$getDATA_BABY_ID()Lnet/minecraft/network/syncher/EntityDataAccessor; to bumblezone$getDATA_BABY_ID_$md$ac7087$0 in the_bumblezone-common.mixins.json:entities.AgeableMobAccessor
[30Jul2025 14:46:10.974] [main/DEBUG] [mixin/]: Mixing SmithingMenuMixin from citadel.mixins.json into net.minecraft.world.inventory.SmithingMenu
[30Jul2025 14:46:11.008] [main/DEBUG] [mixin/]: Mixing blocks.BeehiveBlockEntityMixin from the_bumblezone-common.mixins.json into net.minecraft.world.level.block.entity.BeehiveBlockEntity
[30Jul2025 14:46:11.168] [main/DEBUG] [mixin/]: Mixing entities.LightningBoltMixin from the_bumblezone-common.mixins.json into net.minecraft.world.entity.LightningBolt
[30Jul2025 14:46:11.267] [main/DEBUG] [net.minecraftforge.coremod.transformer.CoreModBaseTransformer/COREMOD]: Transforming net/minecraft/world/entity/animal/frog/Tadpole
[30Jul2025 14:46:11.314] [main/DEBUG] [mixin/]: Mixing accessor.BlockItemAccessor from puzzleslib.common.mixins.json into net.minecraft.world.item.BlockItem
[30Jul2025 14:46:11.315] [main/DEBUG] [mixin/]: Mixing blocks.WaterlogForPlacingBlockMixin from the_bumblezone-common.mixins.json into net.minecraft.world.item.BlockItem
[30Jul2025 14:46:11.329] [main/DEBUG] [mixin/]: Mixing blocks.WaterlogForPlacingBlockMixin from the_bumblezone-common.mixins.json into net.minecraft.world.item.StandingAndWallBlockItem
[30Jul2025 14:46:11.351] [main/DEBUG] [net.minecraftforge.coremod.transformer.CoreModBaseTransformer/COREMOD]: Transforming net/minecraft/world/item/BucketItem
[30Jul2025 14:46:11.363] [main/DEBUG] [mixin/]: Mixing items.MapItemMixin from the_bumblezone-common.mixins.json into net.minecraft.world.item.MapItem
[30Jul2025 14:46:11.370] [main/DEBUG] [mixin/]: Mixing MixinShearsItem from curios.mixins.json into net.minecraft.world.item.ShearsItem
[30Jul2025 14:46:11.377] [main/DEBUG] [mixin/]: Mixing items.GlassBottleUseMixin from the_bumblezone-common.mixins.json into net.minecraft.world.item.BottleItem
[30Jul2025 14:46:11.391] [main/DEBUG] [mixin/]: Mixing items.SpawnEggItemAccessor from the_bumblezone-common.mixins.json into net.minecraft.world.item.SpawnEggItem
[30Jul2025 14:46:11.391] [main/DEBUG] [mixin/]: Renaming @Accessor method bumblezone$getIdMap()Ljava/util/Map; to bumblezone$getIdMap_$md$ac7087$0 in the_bumblezone-common.mixins.json:items.SpawnEggItemAccessor
[30Jul2025 14:46:11.399] [main/DEBUG] [mixin/]: Mixing items.NameTagItemMixin from the_bumblezone-common.mixins.json into net.minecraft.world.item.NameTagItem
[30Jul2025 14:46:11.461] [main/DEBUG] [mixin/]: Mixing logging.HangingEntityMixin from the_bumblezone-common.mixins.json into net.minecraft.world.entity.decoration.HangingEntity
[30Jul2025 14:46:12.349] [main/DEBUG] [mixin/]: Mixing entities.ExperienceOrbAccessor from the_bumblezone-common.mixins.json into net.minecraft.world.entity.ExperienceOrb
[30Jul2025 14:46:12.350] [main/DEBUG] [mixin/]: Mixing entities.ExperienceOrbMixin from the_bumblezone-common.mixins.json into net.minecraft.world.entity.ExperienceOrb
[30Jul2025 14:46:12.350] [main/DEBUG] [mixin/]: Renaming synthetic method lambda$bumblezone$xpGoToClosestCrystalFlower$3(Lnet/minecraft/world/level/block/entity/BlockEntity;)V to mdac7087$lambda$bumblezone$xpGoToClosestCrystalFlower$3$0 in the_bumblezone-common.mixins.json:entities.ExperienceOrbMixin
[30Jul2025 14:46:12.351] [main/DEBUG] [mixin/]: Renaming synthetic method lambda$bumblezone$xpGoToClosestCrystalFlower$2(Lnet/minecraft/world/level/block/entity/BlockEntity;Lnet/minecraft/world/level/block/entity/BlockEntity;)I to mdac7087$lambda$bumblezone$xpGoToClosestCrystalFlower$2$1 in the_bumblezone-common.mixins.json:entities.ExperienceOrbMixin
[30Jul2025 14:46:12.351] [main/DEBUG] [mixin/]: Renaming synthetic method lambda$bumblezone$xpGoToClosestCrystalFlower$1(Lnet/minecraft/world/level/block/entity/BlockEntity;)Z to mdac7087$lambda$bumblezone$xpGoToClosestCrystalFlower$1$2 in the_bumblezone-common.mixins.json:entities.ExperienceOrbMixin
[30Jul2025 14:46:12.352] [main/DEBUG] [mixin/]: Renaming synthetic method lambda$bumblezone$xpGoToClosestCrystalFlower$0(Lnet/minecraft/world/level/chunk/LevelChunk;)Ljava/util/stream/Stream; to mdac7087$lambda$bumblezone$xpGoToClosestCrystalFlower$0$3 in the_bumblezone-common.mixins.json:entities.ExperienceOrbMixin
[30Jul2025 14:46:12.382] [main/DEBUG] [mixin/]: Mixing entities.BeeEntityInvoker from the_bumblezone-common.mixins.json into net.minecraft.world.entity.animal.Bee
[30Jul2025 14:46:12.382] [main/DEBUG] [mixin/]: Mixing entities.BeeEntityMixin from the_bumblezone-common.mixins.json into net.minecraft.world.entity.animal.Bee
[30Jul2025 14:46:12.402] [main/DEBUG] [mixin/]: Mixing entities.BeeHiveGoalMixin from the_bumblezone-common.mixins.json into net.minecraft.world.entity.animal.Bee$BeeGoToHiveGoal
[30Jul2025 14:46:12.405] [main/DEBUG] [mixin/]: Mixing entities.BeeGoToKnownFlowerGoalMixin from the_bumblezone-common.mixins.json into net.minecraft.world.entity.animal.Bee$BeeGoToKnownFlowerGoal
[30Jul2025 14:46:12.408] [main/DEBUG] [mixin/]: Mixing entities.BeePathfindingMixin from the_bumblezone-common.mixins.json into net.minecraft.world.entity.animal.Bee$BeeWanderGoal
[30Jul2025 14:46:12.431] [main/DEBUG] [mixin/]: Mixing entities.AbstractHorseMixin from the_bumblezone-common.mixins.json into net.minecraft.world.entity.animal.horse.AbstractHorse
[30Jul2025 14:46:12.461] [main/DEBUG] [net.minecraftforge.coremod.transformer.CoreModBaseTransformer/COREMOD]: Transforming net/minecraft/world/entity/monster/Spider
[30Jul2025 14:46:12.512] [main/DEBUG] [net.minecraftforge.coremod.transformer.CoreModBaseTransformer/COREMOD]: Transforming net/minecraft/world/entity/monster/Zombie
[30Jul2025 14:46:12.571] [main/DEBUG] [net.minecraftforge.coremod.transformer.CoreModBaseTransformer/COREMOD]: Transforming net/minecraft/world/entity/monster/ZombieVillager
[30Jul2025 14:46:12.616] [main/DEBUG] [mixin/]: Mixing entities.ThrownTridentAccessor from the_bumblezone-common.mixins.json into net.minecraft.world.entity.projectile.ThrownTrident
[30Jul2025 14:46:12.665] [main/DEBUG] [net.minecraftforge.coremod.transformer.CoreModBaseTransformer/COREMOD]: Transforming net/minecraft/world/entity/monster/Evoker$EvokerSummonSpellGoal
[30Jul2025 14:46:12.684] [main/DEBUG] [mixin/]: Mixing entities.FoxAccessor from the_bumblezone-common.mixins.json into net.minecraft.world.entity.animal.Fox
[30Jul2025 14:46:12.708] [main/DEBUG] [mixin/]: Mixing entities.ItemFrameMixin from the_bumblezone-common.mixins.json into net.minecraft.world.entity.decoration.ItemFrame
[30Jul2025 14:46:12.810] [main/DEBUG] [net.minecraftforge.coremod.transformer.CoreModBaseTransformer/COREMOD]: Transforming net/minecraft/world/entity/animal/horse/SkeletonTrapGoal
[30Jul2025 14:46:12.848] [main/DEBUG] [net.minecraftforge.coremod.transformer.CoreModBaseTransformer/COREMOD]: Transforming net/minecraft/world/entity/monster/Strider
[30Jul2025 14:46:12.977] [main/DEBUG] [net.minecraftforge.coremod.transformer.CoreModBaseTransformer/COREMOD]: Transforming net/minecraft/server/level/ServerPlayer
[30Jul2025 14:46:12.981] [main/DEBUG] [mixin/]: Mixing MixinServerPlayer from glitchcore.forge.mixins.json into net.minecraft.server.level.ServerPlayer
[30Jul2025 14:46:12.982] [main/DEBUG] [mixin/]: Mixing entities.ServerPlayerAccessor from the_bumblezone-common.mixins.json into net.minecraft.server.level.ServerPlayer
[30Jul2025 14:46:12.982] [main/DEBUG] [mixin/]: Mixing entities.ServerPlayerMixin from the_bumblezone-common.mixins.json into net.minecraft.server.level.ServerPlayer
[30Jul2025 14:46:12.985] [main/DEBUG] [mixin/]: Renaming synthetic method lambda$bumblezone$hookToRecipeCrafting$0(Lnet/minecraft/server/level/ServerPlayer;Lcom/telepathicgrunt/the_bumblezone/modules/PlayerDataModule;)V to mdac7087$lambda$bumblezone$hookToRecipeCrafting$0$0 in the_bumblezone-common.mixins.json:entities.ServerPlayerMixin
[30Jul2025 14:46:13.026] [main/DEBUG] [net.minecraftforge.coremod.transformer.CoreModBaseTransformer/COREMOD]: Transforming net/minecraft/world/level/chunk/LevelChunk
[30Jul2025 14:46:13.026] [main/DEBUG] [mixin/]: Mixing logging.LevelChunkMixin from the_bumblezone-common.mixins.json into net.minecraft.world.level.chunk.LevelChunk
[30Jul2025 14:46:13.061] [main/DEBUG] [net.minecraftforge.coremod.transformer.CoreModBaseTransformer/COREMOD]: Transforming net/minecraft/world/entity/npc/Villager
[30Jul2025 14:46:13.205] [main/DEBUG] [mixin/]: Mixing entities.FishingHookMixin from the_bumblezone-common.mixins.json into net.minecraft.world.entity.projectile.FishingHook
[30Jul2025 14:46:13.227] [main/DEBUG] [net.minecraftforge.coremod.transformer.CoreModBaseTransformer/COREMOD]: Transforming net/minecraft/world/effect/MobEffectInstance
[30Jul2025 14:46:13.228] [main/DEBUG] [mixin/]: Mixing effects.MobEffectInstanceAccessor from the_bumblezone-common.mixins.json into net.minecraft.world.effect.MobEffectInstance
[30Jul2025 14:46:13.258] [main/DEBUG] [mixin/]: Mixing entities.ServerGamePacketListenerImplMixin from the_bumblezone-common.mixins.json into net.minecraft.server.network.ServerGamePacketListenerImpl
[30Jul2025 14:46:13.259] [main/DEBUG] [mixin/]: Mixing gameplay.ServerGamePacketListenerImplAccessor from the_bumblezone-common.mixins.json into net.minecraft.server.network.ServerGamePacketListenerImpl
[30Jul2025 14:46:13.279] [main/DEBUG] [mixin/]: Mixing accessor.PotionBrewingForgeAccessor from puzzleslib.forge.mixins.json into net.minecraft.world.item.alchemy.PotionBrewing
[30Jul2025 14:46:13.280] [main/DEBUG] [mixin/]: Renaming @Accessor method puzzleslib$getPotionMixes()Ljava/util/List; to puzzleslib$getPotionMixes_$md$ac7087$0 in puzzleslib.forge.mixins.json:accessor.PotionBrewingForgeAccessor
[30Jul2025 14:46:13.280] [main/DEBUG] [mixin/]: Renaming @Accessor method puzzleslib$getContainerMixes()Ljava/util/List; to puzzleslib$getContainerMixes_$md$ac7087$1 in puzzleslib.forge.mixins.json:accessor.PotionBrewingForgeAccessor
[30Jul2025 14:46:13.280] [main/DEBUG] [mixin/]: Renaming @Accessor method puzzleslib$getAllowedContainers()Ljava/util/List; to puzzleslib$getAllowedContainers_$md$ac7087$2 in puzzleslib.forge.mixins.json:accessor.PotionBrewingForgeAccessor
[30Jul2025 14:46:13.281] [main/DEBUG] [mixin/]: Mixing containers.PotionBrewingAccessor from the_bumblezone-common.mixins.json into net.minecraft.world.item.alchemy.PotionBrewing
[30Jul2025 14:46:13.281] [main/DEBUG] [mixin/]: Renaming @Invoker method bumblezone$callAddMix(Lnet/minecraft/world/item/alchemy/Potion;Lnet/minecraft/world/item/Item;Lnet/minecraft/world/item/alchemy/Potion;)V to bumblezone$callAddMix_$md$ac7087$3 in the_bumblezone-common.mixins.json:containers.PotionBrewingAccessor
[30Jul2025 14:46:13.366] [main/DEBUG] [mixin/]: Mixing world.StructureProcessorAccessor from the_bumblezone-common.mixins.json into net.minecraft.world.level.levelgen.structure.templatesystem.StructureProcessor
[30Jul2025 14:46:13.396] [main/DEBUG] [mixin/]: Mixing ChunkGeneratorMixin from citadel.mixins.json into net.minecraft.world.level.chunk.ChunkGenerator
[30Jul2025 14:46:13.397] [main/DEBUG] [net.minecraftforge.coremod.transformer.CoreModBaseTransformer/COREMOD]: Transforming net/minecraft/world/level/biome/Biome
[30Jul2025 14:46:13.432] [main/DEBUG] [mixin/]: Mixing MixinInventory from curios.mixins.json into net.minecraft.world.entity.player.Inventory
[30Jul2025 14:46:13.433] [main/DEBUG] [mixin/]: Mixing InventoryMixin from carryon.mixins.json into net.minecraft.world.entity.player.Inventory
[30Jul2025 14:46:13.434] [main/DEBUG] [mixin/]: Mixing PFMPlayerInventoryMixin from pfm-common.mixins.json into net.minecraft.world.entity.player.Inventory
[30Jul2025 14:46:13.435] [main/DEBUG] [mixin/]: pfm-common.mixins.json:PFMPlayerInventoryMixin: Class version 60 required is higher than the class version supported by the current version of Mixin (JAVA_8 supports class version 52)
[30Jul2025 14:46:13.444] [main/DEBUG] [mixin/]: Mixing accessor.SimpleContainerAccessor from puzzleslib.common.mixins.json into net.minecraft.world.SimpleContainer
[30Jul2025 14:46:13.467] [main/DEBUG] [mixin/]: Mixing containers.ShapedRecipeAccessor from the_bumblezone-common.mixins.json into net.minecraft.world.item.crafting.ShapedRecipe
[30Jul2025 14:46:13.468] [main/DEBUG] [mixin/]: Renaming @Invoker method bumblezone$callDissolvePattern([Ljava/lang/String;Ljava/util/Map;II)Lnet/minecraft/core/NonNullList; to bumblezone$callDissolvePattern_$md$ac7087$0 in the_bumblezone-common.mixins.json:containers.ShapedRecipeAccessor
[30Jul2025 14:46:13.468] [main/DEBUG] [mixin/]: Renaming @Invoker method bumblezone$callPatternFromJson(Lcom/google/gson/JsonArray;)[Ljava/lang/String; to bumblezone$callPatternFromJson_$md$ac7087$1 in the_bumblezone-common.mixins.json:containers.ShapedRecipeAccessor
[30Jul2025 14:46:13.468] [main/DEBUG] [mixin/]: Renaming @Invoker method bumblezone$callKeyFromJson(Lcom/google/gson/JsonObject;)Ljava/util/Map; to bumblezone$callKeyFromJson_$md$ac7087$2 in the_bumblezone-common.mixins.json:containers.ShapedRecipeAccessor
[30Jul2025 14:46:13.468] [main/DEBUG] [mixin/]: Renaming @Invoker method bumblezone$callShrink([Ljava/lang/String;)[Ljava/lang/String; to bumblezone$callShrink_$md$ac7087$3 in the_bumblezone-common.mixins.json:containers.ShapedRecipeAccessor
[30Jul2025 14:46:13.534] [main/DEBUG] [mixin/]: Mixing PFMItemEntryAccessor from pfm.mixins.json into net.minecraft.world.level.storage.loot.entries.LootItem
[30Jul2025 14:46:13.535] [main/DEBUG] [mixin/]: pfm.mixins.json:PFMItemEntryAccessor: Class version 60 required is higher than the class version supported by the current version of Mixin (JAVA_8 supports class version 52)
[30Jul2025 14:46:13.540] [main/DEBUG] [mixin/]: Mixing loot.LootContextAccessor from the_bumblezone-common.mixins.json into net.minecraft.world.level.storage.loot.LootContext
[30Jul2025 14:46:13.556] [main/DEBUG] [mixin/]: Mixing MixinApplyBonusCount from curios.mixins.json into net.minecraft.world.level.storage.loot.functions.ApplyBonusCount
[30Jul2025 14:46:13.593] [main/DEBUG] [mixin/]: Mixing util.WeightedRandomListAccessor from the_bumblezone-common.mixins.json into net.minecraft.util.random.WeightedRandomList
[30Jul2025 14:46:13.659] [main/DEBUG] [mixin/]: Mixing gen.NoLakesInStructuresMixin from iceandfire.mixins.json into net.minecraft.world.level.levelgen.feature.LakeFeature
[30Jul2025 14:46:13.767] [main/DEBUG] [net.minecraftforge.coremod.transformer.CoreModBaseTransformer/COREMOD]: Transforming net/minecraft/world/level/levelgen/structure/Structure
[30Jul2025 14:46:13.805] [main/DEBUG] [net.minecraftforge.coremod.transformer.CoreModBaseTransformer/COREMOD]: Transforming net/minecraft/world/level/levelgen/structure/structures/OceanRuinPieces$OceanRuinPiece
[30Jul2025 14:46:13.821] [main/DEBUG] [net.minecraftforge.coremod.transformer.CoreModBaseTransformer/COREMOD]: Transforming net/minecraft/world/level/levelgen/structure/structures/SwampHutPiece
[30Jul2025 14:46:13.835] [main/DEBUG] [net.minecraftforge.coremod.transformer.CoreModBaseTransformer/COREMOD]: Transforming net/minecraft/world/level/levelgen/structure/structures/OceanMonumentPieces$OceanMonumentPiece
[30Jul2025 14:46:13.858] [main/DEBUG] [net.minecraftforge.coremod.transformer.CoreModBaseTransformer/COREMOD]: Transforming net/minecraft/world/level/levelgen/structure/structures/WoodlandMansionPieces$WoodlandMansionPiece
[30Jul2025 14:46:13.894] [main/DEBUG] [mixin/]: Mixing world.StructurePoolAccessor from the_bumblezone-common.mixins.json into net.minecraft.world.level.levelgen.structure.pools.StructureTemplatePool
[30Jul2025 14:46:13.980] [main/DEBUG] [mixin/]: Mixing MixinBiomeSource from terrablender.mixins.json into net.minecraft.world.level.biome.BiomeSource
[30Jul2025 14:46:13.981] [main/DEBUG] [mixin/]: Renaming synthetic method lambda$appendDeferredBiomesList$0(Lcom/google/common/collect/ImmutableList;)Ljava/util/Set; to mdac7087$lambda$appendDeferredBiomesList$0$0 in terrablender.mixins.json:MixinBiomeSource
[30Jul2025 14:46:13.991] [main/DEBUG] [net.minecraftforge.coremod.transformer.CoreModBaseTransformer/COREMOD]: Transforming net/minecraft/world/level/biome/Biome
[30Jul2025 14:46:14.016] [main/DEBUG] [mixin/]: Mixing accessor.MobSpawnSettingsBuilderForgeAccessor from puzzleslib.forge.mixins.json into net.minecraft.world.level.biome.MobSpawnSettings$Builder
[30Jul2025 14:46:14.028] [main/DEBUG] [mixin/]: Mixing MixinMultiNoiseBiomeSource from terrablender.mixins.json into net.minecraft.world.level.biome.MultiNoiseBiomeSource
[30Jul2025 14:46:14.031] [main/DEBUG] [mixin/]: Mixing MixinParameterList from terrablender.mixins.json into net.minecraft.world.level.biome.Climate$ParameterList
[30Jul2025 14:46:14.031] [main/DEBUG] [mixin/]: Renaming synthetic method lambda$initializeForTerraBlender$0(Lnet/minecraft/core/Registry;Lcom/google/common/collect/ImmutableList$Builder;Lcom/mojang/datafixers/util/Pair;)V to mdac7087$lambda$initializeForTerraBlender$0$0 in terrablender.mixins.json:MixinParameterList
[30Jul2025 14:46:14.055] [main/DEBUG] [mixin/]: Mixing NoiseBasedChunkGeneratorMixin from citadel.mixins.json into net.minecraft.world.level.levelgen.NoiseBasedChunkGenerator
[30Jul2025 14:46:14.063] [main/DEBUG] [mixin/]: Mixing MixinNoiseGeneratorSettings from terrablender.mixins.json into net.minecraft.world.level.levelgen.NoiseGeneratorSettings
[30Jul2025 14:46:14.064] [main/DEBUG] [mixin/]: Mixing world.NoiseGeneratorSettingsAccessor from the_bumblezone-common.mixins.json into net.minecraft.world.level.levelgen.NoiseGeneratorSettings
[30Jul2025 14:46:14.147] [main/DEBUG] [mixin/]: Mixing world.SinglePoolElementAccessor from the_bumblezone-common.mixins.json into net.minecraft.world.level.levelgen.structure.pools.SinglePoolElement
[30Jul2025 14:46:14.283] [main/DEBUG] [net.minecraftforge.common.ForgeI18n/CORE]: Loading I18N data entries: 6430
[30Jul2025 14:46:14.301] [main/DEBUG] [net.minecraftforge.fml.ModWorkManager/LOADING]: Using 4 threads for parallel mod-loading
[30Jul2025 14:46:14.307] [main/DEBUG] [net.minecraftforge.fml.lowcodemod.LowCodeModLanguageProvider.LowCodeModTarget/LOADING]: Loading LowCodeModContainer from classloader cpw.mods.modlauncher.TransformingClassLoader@738d37fc - got cpw.mods.cl.ModuleClassLoader@25b865b5
[30Jul2025 14:46:14.308] [main/DEBUG] [net.minecraftforge.fml.lowcodemod.LowCodeModContainer/LOADING]: Creating LowCodeModContainer for mr_dungeons_andtaverns
[30Jul2025 14:46:14.309] [main/DEBUG] [net.minecraftforge.fml.javafmlmod.FMLJavaModLanguageProvider/LOADING]: Loading FMLModContainer from classloader cpw.mods.modlauncher.TransformingClassLoader@738d37fc - got cpw.mods.cl.ModuleClassLoader@25b865b5
[30Jul2025 14:46:14.309] [main/DEBUG] [net.minecraftforge.fml.javafmlmod.FMLModContainer/LOADING]: Creating FMLModContainer instance for com.llamalad7.mixinextras.platform.forge.MixinExtrasMod
[30Jul2025 14:46:14.314] [main/DEBUG] [net.minecraftforge.fml.javafmlmod.FMLJavaModLanguageProvider/LOADING]: Loading FMLModContainer from classloader cpw.mods.modlauncher.TransformingClassLoader@738d37fc - got cpw.mods.cl.ModuleClassLoader@25b865b5
[30Jul2025 14:46:14.314] [main/DEBUG] [net.minecraftforge.fml.javafmlmod.FMLModContainer/LOADING]: Creating FMLModContainer instance for terrablender.core.TerraBlenderForge
[30Jul2025 14:46:14.314] [main/DEBUG] [net.minecraftforge.fml.javafmlmod.FMLJavaModLanguageProvider/LOADING]: Loading FMLModContainer from classloader cpw.mods.modlauncher.TransformingClassLoader@738d37fc - got cpw.mods.cl.ModuleClassLoader@25b865b5
[30Jul2025 14:46:14.314] [main/DEBUG] [net.minecraftforge.fml.javafmlmod.FMLModContainer/LOADING]: Creating FMLModContainer instance for glitchcore.forge.GlitchCoreForge
[30Jul2025 14:46:14.315] [main/DEBUG] [net.minecraftforge.fml.javafmlmod.FMLJavaModLanguageProvider/LOADING]: Loading FMLModContainer from classloader cpw.mods.modlauncher.TransformingClassLoader@738d37fc - got cpw.mods.cl.ModuleClassLoader@25b865b5
[30Jul2025 14:46:14.315] [main/DEBUG] [net.minecraftforge.fml.javafmlmod.FMLModContainer/LOADING]: Creating FMLModContainer instance for biomesoplenty.forge.core.BiomesOPlentyForge
[30Jul2025 14:46:14.315] [main/DEBUG] [net.minecraftforge.fml.javafmlmod.FMLJavaModLanguageProvider/LOADING]: Loading FMLModContainer from classloader cpw.mods.modlauncher.TransformingClassLoader@738d37fc - got cpw.mods.cl.ModuleClassLoader@25b865b5
[30Jul2025 14:46:14.315] [main/DEBUG] [net.minecraftforge.fml.javafmlmod.FMLModContainer/LOADING]: Creating FMLModContainer instance for snownee.jade.util.CommonProxy
[30Jul2025 14:46:14.317] [main/DEBUG] [net.minecraftforge.fml.lowcodemod.LowCodeModLanguageProvider.LowCodeModTarget/LOADING]: Loading LowCodeModContainer from classloader cpw.mods.modlauncher.TransformingClassLoader@738d37fc - got cpw.mods.cl.ModuleClassLoader@25b865b5
[30Jul2025 14:46:14.317] [main/DEBUG] [net.minecraftforge.fml.lowcodemod.LowCodeModContainer/LOADING]: Creating LowCodeModContainer for explorify
[30Jul2025 14:46:14.317] [main/DEBUG] [net.minecraftforge.fml.javafmlmod.FMLJavaModLanguageProvider/LOADING]: Loading FMLModContainer from classloader cpw.mods.modlauncher.TransformingClassLoader@738d37fc - got cpw.mods.cl.ModuleClassLoader@25b865b5
[30Jul2025 14:46:14.317] [main/DEBUG] [net.minecraftforge.fml.javafmlmod.FMLModContainer/LOADING]: Creating FMLModContainer instance for fuzs.easymagic.EasyMagicForge
[30Jul2025 14:46:14.318] [main/DEBUG] [net.minecraftforge.fml.javafmlmod.FMLJavaModLanguageProvider/LOADING]: Loading FMLModContainer from classloader cpw.mods.modlauncher.TransformingClassLoader@738d37fc - got cpw.mods.cl.ModuleClassLoader@25b865b5
[30Jul2025 14:46:14.318] [main/DEBUG] [net.minecraftforge.fml.javafmlmod.FMLModContainer/LOADING]: Creating FMLModContainer instance for mezz.jei.forge.JustEnoughItems
[30Jul2025 14:46:14.318] [main/DEBUG] [net.minecraftforge.fml.javafmlmod.FMLJavaModLanguageProvider/LOADING]: Loading FMLModContainer from classloader cpw.mods.modlauncher.TransformingClassLoader@738d37fc - got cpw.mods.cl.ModuleClassLoader@25b865b5
[30Jul2025 14:46:14.318] [main/DEBUG] [net.minecraftforge.fml.javafmlmod.FMLModContainer/LOADING]: Creating FMLModContainer instance for fuzs.puzzleslib.impl.PuzzlesLibForge
[30Jul2025 14:46:14.319] [main/DEBUG] [net.minecraftforge.fml.javafmlmod.FMLJavaModLanguageProvider/LOADING]: Loading FMLModContainer from classloader cpw.mods.modlauncher.TransformingClassLoader@738d37fc - got cpw.mods.cl.ModuleClassLoader@25b865b5
[30Jul2025 14:46:14.319] [main/DEBUG] [net.minecraftforge.fml.javafmlmod.FMLModContainer/LOADING]: Creating FMLModContainer instance for tschipp.carryon.CarryOnForge
[30Jul2025 14:46:14.319] [main/DEBUG] [net.minecraftforge.fml.javafmlmod.FMLJavaModLanguageProvider/LOADING]: Loading FMLModContainer from classloader cpw.mods.modlauncher.TransformingClassLoader@738d37fc - got cpw.mods.cl.ModuleClassLoader@25b865b5
[30Jul2025 14:46:14.319] [main/DEBUG] [net.minecraftforge.fml.javafmlmod.FMLModContainer/LOADING]: Creating FMLModContainer instance for com.telepathicgrunt.the_bumblezone.forge.BumblezoneForge
[30Jul2025 14:46:14.321] [main/DEBUG] [net.minecraftforge.fml.javafmlmod.FMLJavaModLanguageProvider/LOADING]: Loading FMLModContainer from classloader cpw.mods.modlauncher.TransformingClassLoader@738d37fc - got cpw.mods.cl.ModuleClassLoader@25b865b5
[30Jul2025 14:46:14.322] [main/DEBUG] [net.minecraftforge.fml.javafmlmod.FMLModContainer/LOADING]: Creating FMLModContainer instance for com.mrcrayfish.framework.FrameworkForge
[30Jul2025 14:46:14.324] [main/DEBUG] [net.minecraftforge.fml.javafmlmod.FMLJavaModLanguageProvider/LOADING]: Loading FMLModContainer from classloader cpw.mods.modlauncher.TransformingClassLoader@738d37fc - got cpw.mods.cl.ModuleClassLoader@25b865b5
[30Jul2025 14:46:14.324] [main/DEBUG] [net.minecraftforge.fml.javafmlmod.FMLModContainer/LOADING]: Creating FMLModContainer instance for fuzs.puzzlesaccessapi.forge.PuzzlesAccessApiForge
[30Jul2025 14:46:14.325] [main/DEBUG] [net.minecraftforge.fml.javafmlmod.FMLJavaModLanguageProvider/LOADING]: Loading FMLModContainer from classloader cpw.mods.modlauncher.TransformingClassLoader@738d37fc - got cpw.mods.cl.ModuleClassLoader@25b865b5
[30Jul2025 14:46:14.325] [main/DEBUG] [net.minecraftforge.fml.javafmlmod.FMLModContainer/LOADING]: Creating FMLModContainer instance for net.minecraftforge.common.ForgeMod
[30Jul2025 14:46:14.327] [main/DEBUG] [net.minecraftforge.fml.javafmlmod.FMLJavaModLanguageProvider/LOADING]: Loading FMLModContainer from classloader cpw.mods.modlauncher.TransformingClassLoader@738d37fc - got cpw.mods.cl.ModuleClassLoader@25b865b5
[30Jul2025 14:46:14.327] [main/DEBUG] [net.minecraftforge.fml.javafmlmod.FMLModContainer/LOADING]: Creating FMLModContainer instance for com.unlikepaladin.pfm.forge.PaladinFurnitureModForge
[30Jul2025 14:46:14.328] [main/DEBUG] [net.minecraftforge.fml.javafmlmod.FMLJavaModLanguageProvider/LOADING]: Loading FMLModContainer from classloader cpw.mods.modlauncher.TransformingClassLoader@738d37fc - got cpw.mods.cl.ModuleClassLoader@25b865b5
[30Jul2025 14:46:14.329] [main/DEBUG] [net.minecraftforge.fml.javafmlmod.FMLModContainer/LOADING]: Creating FMLModContainer instance for top.theillusivec4.curios.Curios
[30Jul2025 14:46:14.329] [main/DEBUG] [net.minecraftforge.fml.javafmlmod.FMLJavaModLanguageProvider/LOADING]: Loading FMLModContainer from classloader cpw.mods.modlauncher.TransformingClassLoader@738d37fc - got cpw.mods.cl.ModuleClassLoader@25b865b5
[30Jul2025 14:46:14.330] [main/DEBUG] [net.minecraftforge.fml.javafmlmod.FMLModContainer/LOADING]: Creating FMLModContainer instance for xaero.minimap.XaeroMinimapForge
[30Jul2025 14:46:14.332] [main/DEBUG] [net.minecraftforge.fml.javafmlmod.FMLJavaModLanguageProvider/LOADING]: Loading FMLModContainer from classloader cpw.mods.modlauncher.TransformingClassLoader@738d37fc - got cpw.mods.cl.ModuleClassLoader@25b865b5
[30Jul2025 14:46:14.332] [main/DEBUG] [net.minecraftforge.fml.javafmlmod.FMLModContainer/LOADING]: Creating FMLModContainer instance for earth.terrarium.athena.forge.AthenaForge
[30Jul2025 14:46:14.333] [main/DEBUG] [net.minecraftforge.fml.javafmlmod.FMLJavaModLanguageProvider/LOADING]: Loading FMLModContainer from classloader cpw.mods.modlauncher.TransformingClassLoader@738d37fc - got cpw.mods.cl.ModuleClassLoader@25b865b5
[30Jul2025 14:46:14.333] [main/DEBUG] [net.minecraftforge.fml.javafmlmod.FMLModContainer/LOADING]: Creating FMLModContainer instance for com.github.alexthe666.citadel.Citadel
[30Jul2025 14:46:14.334] [main/DEBUG] [net.minecraftforge.fml.javafmlmod.FMLJavaModLanguageProvider/LOADING]: Loading FMLModContainer from classloader cpw.mods.modlauncher.TransformingClassLoader@738d37fc - got cpw.mods.cl.ModuleClassLoader@25b865b5
[30Jul2025 14:46:14.334] [main/DEBUG] [net.minecraftforge.fml.javafmlmod.FMLModContainer/LOADING]: Creating FMLModContainer instance for com.github.alexthe666.alexsmobs.AlexsMobs
[30Jul2025 14:46:14.335] [main/DEBUG] [net.minecraftforge.fml.javafmlmod.FMLJavaModLanguageProvider/LOADING]: Loading FMLModContainer from classloader cpw.mods.modlauncher.TransformingClassLoader@738d37fc - got cpw.mods.cl.ModuleClassLoader@25b865b5
[30Jul2025 14:46:14.335] [main/DEBUG] [net.minecraftforge.fml.javafmlmod.FMLModContainer/LOADING]: Creating FMLModContainer instance for com.github.alexthe666.iceandfire.IceAndFire
[30Jul2025 14:46:14.358] [modloading-worker-0/DEBUG] [net.minecraftforge.fml.javafmlmod.AutomaticEventSubscriber/LOADING]: Attempting to inject @EventBusSubscriber classes into the eventbus for mixinextras
[30Jul2025 14:46:14.359] [modloading-worker-0/DEBUG] [net.minecraftforge.fml.javafmlmod.AutomaticEventSubscriber/LOADING]: Attempting to inject @EventBusSubscriber classes into the eventbus for glitchcore
[30Jul2025 14:46:14.368] [modloading-worker-0/DEBUG] [net.minecraftforge.fml.javafmlmod.AutomaticEventSubscriber/LOADING]: Auto-subscribing glitchcore.forge.handlers.VillagerTradesEventHandler to FORGE
[30Jul2025 14:46:14.376] [modloading-worker-0/DEBUG] [net.minecraftforge.fml.javafmlmod.AutomaticEventSubscriber/LOADING]: Attempting to inject @EventBusSubscriber classes into the eventbus for terrablender
[30Jul2025 14:46:14.379] [modloading-worker-0/DEBUG] [net.minecraftforge.fml.javafmlmod.AutomaticEventSubscriber/LOADING]: Auto-subscribing terrablender.handler.InitializationHandler to FORGE
[30Jul2025 14:46:14.382] [modloading-worker-0/DEBUG] [net.minecraftforge.fml.javafmlmod.AutomaticEventSubscriber/LOADING]: Auto-subscribing glitchcore.forge.handlers.TooltipEventHandler to FORGE
[30Jul2025 14:46:14.384] [modloading-worker-0/DEBUG] [net.minecraftforge.fml.javafmlmod.AutomaticEventSubscriber/LOADING]: Attempting to inject @EventBusSubscriber classes into the eventbus for easymagic
[30Jul2025 14:46:14.388] [modloading-worker-0/DEBUG] [net.minecraftforge.fml.javafmlmod.AutomaticEventSubscriber/LOADING]: Auto-subscribing fuzs.easymagic.EasyMagicForge to MOD
[30Jul2025 14:46:14.398] [modloading-worker-0/DEBUG] [net.minecraftforge.fml.javafmlmod.AutomaticEventSubscriber/LOADING]: Auto-subscribing glitchcore.forge.handlers.ToolModificationEventHandler to FORGE
[30Jul2025 14:46:14.401] [modloading-worker-0/DEBUG] [mixin/]: Mixing impl.MixinEnvironment from glitchcore.forge.mixins.json into glitchcore.util.Environment
[30Jul2025 14:46:14.404] [modloading-worker-0/DEBUG] [net.minecraftforge.fml.javafmlmod.AutomaticEventSubscriber/LOADING]: Auto-subscribing glitchcore.forge.handlers.TickEventHandler to FORGE
[30Jul2025 14:46:14.410] [modloading-worker-0/DEBUG] [net.minecraftforge.fml.javafmlmod.AutomaticEventSubscriber/LOADING]: Auto-subscribing glitchcore.forge.handlers.TagsUpdatedEventHandler to FORGE
[30Jul2025 14:46:14.419] [modloading-worker-0/DEBUG] [net.minecraftforge.fml.javafmlmod.AutomaticEventSubscriber/LOADING]: Auto-subscribing glitchcore.forge.handlers.RegistryEventHandler to MOD
[30Jul2025 14:46:14.421] [modloading-worker-0/DEBUG] [net.minecraftforge.fml.javafmlmod.AutomaticEventSubscriber/LOADING]: Auto-subscribing glitchcore.forge.handlers.RegisterCommandsEventHandler to FORGE
[30Jul2025 14:46:14.426] [modloading-worker-0/DEBUG] [net.minecraftforge.fml.javafmlmod.AutomaticEventSubscriber/LOADING]: Auto-subscribing glitchcore.forge.handlers.PlayerLoggedInEventHandler to FORGE
[30Jul2025 14:46:14.429] [modloading-worker-0/DEBUG] [net.minecraftforge.fml.javafmlmod.AutomaticEventSubscriber/LOADING]: Auto-subscribing glitchcore.forge.handlers.InteractionEventHandler to FORGE
[30Jul2025 14:46:14.434] [modloading-worker-0/DEBUG] [net.minecraftforge.fml.javafmlmod.AutomaticEventSubscriber/LOADING]: Attempting to inject @EventBusSubscriber classes into the eventbus for jade
[30Jul2025 14:46:14.434] [modloading-worker-0/DEBUG] [net.minecraftforge.fml.javafmlmod.AutomaticEventSubscriber/LOADING]: Attempting to inject @EventBusSubscriber classes into the eventbus for puzzleslib
[30Jul2025 14:46:14.434] [modloading-worker-0/DEBUG] [net.minecraftforge.fml.javafmlmod.AutomaticEventSubscriber/LOADING]: Auto-subscribing fuzs.puzzleslib.impl.PuzzlesLibForge to MOD
[30Jul2025 14:46:14.447] [modloading-worker-0/INFO] [Puzzles Lib/]: Constructing common components for easymagic:main
[30Jul2025 14:46:14.465] [modloading-worker-0/DEBUG] [net.minecraftforge.fml.config.ConfigTracker/CONFIG]: Config file jei-server.toml for jei tracking
[30Jul2025 14:46:14.473] [modloading-worker-0/INFO] [Puzzles Lib/]: Constructing common components for puzzleslib:main
[30Jul2025 14:46:14.481] [modloading-worker-0/DEBUG] [net.minecraftforge.fml.javafmlmod.AutomaticEventSubscriber/LOADING]: Attempting to inject @EventBusSubscriber classes into the eventbus for jei
[30Jul2025 14:46:14.489] [modloading-worker-0/DEBUG] [net.minecraftforge.fml.config.ConfigTracker/CONFIG]: Config file easymagic-server.toml for easymagic tracking
[30Jul2025 14:46:14.508] [modloading-worker-0/DEBUG] [Carry On/]: Loaded tschipp.carryon.platform.ForgePlatformHelper@1b86e279 for service interface tschipp.carryon.platform.services.IPlatformHelper
[30Jul2025 14:46:14.509] [modloading-worker-0/DEBUG] [Carry On/]: Loaded tschipp.carryon.platform.ForgeGamestagesHelper@4558873b for service interface tschipp.carryon.platform.services.IGamestagePlatformHelper
[30Jul2025 14:46:14.521] [modloading-worker-0/DEBUG] [net.minecraftforge.fml.config.ConfigTracker/CONFIG]: Config file carryon-common.toml for carryon tracking
[30Jul2025 14:46:14.524] [modloading-worker-0/DEBUG] [net.minecraftforge.fml.config.ConfigTracker/CONFIG]: Config file carryon-client.toml for carryon tracking
[30Jul2025 14:46:14.524] [modloading-worker-0/DEBUG] [net.minecraftforge.fml.javafmlmod.AutomaticEventSubscriber/LOADING]: Attempting to inject @EventBusSubscriber classes into the eventbus for carryon
[30Jul2025 14:46:14.524] [modloading-worker-0/DEBUG] [net.minecraftforge.fml.javafmlmod.AutomaticEventSubscriber/LOADING]: Auto-subscribing tschipp.carryon.CarryOnForge to MOD
[30Jul2025 14:46:14.524] [modloading-worker-0/DEBUG] [net.minecraftforge.fml.javafmlmod.AutomaticEventSubscriber/LOADING]: Auto-subscribing tschipp.carryon.events.CommonEvents to FORGE
[30Jul2025 14:46:14.546] [modloading-worker-0/DEBUG] [net.minecraftforge.coremod.transformer.CoreModBaseTransformer/COREMOD]: Transforming m_11229_ with desc (Lnet/minecraft/server/level/ServerPlayer;Lnet/minecraft/server/level/ServerLevel;)V
[30Jul2025 14:46:14.565] [modloading-worker-0/DEBUG] [net.minecraftforge.fml.javafmlmod.AutomaticEventSubscriber/LOADING]: Auto-subscribing tschipp.carryon.events.ModBusEvents to MOD
[30Jul2025 14:46:14.567] [modloading-worker-0/DEBUG] [net.minecraftforge.fml.config.ConfigTracker/CONFIG]: Config file the_bumblezone/client.toml for the_bumblezone tracking
[30Jul2025 14:46:14.567] [modloading-worker-0/DEBUG] [mixin/]: Mixing MixinBloodFluid from biomesoplenty.forge.mixins.json into biomesoplenty.block.BloodFluid
[30Jul2025 14:46:14.575] [modloading-worker-0/DEBUG] [net.minecraftforge.fml.javafmlmod.AutomaticEventSubscriber/LOADING]: Attempting to inject @EventBusSubscriber classes into the eventbus for puzzlesaccessapi
[30Jul2025 14:46:14.576] [modloading-worker-0/DEBUG] [mixin/]: Mixing MixinLiquidNullFluid from biomesoplenty.forge.mixins.json into biomesoplenty.block.LiquidNullFluid
[30Jul2025 14:46:14.588] [modloading-worker-0/DEBUG] [Framework/]: Loaded com.mrcrayfish.framework.platform.ForgePlatformHelper@7f66b7f8 for service interface com.mrcrayfish.framework.platform.services.IPlatformHelper
[30Jul2025 14:46:14.589] [modloading-worker-0/DEBUG] [Framework/]: Loaded com.mrcrayfish.framework.platform.ForgeNetworkHelper@7de3af8b for service interface com.mrcrayfish.framework.platform.services.INetworkHelper
[30Jul2025 14:46:14.590] [modloading-worker-0/DEBUG] [Framework/]: Loaded com.mrcrayfish.framework.platform.ForgeRegistrationHelper@22782235 for service interface com.mrcrayfish.framework.platform.services.IRegistrationHelper
[30Jul2025 14:46:14.601] [modloading-worker-0/DEBUG] [net.minecraftforge.versions.forge.ForgeVersion/CORE]: Forge Version package package net.minecraftforge.versions.forge, Forge, version 47.3 from cpw.mods.modlauncher.TransformingClassLoader@738d37fc
[30Jul2025 14:46:14.601] [modloading-worker-0/DEBUG] [net.minecraftforge.versions.forge.ForgeVersion/CORE]: Found Forge version 47.3.7
[30Jul2025 14:46:14.601] [modloading-worker-0/DEBUG] [net.minecraftforge.versions.forge.ForgeVersion/CORE]: Found Forge spec 47.3
[30Jul2025 14:46:14.601] [modloading-worker-0/DEBUG] [net.minecraftforge.versions.forge.ForgeVersion/CORE]: Found Forge group net.minecraftforge
[30Jul2025 14:46:14.600] [modloading-worker-0/DEBUG] [Framework/]: Loaded com.mrcrayfish.framework.platform.ForgeEntityHelper@3e6fc5b6 for service interface com.mrcrayfish.framework.platform.services.IEntityHelper
[30Jul2025 14:46:14.602] [modloading-worker-0/DEBUG] [net.minecraftforge.versions.mcp.MCPVersion/CORE]: MCP Version package package net.minecraftforge.versions.mcp, Minecraft, version 1.20.1 from cpw.mods.modlauncher.TransformingClassLoader@738d37fc
[30Jul2025 14:46:14.602] [modloading-worker-0/DEBUG] [net.minecraftforge.versions.mcp.MCPVersion/CORE]: Found MC version information 1.20.1
[30Jul2025 14:46:14.602] [modloading-worker-0/DEBUG] [net.minecraftforge.versions.mcp.MCPVersion/CORE]: Found MCP version information 20230612.114412
[30Jul2025 14:46:14.605] [modloading-worker-0/DEBUG] [Framework/]: Loaded com.mrcrayfish.framework.platform.ForgeItemHelper@5d718e4a for service interface com.mrcrayfish.framework.platform.services.IItemHelper
[30Jul2025 14:46:14.606] [modloading-worker-0/INFO] [net.minecraftforge.common.ForgeMod/FORGEMOD]: Forge mod loading, version 47.3.7, for MC 1.20.1 with MCP 20230612.114412
[30Jul2025 14:46:14.606] [modloading-worker-0/INFO] [net.minecraftforge.common.MinecraftForge/FORGE]: MinecraftForge v47.3.7 Initialized
[30Jul2025 14:46:14.618] [modloading-worker-0/DEBUG] [Framework/]: Loaded com.mrcrayfish.framework.platform.ForgeConfigHelper@19dda71f for service interface com.mrcrayfish.framework.platform.services.IConfigHelper
[30Jul2025 14:46:14.621] [modloading-worker-0/DEBUG] [net.minecraftforge.fml.config.ConfigTracker/CONFIG]: Config file the_bumblezone/general.toml for the_bumblezone tracking
[30Jul2025 14:46:14.624] [modloading-worker-0/DEBUG] [net.minecraftforge.fml.config.ConfigTracker/CONFIG]: Config file the_bumblezone/worldgen.toml for the_bumblezone tracking
[30Jul2025 14:46:14.627] [modloading-worker-0/DEBUG] [net.minecraftforge.fml.config.ConfigTracker/CONFIG]: Config file the_bumblezone/dimension.toml for the_bumblezone tracking
[30Jul2025 14:46:14.631] [modloading-worker-0/DEBUG] [net.minecraftforge.fml.config.ConfigTracker/CONFIG]: Config file the_bumblezone/bee_aggression.toml for the_bumblezone tracking
[30Jul2025 14:46:14.638] [modloading-worker-0/DEBUG] [net.minecraftforge.fml.config.ConfigTracker/CONFIG]: Config file the_bumblezone/mod_compatibility.toml for the_bumblezone tracking
[30Jul2025 14:46:14.659] [modloading-worker-0/DEBUG] [io.netty.util.internal.PlatformDependent0/]: -Dio.netty.noUnsafe: false
[30Jul2025 14:46:14.659] [modloading-worker-0/DEBUG] [io.netty.util.internal.PlatformDependent0/]: Java version: 17
[30Jul2025 14:46:14.660] [modloading-worker-0/DEBUG] [io.netty.util.internal.PlatformDependent0/]: sun.misc.Unsafe.theUnsafe: available
[30Jul2025 14:46:14.660] [modloading-worker-0/DEBUG] [io.netty.util.internal.PlatformDependent0/]: sun.misc.Unsafe.copyMemory: available
[30Jul2025 14:46:14.661] [modloading-worker-0/DEBUG] [io.netty.util.internal.PlatformDependent0/]: sun.misc.Unsafe.storeFence: available
[30Jul2025 14:46:14.661] [modloading-worker-0/DEBUG] [io.netty.util.internal.PlatformDependent0/]: java.nio.Buffer.address: available
[30Jul2025 14:46:14.662] [modloading-worker-0/DEBUG] [io.netty.util.internal.PlatformDependent0/]: direct buffer constructor: unavailable
java.lang.UnsupportedOperationException: Reflective setAccessible(true) disabled
	at io.netty.util.internal.ReflectionUtil.trySetAccessible(ReflectionUtil.java:31) ~[netty-common-4.1.82.Final.jar%2382!/:4.1.82.Final]
	at io.netty.util.internal.PlatformDependent0$5.run(PlatformDependent0.java:288) ~[netty-common-4.1.82.Final.jar%2382!/:4.1.82.Final]
	at java.security.AccessController.doPrivileged(AccessController.java:318) ~[?:?]
	at io.netty.util.internal.PlatformDependent0.<clinit>(PlatformDependent0.java:282) ~[netty-common-4.1.82.Final.jar%2382!/:4.1.82.Final]
	at io.netty.util.internal.PlatformDependent.isAndroid(PlatformDependent.java:333) ~[netty-common-4.1.82.Final.jar%2382!/:4.1.82.Final]
	at io.netty.util.internal.PlatformDependent.<clinit>(PlatformDependent.java:88) ~[netty-common-4.1.82.Final.jar%2382!/:4.1.82.Final]
	at io.netty.util.ConstantPool.<init>(ConstantPool.java:34) ~[netty-common-4.1.82.Final.jar%2382!/:4.1.82.Final]
	at io.netty.util.AttributeKey$1.<init>(AttributeKey.java:27) ~[netty-common-4.1.82.Final.jar%2382!/:4.1.82.Final]
	at io.netty.util.AttributeKey.<clinit>(AttributeKey.java:27) ~[netty-common-4.1.82.Final.jar%2382!/:4.1.82.Final]
	at net.minecraftforge.network.NetworkConstants.<clinit>(NetworkConstants.java:34) ~[forge-1.20.1-47.3.7-universal.jar%23146!/:?]
	at net.minecraftforge.common.ForgeMod.<init>(ForgeMod.java:429) ~[forge-1.20.1-47.3.7-universal.jar%23146!/:?]
	at jdk.internal.reflect.NativeConstructorAccessorImpl.newInstance0(Native Method) ~[?:?]
	at jdk.internal.reflect.NativeConstructorAccessorImpl.newInstance(NativeConstructorAccessorImpl.java:77) ~[?:?]
	at jdk.internal.reflect.DelegatingConstructorAccessorImpl.newInstance(DelegatingConstructorAccessorImpl.java:45) ~[?:?]
	at java.lang.reflect.Constructor.newInstanceWithCaller(Constructor.java:500) ~[?:?]
	at java.lang.reflect.Constructor.newInstance(Constructor.java:481) ~[?:?]
	at net.minecraftforge.fml.javafmlmod.FMLModContainer.constructMod(FMLModContainer.java:70) ~[javafmllanguage-1.20.1-47.3.7.jar%23143!/:?]
	at net.minecraftforge.fml.ModContainer.lambda$buildTransitionHandler$4(ModContainer.java:124) ~[fmlcore-1.20.1-47.3.7.jar%23142!/:?]
	at java.util.concurrent.CompletableFuture$AsyncRun.run(CompletableFuture.java:1804) ~[?:?]
	at java.util.concurrent.CompletableFuture$AsyncRun.exec(CompletableFuture.java:1796) ~[?:?]
	at java.util.concurrent.ForkJoinTask.doExec(ForkJoinTask.java:373) ~[?:?]
	at java.util.concurrent.ForkJoinPool$WorkQueue.topLevelExec(ForkJoinPool.java:1182) ~[?:?]
	at java.util.concurrent.ForkJoinPool.scan(ForkJoinPool.java:1655) ~[?:?]
	at java.util.concurrent.ForkJoinPool.runWorker(ForkJoinPool.java:1622) ~[?:?]
	at java.util.concurrent.ForkJoinWorkerThread.run(ForkJoinWorkerThread.java:165) ~[?:?]
[30Jul2025 14:46:14.663] [modloading-worker-0/DEBUG] [io.netty.util.internal.PlatformDependent0/]: java.nio.Bits.unaligned: available, true
[30Jul2025 14:46:14.664] [modloading-worker-0/DEBUG] [io.netty.util.internal.PlatformDependent0/]: jdk.internal.misc.Unsafe.allocateUninitializedArray(int): unavailable
java.lang.IllegalAccessException: class io.netty.util.internal.PlatformDependent0$7 (in module io.netty.common) cannot access class jdk.internal.misc.Unsafe (in module java.base) because module java.base does not export jdk.internal.misc to module io.netty.common
	at jdk.internal.reflect.Reflection.newIllegalAccessException(Reflection.java:392) ~[?:?]
	at java.lang.reflect.AccessibleObject.checkAccess(AccessibleObject.java:674) ~[?:?]
	at java.lang.reflect.Method.invoke(Method.java:561) ~[?:?]
	at io.netty.util.internal.PlatformDependent0$7.run(PlatformDependent0.java:410) ~[netty-common-4.1.82.Final.jar%2382!/:4.1.82.Final]
	at java.security.AccessController.doPrivileged(AccessController.java:318) ~[?:?]
	at io.netty.util.internal.PlatformDependent0.<clinit>(PlatformDependent0.java:401) ~[netty-common-4.1.82.Final.jar%2382!/:4.1.82.Final]
	at io.netty.util.internal.PlatformDependent.isAndroid(PlatformDependent.java:333) ~[netty-common-4.1.82.Final.jar%2382!/:4.1.82.Final]
	at io.netty.util.internal.PlatformDependent.<clinit>(PlatformDependent.java:88) ~[netty-common-4.1.82.Final.jar%2382!/:4.1.82.Final]
	at io.netty.util.ConstantPool.<init>(ConstantPool.java:34) ~[netty-common-4.1.82.Final.jar%2382!/:4.1.82.Final]
	at io.netty.util.AttributeKey$1.<init>(AttributeKey.java:27) ~[netty-common-4.1.82.Final.jar%2382!/:4.1.82.Final]
	at io.netty.util.AttributeKey.<clinit>(AttributeKey.java:27) ~[netty-common-4.1.82.Final.jar%2382!/:4.1.82.Final]
	at net.minecraftforge.network.NetworkConstants.<clinit>(NetworkConstants.java:34) ~[forge-1.20.1-47.3.7-universal.jar%23146!/:?]
	at net.minecraftforge.common.ForgeMod.<init>(ForgeMod.java:429) ~[forge-1.20.1-47.3.7-universal.jar%23146!/:?]
	at jdk.internal.reflect.NativeConstructorAccessorImpl.newInstance0(Native Method) ~[?:?]
	at jdk.internal.reflect.NativeConstructorAccessorImpl.newInstance(NativeConstructorAccessorImpl.java:77) ~[?:?]
	at jdk.internal.reflect.DelegatingConstructorAccessorImpl.newInstance(DelegatingConstructorAccessorImpl.java:45) ~[?:?]
	at java.lang.reflect.Constructor.newInstanceWithCaller(Constructor.java:500) ~[?:?]
	at java.lang.reflect.Constructor.newInstance(Constructor.java:481) ~[?:?]
	at net.minecraftforge.fml.javafmlmod.FMLModContainer.constructMod(FMLModContainer.java:70) ~[javafmllanguage-1.20.1-47.3.7.jar%23143!/:?]
	at net.minecraftforge.fml.ModContainer.lambda$buildTransitionHandler$4(ModContainer.java:124) ~[fmlcore-1.20.1-47.3.7.jar%23142!/:?]
	at java.util.concurrent.CompletableFuture$AsyncRun.run(CompletableFuture.java:1804) ~[?:?]
	at java.util.concurrent.CompletableFuture$AsyncRun.exec(CompletableFuture.java:1796) ~[?:?]
	at java.util.concurrent.ForkJoinTask.doExec(ForkJoinTask.java:373) ~[?:?]
	at java.util.concurrent.ForkJoinPool$WorkQueue.topLevelExec(ForkJoinPool.java:1182) ~[?:?]
	at java.util.concurrent.ForkJoinPool.scan(ForkJoinPool.java:1655) ~[?:?]
	at java.util.concurrent.ForkJoinPool.runWorker(ForkJoinPool.java:1622) ~[?:?]
	at java.util.concurrent.ForkJoinWorkerThread.run(ForkJoinWorkerThread.java:165) ~[?:?]
[30Jul2025 14:46:14.665] [modloading-worker-0/DEBUG] [io.netty.util.internal.PlatformDependent0/]: java.nio.DirectByteBuffer.<init>(long, int): unavailable
[30Jul2025 14:46:14.665] [modloading-worker-0/DEBUG] [io.netty.util.internal.PlatformDependent/]: sun.misc.Unsafe: available
[30Jul2025 14:46:14.666] [modloading-worker-0/DEBUG] [io.netty.util.internal.PlatformDependent/]: maxDirectMemory: 17179869184 bytes (maybe)
[30Jul2025 14:46:14.666] [modloading-worker-0/DEBUG] [io.netty.util.internal.PlatformDependent/]: -Dio.netty.tmpdir: /tmp (java.io.tmpdir)
[30Jul2025 14:46:14.666] [modloading-worker-0/DEBUG] [io.netty.util.internal.PlatformDependent/]: -Dio.netty.bitMode: 64 (sun.arch.data.model)
[30Jul2025 14:46:14.666] [modloading-worker-0/DEBUG] [io.netty.util.internal.PlatformDependent/]: -Dio.netty.maxDirectMemory: -1 bytes
[30Jul2025 14:46:14.666] [modloading-worker-0/DEBUG] [io.netty.util.internal.PlatformDependent/]: -Dio.netty.uninitializedArrayAllocationThreshold: -1
[30Jul2025 14:46:14.669] [modloading-worker-0/DEBUG] [io.netty.util.internal.CleanerJava9/]: java.nio.ByteBuffer.cleaner(): available
[30Jul2025 14:46:14.669] [modloading-worker-0/DEBUG] [io.netty.util.internal.PlatformDependent/]: -Dio.netty.noPreferDirect: false
[30Jul2025 14:46:14.707] [modloading-worker-0/DEBUG] [mixin/]: Mixing item.ItemExtensionMixin from the_bumblezone-forge.mixins.json into com.telepathicgrunt.the_bumblezone.platform.ItemExtension
[30Jul2025 14:46:14.722] [modloading-worker-0/DEBUG] [net.minecraftforge.fml.javafmlmod.AutomaticEventSubscriber/LOADING]: Attempting to inject @EventBusSubscriber classes into the eventbus for framework
[30Jul2025 14:46:14.723] [modloading-worker-0/DEBUG] [net.minecraftforge.fml.javafmlmod.AutomaticEventSubscriber/LOADING]: Auto-subscribing com.mrcrayfish.framework.entity.sync.ForgeSyncedEntityDataHandler to FORGE
[30Jul2025 14:46:14.741] [modloading-worker-0/DEBUG] [mixin/]: Mixing effect.EffectExtensionMixin from the_bumblezone-forge.mixins.json into com.telepathicgrunt.the_bumblezone.platform.EffectExtension
[30Jul2025 14:46:14.754] [modloading-worker-0/DEBUG] [net.minecraftforge.common.ForgeMod/FORGEMOD]: Loading Network data for FML net version: FML3
[30Jul2025 14:46:14.773] [modloading-worker-0/DEBUG] [net.minecraftforge.fml.javafmlmod.AutomaticEventSubscriber/LOADING]: Attempting to inject @EventBusSubscriber classes into the eventbus for biomesoplenty
[30Jul2025 14:46:14.773] [modloading-worker-0/DEBUG] [net.minecraftforge.fml.javafmlmod.AutomaticEventSubscriber/LOADING]: Auto-subscribing biomesoplenty.forge.handler.MissingMappingsHandler to FORGE
[30Jul2025 14:46:14.776] [modloading-worker-0/DEBUG] [net.minecraftforge.fml.javafmlmod.AutomaticEventSubscriber/LOADING]: Auto-subscribing biomesoplenty.forge.datagen.DataGenerationHandler to MOD
[30Jul2025 14:46:14.780] [modloading-worker-0/DEBUG] [net.minecraftforge.fml.config.ConfigTracker/CONFIG]: Config file forge-client.toml for forge tracking
[30Jul2025 14:46:14.780] [modloading-worker-0/DEBUG] [net.minecraftforge.fml.config.ConfigTracker/CONFIG]: Config file forge-server.toml for forge tracking
[30Jul2025 14:46:14.780] [modloading-worker-0/DEBUG] [net.minecraftforge.fml.ModLoadingContext/]: Attempted to register an empty config for type COMMON on mod forge
[30Jul2025 14:46:14.806] [modloading-worker-0/DEBUG] [net.minecraftforge.fml.config.ConfigTracker/CONFIG]: Config file curios-client.toml for curios tracking
[30Jul2025 14:46:14.813] [modloading-worker-0/DEBUG] [mixin/]: Mixing block.BlockExtensionMixin from the_bumblezone-forge.mixins.json into com.telepathicgrunt.the_bumblezone.platform.BlockExtension
[30Jul2025 14:46:14.814] [modloading-worker-0/DEBUG] [mixin/]: Renaming synthetic method lambda$shouldDisplayFluidOverlay$1(Lnet/minecraft/world/level/block/state/BlockState;Lnet/minecraft/world/level/BlockAndTintGetter;Lnet/minecraft/core/BlockPos;Lnet/minecraft/world/level/material/FluidState;)Z to mdac7087$lambda$shouldDisplayFluidOverlay$1$0 in the_bumblezone-forge.mixins.json:block.BlockExtensionMixin
[30Jul2025 14:46:14.814] [modloading-worker-0/DEBUG] [mixin/]: Renaming synthetic method lambda$canStickTo$0(Lnet/minecraft/world/level/block/state/BlockState;Lnet/minecraft/world/level/block/state/BlockState;)Z to mdac7087$lambda$canStickTo$0$1 in the_bumblezone-forge.mixins.json:block.BlockExtensionMixin
[30Jul2025 14:46:14.825] [modloading-worker-0/DEBUG] [net.minecraftforge.fml.config.ConfigTracker/CONFIG]: Config file curios-common.toml for curios tracking
[30Jul2025 14:46:14.825] [modloading-worker-0/DEBUG] [net.minecraftforge.fml.config.ConfigTracker/CONFIG]: Config file curios-server.toml for curios tracking
[30Jul2025 14:46:14.825] [modloading-worker-0/DEBUG] [net.minecraftforge.fml.javafmlmod.AutomaticEventSubscriber/LOADING]: Attempting to inject @EventBusSubscriber classes into the eventbus for curios
[30Jul2025 14:46:14.825] [ForkJoinPool.commonPool-worker-1/INFO] [com.unlikepaladin.pfm.PaladinFurnitureMod/]: [Paladin's Furniture Update Check] Cached update file detected, using that!
[30Jul2025 14:46:14.839] [modloading-worker-0/DEBUG] [net.minecraftforge.fml.javafmlmod.AutomaticEventSubscriber/LOADING]: Attempting to inject @EventBusSubscriber classes into the eventbus for forge
[30Jul2025 14:46:14.840] [modloading-worker-0/DEBUG] [mixin/]: Mixing enchantment.BzEnchantmentMixin from the_bumblezone-forge.mixins.json into com.telepathicgrunt.the_bumblezone.platform.BzEnchantment
[30Jul2025 14:46:14.841] [modloading-worker-0/DEBUG] [mixin/]: Renaming synthetic method lambda$canApplyAtEnchantingTable$0(Lnet/minecraft/world/item/ItemStack;)Z to mdac7087$lambda$canApplyAtEnchantingTable$0$0 in the_bumblezone-forge.mixins.json:enchantment.BzEnchantmentMixin
[30Jul2025 14:46:14.841] [modloading-worker-0/DEBUG] [net.minecraftforge.fml.javafmlmod.AutomaticEventSubscriber/LOADING]: Auto-subscribing net.minecraftforge.common.ForgeSpawnEggItem$CommonHandler to MOD
[30Jul2025 14:46:14.850] [modloading-worker-0/DEBUG] [net.minecraftforge.fml.javafmlmod.AutomaticEventSubscriber/LOADING]: Attempting to inject @EventBusSubscriber classes into the eventbus for athena
[30Jul2025 14:46:14.882] [modloading-worker-0/DEBUG] [net.minecraftforge.fml.javafmlmod.AutomaticEventSubscriber/LOADING]: Attempting to inject @EventBusSubscriber classes into the eventbus for pfm
[30Jul2025 14:46:14.885] [modloading-worker-0/DEBUG] [net.minecraftforge.fml.javafmlmod.AutomaticEventSubscriber/LOADING]: Auto-subscribing com.unlikepaladin.pfm.registry.forge.StatisticsRegistryForge to MOD
[30Jul2025 14:46:14.885] [modloading-worker-0/DEBUG] [net.minecraftforge.fml.javafmlmod.AutomaticEventSubscriber/LOADING]: Auto-subscribing com.unlikepaladin.pfm.registry.forge.SoundRegistryForge to MOD
[30Jul2025 14:46:14.885] [modloading-worker-0/DEBUG] [net.minecraftforge.fml.javafmlmod.AutomaticEventSubscriber/LOADING]: Auto-subscribing com.unlikepaladin.pfm.registry.forge.ScreenHandlerRegistryForge to MOD
[30Jul2025 14:46:14.885] [modloading-worker-0/DEBUG] [net.minecraftforge.fml.javafmlmod.AutomaticEventSubscriber/LOADING]: Auto-subscribing com.unlikepaladin.pfm.registry.forge.RecipeRegistryForge to MOD
[30Jul2025 14:46:14.885] [modloading-worker-0/DEBUG] [net.minecraftforge.fml.javafmlmod.AutomaticEventSubscriber/LOADING]: Auto-subscribing com.unlikepaladin.pfm.registry.forge.ParticleTypeRegistryForge to MOD
[30Jul2025 14:46:14.889] [modloading-worker-0/DEBUG] [net.minecraftforge.fml.config.ConfigTracker/CONFIG]: Config file citadel-common.toml for citadel tracking
[30Jul2025 14:46:14.891] [modloading-worker-0/DEBUG] [net.minecraftforge.fml.javafmlmod.AutomaticEventSubscriber/LOADING]: Auto-subscribing com.unlikepaladin.pfm.registry.forge.NetworkRegistryForge to FORGE
[30Jul2025 14:46:14.891] [modloading-worker-0/DEBUG] [net.minecraftforge.fml.javafmlmod.AutomaticEventSubscriber/LOADING]: Auto-subscribing com.unlikepaladin.pfm.registry.forge.EntityRegistryForge to MOD
[30Jul2025 14:46:14.891] [modloading-worker-0/DEBUG] [net.minecraftforge.fml.javafmlmod.AutomaticEventSubscriber/LOADING]: Auto-subscribing com.unlikepaladin.pfm.registry.forge.BlockItemRegistryForge to MOD
[30Jul2025 14:46:14.894] [modloading-worker-0/DEBUG] [net.minecraftforge.fml.javafmlmod.AutomaticEventSubscriber/LOADING]: Attempting to inject @EventBusSubscriber classes into the eventbus for citadel
[30Jul2025 14:46:14.895] [modloading-worker-0/DEBUG] [net.minecraftforge.fml.javafmlmod.AutomaticEventSubscriber/LOADING]: Auto-subscribing com.github.alexthe666.citadel.ServerProxy to MOD
[30Jul2025 14:46:14.891] [modloading-worker-0/DEBUG] [net.minecraftforge.fml.javafmlmod.AutomaticEventSubscriber/LOADING]: Auto-subscribing com.unlikepaladin.pfm.registry.forge.BlockEntityRegistryForge to MOD
[30Jul2025 14:46:14.895] [modloading-worker-0/DEBUG] [net.minecraftforge.fml.javafmlmod.AutomaticEventSubscriber/LOADING]: Auto-subscribing com.unlikepaladin.pfm.registry.dynamic.forge.LateBlockRegistryImpl to MOD
[30Jul2025 14:46:14.895] [modloading-worker-0/DEBUG] [net.minecraftforge.fml.javafmlmod.AutomaticEventSubscriber/LOADING]: Auto-subscribing com.unlikepaladin.pfm.advancements.forge.CriteriaRegistryForge to MOD
[30Jul2025 14:46:14.918] [modloading-worker-0/DEBUG] [net.minecraftforge.fml.config.ConfigTracker/CONFIG]: Config file iceandfire-client.toml for iceandfire tracking
[30Jul2025 14:46:14.918] [modloading-worker-0/DEBUG] [xaero.hud.minimap.MinimapLogs/]: Loaded xaero.common.platform.services.ForgePlatformHelper@712de766 for service interface xaero.common.platform.services.IPlatformHelper
[30Jul2025 14:46:14.918] [modloading-worker-0/DEBUG] [net.minecraftforge.fml.config.ConfigTracker/CONFIG]: Config file iceandfire-common.toml for iceandfire tracking
[30Jul2025 14:46:14.924] [modloading-worker-0/DEBUG] [mixin/]: Mixing item.BzArrowItemMixin from the_bumblezone-forge.mixins.json into com.telepathicgrunt.the_bumblezone.platform.BzArrowItem
[30Jul2025 14:46:14.939] [modloading-worker-0/DEBUG] [net.minecraftforge.fml.javafmlmod.AutomaticEventSubscriber/LOADING]: Attempting to inject @EventBusSubscriber classes into the eventbus for xaerominimap
[30Jul2025 14:46:14.941] [modloading-worker-0/DEBUG] [mixin/]: Mixing item.BzBucketItemMixin from the_bumblezone-forge.mixins.json into com.telepathicgrunt.the_bumblezone.fluids.base.BzBucketItem
[30Jul2025 14:46:14.942] [modloading-worker-0/DEBUG] [net.minecraftforge.coremod.transformer.CoreModBaseTransformer/COREMOD]: Transforming net/minecraft/world/item/BucketItem
[30Jul2025 14:46:15.239] [modloading-worker-0/DEBUG] [mixin/]: Mixing block.BzLiquidBlockMixin from the_bumblezone-forge.mixins.json into com.telepathicgrunt.the_bumblezone.fluids.base.BzLiquidBlock
[30Jul2025 14:46:15.241] [modloading-worker-0/DEBUG] [net.minecraftforge.coremod.transformer.CoreModBaseTransformer/COREMOD]: Transforming net/minecraft/world/level/block/LiquidBlock
[30Jul2025 14:46:15.242] [modloading-worker-0/DEBUG] [mixin/]: Renaming synthetic method lambda$bumblezone$onInit$0()Lnet/minecraft/world/level/block/LiquidBlock; to mdac7087$lambda$bumblezone$onInit$0$0 in the_bumblezone-forge.mixins.json:block.BzLiquidBlockMixin
[30Jul2025 14:46:15.255] [modloading-worker-0/DEBUG] [mixin/]: Mixing block.BzFlowingFluidMixin from the_bumblezone-forge.mixins.json into com.telepathicgrunt.the_bumblezone.fluids.base.BzFlowingFluid
[30Jul2025 14:46:15.298] [modloading-worker-0/DEBUG] [net.minecraftforge.fml.config.ConfigTracker/CONFIG]: Config file alexsmobs.toml for alexsmobs tracking
[30Jul2025 14:46:15.363] [modloading-worker-0/DEBUG] [net.minecraftforge.fml.javafmlmod.AutomaticEventSubscriber/LOADING]: Attempting to inject @EventBusSubscriber classes into the eventbus for alexsmobs
[30Jul2025 14:46:15.363] [modloading-worker-0/DEBUG] [net.minecraftforge.fml.javafmlmod.AutomaticEventSubscriber/LOADING]: Auto-subscribing com.github.alexthe666.alexsmobs.world.AMWorldRegistry to MOD
[30Jul2025 14:46:15.366] [modloading-worker-0/DEBUG] [net.minecraftforge.fml.javafmlmod.AutomaticEventSubscriber/LOADING]: Auto-subscribing com.github.alexthe666.alexsmobs.tileentity.AMTileEntityRegistry to MOD
[30Jul2025 14:46:15.366] [modloading-worker-0/DEBUG] [net.minecraftforge.fml.javafmlmod.AutomaticEventSubscriber/LOADING]: Auto-subscribing com.github.alexthe666.alexsmobs.event.ServerEvents to FORGE
[30Jul2025 14:46:15.368] [modloading-worker-0/DEBUG] [net.minecraftforge.fml.javafmlmod.AutomaticEventSubscriber/LOADING]: Auto-subscribing com.github.alexthe666.alexsmobs.entity.AMEntityRegistry to MOD
[30Jul2025 14:46:15.368] [modloading-worker-0/DEBUG] [net.minecraftforge.fml.javafmlmod.AutomaticEventSubscriber/LOADING]: Auto-subscribing com.github.alexthe666.alexsmobs.CommonProxy to MOD
[30Jul2025 14:46:15.372] [modloading-worker-0/DEBUG] [net.minecraftforge.fml.javafmlmod.AutomaticEventSubscriber/LOADING]: Auto-subscribing com.github.alexthe666.alexsmobs.AlexsMobs to FORGE
[30Jul2025 14:46:15.462] [modloading-worker-0/DEBUG] [net.minecraftforge.fml.javafmlmod.AutomaticEventSubscriber/LOADING]: Attempting to inject @EventBusSubscriber classes into the eventbus for the_bumblezone
[30Jul2025 14:46:15.463] [modloading-worker-0/DEBUG] [net.minecraftforge.fml.javafmlmod.AutomaticEventSubscriber/LOADING]: Auto-subscribing com.telepathicgrunt.the_bumblezone.modcompat.forge.CorailTombstoneCompat$CorailCompatEvents to FORGE
[30Jul2025 14:46:15.467] [modloading-worker-0/DEBUG] [net.minecraftforge.fml.javafmlmod.AutomaticEventSubscriber/LOADING]: Auto-subscribing com.telepathicgrunt.the_bumblezone.datagen.StructureNbtUpdaterDatagen to MOD
[30Jul2025 14:46:15.601] [modloading-worker-0/DEBUG] [net.minecraftforge.fml.javafmlmod.AutomaticEventSubscriber/LOADING]: Attempting to inject @EventBusSubscriber classes into the eventbus for iceandfire
[30Jul2025 14:46:15.601] [modloading-worker-0/DEBUG] [net.minecraftforge.fml.javafmlmod.AutomaticEventSubscriber/LOADING]: Auto-subscribing com.github.alexthe666.iceandfire.recipe.IafRecipeRegistry to MOD
[30Jul2025 14:46:15.601] [modloading-worker-0/DEBUG] [net.minecraftforge.fml.javafmlmod.AutomaticEventSubscriber/LOADING]: Auto-subscribing com.github.alexthe666.iceandfire.misc.IafSoundRegistry to MOD
[30Jul2025 14:46:15.602] [modloading-worker-0/DEBUG] [net.minecraftforge.fml.javafmlmod.AutomaticEventSubscriber/LOADING]: Auto-subscribing com.github.alexthe666.iceandfire.misc.IafDamageRegistry to MOD
[30Jul2025 14:46:15.603] [modloading-worker-0/DEBUG] [net.minecraftforge.fml.javafmlmod.AutomaticEventSubscriber/LOADING]: Auto-subscribing com.github.alexthe666.iceandfire.item.IafItemRegistry to MOD
[30Jul2025 14:46:15.603] [modloading-worker-0/DEBUG] [net.minecraftforge.fml.javafmlmod.AutomaticEventSubscriber/LOADING]: Auto-subscribing com.github.alexthe666.iceandfire.event.ServerEvents to FORGE
[30Jul2025 14:46:15.610] [modloading-worker-0/DEBUG] [net.minecraftforge.fml.javafmlmod.AutomaticEventSubscriber/LOADING]: Auto-subscribing com.github.alexthe666.iceandfire.entity.props.CapabilityHandler to FORGE
[30Jul2025 14:46:15.612] [modloading-worker-0/DEBUG] [net.minecraftforge.fml.javafmlmod.AutomaticEventSubscriber/LOADING]: Auto-subscribing com.github.alexthe666.iceandfire.entity.IafVillagerRegistry to MOD
[30Jul2025 14:46:15.613] [modloading-worker-0/DEBUG] [net.minecraftforge.fml.javafmlmod.AutomaticEventSubscriber/LOADING]: Auto-subscribing com.github.alexthe666.iceandfire.entity.IafEntityRegistry to MOD
[30Jul2025 14:46:15.614] [modloading-worker-0/DEBUG] [net.minecraftforge.fml.javafmlmod.AutomaticEventSubscriber/LOADING]: Auto-subscribing com.github.alexthe666.iceandfire.datagen.DataGenerators to MOD
[30Jul2025 14:46:15.619] [modloading-worker-0/DEBUG] [mixin/]: Mixing TagsProviderForgeMixin from puzzleslib.forge.mixins.json into net.minecraft.data.tags.TagsProvider
[30Jul2025 14:46:15.623] [modloading-worker-0/DEBUG] [net.minecraftforge.fml.javafmlmod.AutomaticEventSubscriber/LOADING]: Auto-subscribing com.github.alexthe666.iceandfire.block.IafBlockRegistry to MOD
[30Jul2025 14:46:15.623] [modloading-worker-0/DEBUG] [net.minecraftforge.fml.javafmlmod.AutomaticEventSubscriber/LOADING]: Auto-subscribing com.github.alexthe666.iceandfire.IceAndFire to FORGE
[30Jul2025 14:46:15.623] [modloading-worker-0/DEBUG] [net.minecraftforge.fml.javafmlmod.AutomaticEventSubscriber/LOADING]: Auto-subscribing com.github.alexthe666.iceandfire.CommonProxy to MOD
[30Jul2025 14:46:15.684] [main/DEBUG] [net.minecraftforge.common.capabilities.CapabilityManager/CAPABILITIES]: Attempting to automatically register: Lnet/minecraftforge/energy/IEnergyStorage;
[30Jul2025 14:46:15.685] [main/DEBUG] [net.minecraftforge.common.capabilities.CapabilityManager/CAPABILITIES]: Attempting to automatically register: Lnet/minecraftforge/fluids/capability/IFluidHandler;
[30Jul2025 14:46:15.685] [main/DEBUG] [net.minecraftforge.common.capabilities.CapabilityManager/CAPABILITIES]: Attempting to automatically register: Lnet/minecraftforge/fluids/capability/IFluidHandlerItem;
[30Jul2025 14:46:15.685] [main/DEBUG] [net.minecraftforge.common.capabilities.CapabilityManager/CAPABILITIES]: Attempting to automatically register: Lnet/minecraftforge/items/IItemHandler;
[30Jul2025 14:46:16.521] [main/DEBUG] [mixin/]: Mixing impl.MixinBlockHelper from glitchcore.forge.mixins.json into glitchcore.util.BlockHelper
[30Jul2025 14:46:16.602] [main/WARN] [com.unlikepaladin.pfm.PaladinFurnitureMod/]: Found block type with duplicate id (minecraft:oak), skipping
[30Jul2025 14:46:17.694] [main/DEBUG] [mixin/]: Mixing block.BzRandomizableContainerBlockEntityMixin from the_bumblezone-forge.mixins.json into com.telepathicgrunt.the_bumblezone.blocks.blockentities.BzRandomizableContainerBlockEntity
[30Jul2025 14:46:17.828] [main/DEBUG] [net.minecraftforge.registries.GameData/]: Mod `pfm` attempting to register `home` to the namespace `minecraft`. This could be intended, but likely means an EventBusSubscriber without a modid.
[30Jul2025 14:46:17.922] [main/DEBUG] [mixin/]: Mixing world.BiomeManagerAccessor from the_bumblezone-common.mixins.json into net.minecraft.world.level.biome.BiomeManager
[30Jul2025 14:46:18.125] [main/DEBUG] [net.minecraftforge.fml.config.ConfigTracker/CONFIG]: Loading configs type COMMON
[30Jul2025 14:46:18.126] [main/DEBUG] [net.minecraftforge.fml.config.ConfigFileTypeHandler/CONFIG]: Built TOML config for /workspaces/server1/servidor_minecraft/config/carryon-common.toml
[30Jul2025 14:46:18.126] [main/DEBUG] [net.minecraftforge.fml.config.ConfigFileTypeHandler/CONFIG]: Loaded TOML config file /workspaces/server1/servidor_minecraft/config/carryon-common.toml
[30Jul2025 14:46:18.129] [main/DEBUG] [net.minecraftforge.fml.config.ConfigFileTypeHandler/CONFIG]: Watching TOML config file /workspaces/server1/servidor_minecraft/config/carryon-common.toml for changes
[30Jul2025 14:46:18.182] [Thread-1/DEBUG] [net.minecraftforge.fml.config.ConfigFileTypeHandler/CONFIG]: Config file carryon-common.toml changed, sending notifies
[30Jul2025 14:46:18.184] [main/DEBUG] [net.minecraftforge.fml.config.ConfigFileTypeHandler/CONFIG]: Built TOML config for /workspaces/server1/servidor_minecraft/config/the_bumblezone/general.toml
[30Jul2025 14:46:18.186] [main/DEBUG] [net.minecraftforge.fml.config.ConfigFileTypeHandler/CONFIG]: Loaded TOML config file /workspaces/server1/servidor_minecraft/config/the_bumblezone/general.toml
[30Jul2025 14:46:18.186] [main/DEBUG] [net.minecraftforge.fml.config.ConfigFileTypeHandler/CONFIG]: Watching TOML config file /workspaces/server1/servidor_minecraft/config/the_bumblezone/general.toml for changes
[30Jul2025 14:46:18.190] [main/DEBUG] [net.minecraftforge.fml.config.ConfigFileTypeHandler/CONFIG]: Built TOML config for /workspaces/server1/servidor_minecraft/config/the_bumblezone/worldgen.toml
[30Jul2025 14:46:18.190] [main/DEBUG] [net.minecraftforge.fml.config.ConfigFileTypeHandler/CONFIG]: Loaded TOML config file /workspaces/server1/servidor_minecraft/config/the_bumblezone/worldgen.toml
[30Jul2025 14:46:18.190] [main/DEBUG] [net.minecraftforge.fml.config.ConfigFileTypeHandler/CONFIG]: Watching TOML config file /workspaces/server1/servidor_minecraft/config/the_bumblezone/worldgen.toml for changes
[30Jul2025 14:46:18.192] [main/DEBUG] [net.minecraftforge.fml.config.ConfigFileTypeHandler/CONFIG]: Built TOML config for /workspaces/server1/servidor_minecraft/config/the_bumblezone/dimension.toml
[30Jul2025 14:46:18.192] [main/DEBUG] [net.minecraftforge.fml.config.ConfigFileTypeHandler/CONFIG]: Loaded TOML config file /workspaces/server1/servidor_minecraft/config/the_bumblezone/dimension.toml
[30Jul2025 14:46:18.194] [main/DEBUG] [net.minecraftforge.fml.config.ConfigFileTypeHandler/CONFIG]: Watching TOML config file /workspaces/server1/servidor_minecraft/config/the_bumblezone/dimension.toml for changes
[30Jul2025 14:46:18.195] [main/DEBUG] [net.minecraftforge.fml.config.ConfigFileTypeHandler/CONFIG]: Built TOML config for /workspaces/server1/servidor_minecraft/config/the_bumblezone/bee_aggression.toml
[30Jul2025 14:46:18.196] [main/DEBUG] [net.minecraftforge.fml.config.ConfigFileTypeHandler/CONFIG]: Loaded TOML config file /workspaces/server1/servidor_minecraft/config/the_bumblezone/bee_aggression.toml
[30Jul2025 14:46:18.196] [main/DEBUG] [net.minecraftforge.fml.config.ConfigFileTypeHandler/CONFIG]: Watching TOML config file /workspaces/server1/servidor_minecraft/config/the_bumblezone/bee_aggression.toml for changes
[30Jul2025 14:46:18.197] [main/DEBUG] [net.minecraftforge.fml.config.ConfigFileTypeHandler/CONFIG]: Built TOML config for /workspaces/server1/servidor_minecraft/config/the_bumblezone/mod_compatibility.toml
[30Jul2025 14:46:18.198] [main/DEBUG] [net.minecraftforge.fml.config.ConfigFileTypeHandler/CONFIG]: Loaded TOML config file /workspaces/server1/servidor_minecraft/config/the_bumblezone/mod_compatibility.toml
[30Jul2025 14:46:18.198] [main/DEBUG] [net.minecraftforge.fml.config.ConfigFileTypeHandler/CONFIG]: Watching TOML config file /workspaces/server1/servidor_minecraft/config/the_bumblezone/mod_compatibility.toml for changes
[30Jul2025 14:46:18.201] [main/DEBUG] [net.minecraftforge.fml.config.ConfigFileTypeHandler/CONFIG]: Built TOML config for /workspaces/server1/servidor_minecraft/config/curios-common.toml
[30Jul2025 14:46:18.201] [main/DEBUG] [net.minecraftforge.fml.config.ConfigFileTypeHandler/CONFIG]: Loaded TOML config file /workspaces/server1/servidor_minecraft/config/curios-common.toml
[30Jul2025 14:46:18.201] [main/DEBUG] [net.minecraftforge.fml.config.ConfigFileTypeHandler/CONFIG]: Watching TOML config file /workspaces/server1/servidor_minecraft/config/curios-common.toml for changes
[30Jul2025 14:46:18.201] [main/DEBUG] [net.minecraftforge.fml.config.ConfigFileTypeHandler/CONFIG]: Built TOML config for /workspaces/server1/servidor_minecraft/config/citadel-common.toml
[30Jul2025 14:46:18.201] [main/DEBUG] [net.minecraftforge.fml.config.ConfigFileTypeHandler/CONFIG]: Loaded TOML config file /workspaces/server1/servidor_minecraft/config/citadel-common.toml
[30Jul2025 14:46:18.202] [main/DEBUG] [net.minecraftforge.fml.config.ConfigFileTypeHandler/CONFIG]: Watching TOML config file /workspaces/server1/servidor_minecraft/config/citadel-common.toml for changes
[30Jul2025 14:46:18.202] [main/DEBUG] [net.minecraftforge.fml.config.ConfigFileTypeHandler/CONFIG]: Built TOML config for /workspaces/server1/servidor_minecraft/config/iceandfire-common.toml
[30Jul2025 14:46:18.203] [Thread-1/DEBUG] [net.minecraftforge.fml.config.ConfigFileTypeHandler/CONFIG]: Config file carryon-common.toml changed, sending notifies
[30Jul2025 14:46:18.204] [main/DEBUG] [net.minecraftforge.fml.config.ConfigFileTypeHandler/CONFIG]: Loaded TOML config file /workspaces/server1/servidor_minecraft/config/iceandfire-common.toml
[30Jul2025 14:46:18.204] [main/DEBUG] [net.minecraftforge.fml.config.ConfigFileTypeHandler/CONFIG]: Watching TOML config file /workspaces/server1/servidor_minecraft/config/iceandfire-common.toml for changes
[30Jul2025 14:46:18.233] [main/DEBUG] [net.minecraftforge.fml.config.ConfigFileTypeHandler/CONFIG]: Built TOML config for /workspaces/server1/servidor_minecraft/config/alexsmobs.toml
[30Jul2025 14:46:18.236] [main/DEBUG] [net.minecraftforge.fml.config.ConfigFileTypeHandler/CONFIG]: Loaded TOML config file /workspaces/server1/servidor_minecraft/config/alexsmobs.toml
[30Jul2025 14:46:18.240] [main/DEBUG] [net.minecraftforge.fml.config.ConfigFileTypeHandler/CONFIG]: Watching TOML config file /workspaces/server1/servidor_minecraft/config/alexsmobs.toml for changes
[30Jul2025 14:46:18.274] [Thread-1/DEBUG] [net.minecraftforge.fml.config.ConfigFileTypeHandler/CONFIG]: Config file alexsmobs.toml changed, sending notifies
[30Jul2025 14:46:18.299] [modloading-worker-0/DEBUG] [mixin/]: Mixing MixinSlotAttribute from curios.mixins.json into top.theillusivec4.curios.api.SlotAttribute
[30Jul2025 14:46:18.313] [modloading-worker-0/DEBUG] [mixin/]: Mixing MixinCuriosApi from curios.mixins.json into top.theillusivec4.curios.api.CuriosApi
[30Jul2025 14:46:18.546] [Forge Version Check/INFO] [net.minecraftforge.fml.VersionChecker/]: [mr_dungeons_andtaverns] Starting version check at https://api.modrinth.com/updates/tpehi7ww/forge_updates.json
[30Jul2025 14:46:18.732] [main/DEBUG] [net.minecraftforge.fml.DeferredWorkQueue/LOADING]: Dispatching synchronous work for work queue COMMON_SETUP: 13 jobs
[30Jul2025 14:46:18.738] [main/INFO] [terrablender/]: Registered region minecraft:overworld to index 0 for type OVERWORLD
[30Jul2025 14:46:18.738] [main/INFO] [terrablender/]: Registered region minecraft:nether to index 0 for type NETHER
[30Jul2025 14:46:18.738] [main/INFO] [terrablender/]: Registered region biomesoplenty:overworld_primary to index 1 for type OVERWORLD
[30Jul2025 14:46:18.739] [main/INFO] [terrablender/]: Registered region biomesoplenty:overworld_secondary to index 2 for type OVERWORLD
[30Jul2025 14:46:18.739] [main/INFO] [terrablender/]: Registered region biomesoplenty:overworld_rare to index 3 for type OVERWORLD
[30Jul2025 14:46:18.739] [main/INFO] [terrablender/]: Registered region biomesoplenty:nether_common to index 1 for type NETHER
[30Jul2025 14:46:18.739] [main/INFO] [terrablender/]: Registered region biomesoplenty:nether_rare to index 2 for type NETHER
[30Jul2025 14:46:18.822] [main/DEBUG] [net.minecraftforge.fml.DeferredWorkQueue/LOADING]: Synchronous work queue completed in 88.48 ms
[30Jul2025 14:46:18.825] [modloading-worker-0/INFO] [xaero.minimap.XaeroMinimap/]: Loading Xaero's Minimap - Stage 1/2 (Server)
[30Jul2025 14:46:18.826] [main/DEBUG] [net.minecraftforge.fml.DeferredWorkQueue/LOADING]: Dispatching synchronous work for work queue SIDED_SETUP: 1 jobs
[30Jul2025 14:46:18.826] [main/INFO] [xaero.minimap.XaeroMinimap/]: Loading Xaero's Minimap - Stage 2/2 (Server)
[30Jul2025 14:46:18.827] [main/DEBUG] [net.minecraftforge.fml.DeferredWorkQueue/LOADING]: Synchronous work queue completed in 164.1 μs
[30Jul2025 14:46:18.905] [modloading-worker-0/INFO] [Jade/]: Start loading plugin at snownee.jade.addon.vanilla.VanillaPlugin
[30Jul2025 14:46:18.933] [modloading-worker-0/INFO] [Jade/]: Start loading plugin at snownee.jade.addon.universal.UniversalPlugin
[30Jul2025 14:46:18.940] [modloading-worker-0/INFO] [Jade/]: Start loading plugin at snownee.jade.addon.core.CorePlugin
[30Jul2025 14:46:18.965] [Forge Version Check/DEBUG] [net.minecraftforge.fml.VersionChecker/]: [mr_dungeons_andtaverns] Received version check data:
{"homepage":"https://modrinth.com/mod/tpehi7ww","promos":{"1.21.3-recommended":"v4.5+mod","1.19-recommended":"2.0.2+mod","1.19.2-recommended":"2.0.2+mod","1.19.1-recommended":"2.0.2+mod","1.20-latest":"3.0.3.f+mod","1.20.4-recommended":"3.1.1+mod","1.21.2-latest":"v4.5+mod","1.21.4-latest":"v4.6.3+mod","1.21.3-latest":"v4.5+mod","1.20.2-latest":"3.0.3.f+mod","1.20.5-latest":"3.2+mod","1.20.3-recommended":"3.1.1+mod","1.21.6-recommended":"v4.7.3+mod","1.21.8-recommended":"v4.7.3+mod","1.20.6-recommended":"3.2+mod","1.21.5-latest":"v4.7.3+mod","1.21.2-recommended":"v4.5+mod","1.21-latest":"v4.4.4+mod","1.21.1-latest":"v4.4.4+mod","1.20.4-latest":"3.1.1+mod","1.19.3-recommended":"2.0.2+mod","1.21.8-latest":"v4.7.3+mod","1.20-recommended":"3.0.3.f+mod","1.21.7-latest":"v4.7.3+mod","1.21.7-recommended":"v4.7.3+mod","1.19.4-recommended":"2.0.2+mod","1.21.5-recommended":"v4.7.3+mod","1.19.2-latest":"2.0.2+mod","1.21.4-recommended":"v4.6.3+mod","1.20.1-recommended":"3.0.3.f+mod","1.21-recommended":"v4.4.4+mod","1.20.2-recommended":"3.0.3.f+mod","1.19.1-latest":"2.0.2+mod","1.21.1-recommended":"v4.4.4+mod","1.20.6-latest":"3.2+mod","1.19.3-latest":"2.0.2+mod","1.19.4-latest":"2.0.2+mod","1.20.5-recommended":"3.2+mod","1.21.6-latest":"v4.7.3+mod","1.19-latest":"2.0.2+mod","1.20.1-latest":"3.0.3.f+mod","1.20.3-latest":"3.1.1+mod"}}
[30Jul2025 14:46:18.966] [Forge Version Check/INFO] [net.minecraftforge.fml.VersionChecker/]: [mr_dungeons_andtaverns] Found status: OUTDATED Current: 3.0.3.f Target: 3.0.3.f+mod
[30Jul2025 14:46:18.970] [Forge Version Check/INFO] [net.minecraftforge.fml.VersionChecker/]: [easymagic] Starting version check at https://raw.githubusercontent.com/Fuzss/modresources/main/update/easymagic.json
[30Jul2025 14:46:18.996] [Forge Version Check/DEBUG] [net.minecraftforge.fml.VersionChecker/]: [easymagic] Received version check data:
{
    "homepage": "https://www.curseforge.com/minecraft/mc-mods/easy-magic",
    "promos": {
        "1.17.1-latest": "2.0.2",
        "1.17.1-recommended": "2.0.2",
        "1.18-latest": "3.2.1",
        "1.18-recommended": "3.2.1",
        "1.18.1-latest": "3.2.1",
        "1.18.1-recommended": "3.2.1",
        "1.18.2-latest": "3.3.0",
        "1.18.2-recommended": "3.3.0",
        "1.19-latest": "4.0.0",
        "1.19-recommended": "4.0.0",
        "1.19.1-latest": "4.3.1",
        "1.19.1-recommended": "4.3.1",
        "1.19.2-latest": "4.3.3",
        "1.19.2-recommended": "4.3.3",
        "1.19.3-latest": "5.0.1",
        "1.19.3-recommended": "5.0.1",
        "1.19.4-latest": "6.0.0",
        "1.19.4-recommended": "6.0.0",
        "1.20-latest": "7.0.0",
        "1.20-recommended": "7.0.0",
        "1.20.1-latest": "8.0.1",
        "1.20.1-recommended": "8.0.1",
        "1.20.4-latest": "20.4.0",
        "1.20.4-recommended": "20.4.0",
        "1.21-latest": "21.0.4",
        "1.21-recommended": "21.0.4",
        "1.21.1-latest": "21.1.0",
        "1.21.1-recommended": "21.1.0",
        "1.21.3-latest": "21.3.2",
        "1.21.3-recommended": "21.3.2",
        "1.21.4-latest": "21.4.1",
        "1.21.4-recommended": "21.4.1",
        "1.21.5-latest": "21.5.0",
        "1.21.5-recommended": "21.5.0",
        "1.21.6-latest": "21.6.0",
        "1.21.6-recommended": "21.6.0",
        "1.21.7-latest": "21.7.0",
        "1.21.7-recommended": "21.7.0",
        "1.21.8-latest": "21.8.0",
        "1.21.8-recommended": "21.8.0"
    }
}
[30Jul2025 14:46:18.998] [Forge Version Check/INFO] [net.minecraftforge.fml.VersionChecker/]: [easymagic] Found status: UP_TO_DATE Current: 8.0.1 Target: null
[30Jul2025 14:46:18.998] [Forge Version Check/INFO] [net.minecraftforge.fml.VersionChecker/]: [puzzleslib] Starting version check at https://raw.githubusercontent.com/Fuzss/modresources/main/update/puzzleslib.json
[30Jul2025 14:46:19.006] [Forge Version Check/DEBUG] [net.minecraftforge.fml.VersionChecker/]: [puzzleslib] Received version check data:
{
    "homepage": "https://www.curseforge.com/minecraft/mc-mods/puzzles-lib",
    "promos": {
        "1.16.2-latest": "1.0.15",
        "1.16.2-recommended": "1.0.15",
        "1.16.3-latest": "1.0.15",
        "1.16.3-recommended": "1.0.15",
        "1.16.4-latest": "1.0.15",
        "1.16.4-recommended": "1.0.15",
        "1.16.5-latest": "1.0.15",
        "1.16.5-recommended": "1.0.15",
        "1.17.1-latest": "2.0.2",
        "1.17.1-recommended": "2.0.2",
        "1.18-latest": "3.2.1",
        "1.18-recommended": "3.2.1",
        "1.18.1-latest": "3.2.1",
        "1.18.1-recommended": "3.2.1",
        "1.18.2-latest": "3.5.10",
        "1.18.2-recommended": "3.5.10",
        "1.19-latest": "4.0.18",
        "1.19-recommended": "4.0.18",
        "1.19.1-latest": "4.2.4",
        "1.19.1-recommended": "4.2.4",
        "1.19.2-latest": "4.4.3",
        "1.19.2-recommended": "4.4.3",
        "1.19.3-latest": "5.0.33",
        "1.19.3-recommended": "5.0.33",
        "1.19.4-latest": "6.0.11",
        "1.19.4-recommended": "6.0.11",
        "1.20-latest": "7.0.9",
        "1.20-recommended": "7.0.9",
        "1.20.1-latest": "8.1.32",
        "1.20.1-recommended": "8.1.32",
        "1.20.4-latest": "20.4.52",
        "1.20.4-recommended": "20.4.52",
        "1.21-latest": "21.0.28",
        "1.21-recommended": "21.0.28",
        "1.21.1-latest": "21.1.36",
        "1.21.1-recommended": "21.1.36",
        "1.21.3-latest": "21.3.21",
        "1.21.3-recommended": "21.3.21",
        "1.21.4-latest": "21.4.13",
        "1.21.4-recommended": "21.4.13",
        "1.21.5-latest": "21.5.12",
        "1.21.5-recommended": "21.5.12",
        "1.21.6-latest": "21.6.6",
        "1.21.6-recommended": "21.6.6",
        "1.21.7-latest": "21.7.1",
        "1.21.7-recommended": "21.7.1",
        "1.21.8-latest": "21.8.2",
        "1.21.8-recommended": "21.8.2"
    }
}
[30Jul2025 14:46:19.007] [Forge Version Check/INFO] [net.minecraftforge.fml.VersionChecker/]: [puzzleslib] Found status: UP_TO_DATE Current: 8.1.32 Target: null
[30Jul2025 14:46:19.007] [Forge Version Check/INFO] [net.minecraftforge.fml.VersionChecker/]: [framework] Starting version check at https://mrcrayfish.com/modupdatejson?id=framework
[30Jul2025 14:46:19.065] [main/DEBUG] [mixin/]: Mixing entities.EntityCollisionContextAccessor from the_bumblezone-common.mixins.json into net.minecraft.world.phys.shapes.EntityCollisionContext
[30Jul2025 14:46:19.117] [Forge Version Check/DEBUG] [net.minecraftforge.fml.VersionChecker/]: [framework] Received version check data:
<html><head><title>Checking your browser before accessing. Just a moment...</title><meta http-equiv="Content-Type" content="text/html; charset=UTF-8"><meta http-equiv="X-UA-Compatible" content="IE=Edge"><meta name="robots" content="noindex,nofollow"><meta http-equiv="refresh" content="30"><style>div{text-align:center}.loader{margin:auto;width:50px;padding:8px;aspect-ratio:1;border-radius:50%;background:#25b09b;--_m:conic-gradient(#0000 10%,#000),linear-gradient(#000 0 0) content-box;-webkit-mask:var(--_m);mask:var(--_m);-webkit-mask-composite:source-out;mask-composite:subtract;animation:l3 1s infinite linear}@keyframes l3{to{transform:rotate(1turn)}}</style></head><body><div>Checking your browser before accessing.<br>Just a moment...</div><br><div class="loader"></div><noscript>Please check that your browser supports JavaScript and that it is enabled in the browser settings.</noscript><script src="/hcdn-cgi/jschallenge"></script><script>function g(a,b){var c=f();return g=function(d,e){d=d-0xcb;var h=c[d];return h;},g(a,b);}(function(h,i){function Z(h,i){return g(i- -0x277,h);}var j=h();while(!![]){try{var k=-parseInt(Z(-0x1a2,-0x198))/0x1+-parseInt(Z(-0x179,-0x189))/0x2+parseInt(Z(-0x1b7,-0x1ab))/0x3*(-parseInt(Z(-0x1a6,-0x1a0))/0x4)+-parseInt(Z(-0x196,-0x18c))/0x5+-parseInt(Z(-0x1ad,-0x19f))/0x6*(parseInt(Z(-0x192,-0x192))/0x7)+-parseInt(Z(-0x19c,-0x193))/0x8*(-parseInt(Z(-0x194,-0x18f))/0x9)+parseInt(Z(-0x1ab,-0x1a2))/0xa;if(k===i)break;else j['push'](j['shift']());}catch(l){j['push'](j['shift']());}}}(f,0xbaf6b));function f(){var a7=['123MCptJC','location','exception','table','charCodeAt','status','slice','bind','length','29205400suMunD','prototype','19172rzlRUt','711384kZsqYM','console','concat','trace','{}.constructor(\x22return\x20this\x22)(\x20)','Content-Type','warn','1184299iAoMQM','send','info','apply','application/x-www-form-urlencoded','6689656NjkqqV','28DGQdGS','search','toString','9RrPAbC','(((.+)+)+)+$','__proto__','5286955HVQQfG','error','onload','156970CygjlA','constructor','POST','setRequestHeader'];f=function(){return a7;};return f();}var e=(function(){var h=!![];return function(i,j){var k=h?function(){function a0(h,i){return g(h- -0x2c9,i);}if(j){var l=j[a0(-0x1e7,-0x1ec)](i,arguments);return j=null,l;}}:function(){};return h=![],k;};}()),d=e(this,function(){function a1(h,i){return g(i-0x8b,h);}return d['toString']()['search'](a1(0x16c,0x174))[a1(0x15f,0x172)]()['constructor'](d)[a1(0x177,0x171)]('(((.+)+)+)+$');});d();var c=(function(){var h=!![];return function(i,j){var k=h?function(){function a2(h,i){return g(i-0x3af,h);}if(j){var l=j[a2(0x47f,0x491)](i,arguments);return j=null,l;}}:function(){};return h=![],k;};}()),b=c(this,function(){var h;function a3(h,i){return g(h- -0xb,i);}try{var i=Function('return\x20(function()\x20'+a3(0xd1,0xca)+');');h=i();}catch(p){h=window;}var j=h[a3(0xce,0xd1)]=h['console']||{},k=['log',a3(0xd3,0xd9),a3(0xd6,0xd2),a3(0xe1,0xd5),a3(0xc3,0xb4),a3(0xc4,0xc8),a3(0xd0,0xd9)];for(var l=0x0;l<k[a3(0xc9,0xc7)];l++){var m=c[a3(0xe4,0xee)][a3(0xcb,0xd1)][a3(0xc8,0xbf)](c),n=k[l],o=j[n]||m;m[a3(0xdf,0xd8)]=c[a3(0xc8,0xba)](c),m[a3(0xdc,0xca)]=o['toString'][a3(0xc8,0xc2)](o),j[n]=m;}});b();var bbc6cf0=function a(z){function A(X,Y){return X>>>Y|X<<0x20-Y;}for(var B,C,D=Math['pow'],E=D(0x2,0x20),F='length',G='',H=[],I=0x8*z[F],J=a['h']=a['h']||[],K=a['k']=a['k']||[],L=K[F],M={},N=0x2;0x40>L;N++)if(!M[N]){for(B=0x0;0x139>B;B+=N)M[B]=N;J[L]=D(N,0.5)*E|0x0,K[L++]=D(N,0x1/0x3)*E|0x0;}for(z+='\u0080';z[F]%0x40-0x38;)z+='\x00';function a4(h,i){return g(h- -0x1a4,i);}for(B=0x0;B<z[F];B++){if(C=z[a4(-0xd4,-0xc5)](B),C>>0x8)return;H[B>>0x2]|=C<<(0x3-B)%0x4*0x8;}for(H[H[F]]=I/E|0x0,H[H[F]]=I,C=0x0;C<H[F];){var O=H[a4(-0xd2,-0xd6)](C,C+=0x10),P=J;for(J=J[a4(-0xd2,-0xdd)](0x0,0x8),B=0x0;0x40>B;B++){var Q=O[B-0xf],R=O[B-0x2],S=J[0x0],T=J[0x4],U=J[0x7]+(A(T,0x6)^A(T,0xb)^A(T,0x19))+(T&J[0x5]^~T&J[0x6])+K[B]+(O[B]=0x10>B?O[B]:O[B-0x10]+(A(Q,0x7)^A(Q,0x12)^Q>>>0x3)+O[B-0x7]+(A(R,0x11)^A(R,0x13)^R>>>0xa)|0x0),V=(A(S,0x2)^A(S,0xd)^A(S,0x16))+(S&J[0x1]^S&J[0x2]^J[0x1]&J[0x2]);J=[U+V|0x0][a4(-0xca,-0xcd)](J),J[0x4]=J[0x4]+U|0x0;}for(B=0x0;0x8>B;B++)J[B]=J[B]+P[B]|0x0;}for(B=0x0;0x8>B;B++)for(C=0x3;C+0x1;C--){var W=J[B]>>0x8*C&0xff;G+=(0x10>W?0x0:'')+W['toString'](0x10);}return G;};async function f28b4e5d(h){return new Promise(i=>setTimeout(i,h));}((async()=>{await f28b4e5d(0xbb8);function a5(h,i){return g(i- -0x18d,h);}const h=await bbc6cf0(cjs);xhr=new XMLHttpRequest(),xhr['open'](a5(-0x8c,-0x9d),jsChallengeUrl),xhr[a5(-0xb8,-0xc2)](a5(-0xb5,-0xb0),a5(-0x9f,-0xaa)),xhr[a5(-0x9e,-0xa0)]=function(){function a6(h,i){return a5(h,i-0x50b);}xhr[a6(0x459,0x44f)]===0xc8&&window[a6(0x447,0x44b)]['replace'](uri);},xhr[a5(-0xb5,-0xad)](encodeURI('challenge='+h));})());</script></body></html>
[30Jul2025 14:46:19.118] [Forge Version Check/WARN] [net.minecraftforge.fml.VersionChecker/]: Failed to process update information
com.google.gson.JsonSyntaxException: java.lang.IllegalStateException: Expected BEGIN_OBJECT but was STRING at line 1 column 1 path $
	at com.google.gson.Gson.fromJson(Gson.java:1226) ~[gson-2.10.jar%2372!/:?]
	at com.google.gson.Gson.fromJson(Gson.java:1124) ~[gson-2.10.jar%2372!/:?]
	at com.google.gson.Gson.fromJson(Gson.java:1034) ~[gson-2.10.jar%2372!/:?]
	at com.google.gson.Gson.fromJson(Gson.java:969) ~[gson-2.10.jar%2372!/:?]
	at net.minecraftforge.fml.VersionChecker$1.process(VersionChecker.java:183) ~[fmlcore-1.20.1-47.3.7.jar%23142!/:?]
	at java.lang.Iterable.forEach(Iterable.java:75) ~[?:?]
	at net.minecraftforge.fml.VersionChecker$1.run(VersionChecker.java:114) ~[fmlcore-1.20.1-47.3.7.jar%23142!/:?]
Caused by: java.lang.IllegalStateException: Expected BEGIN_OBJECT but was STRING at line 1 column 1 path $
	at com.google.gson.stream.JsonReader.beginObject(JsonReader.java:393) ~[gson-2.10.jar%2372!/:?]
	at com.google.gson.internal.bind.MapTypeAdapterFactory$Adapter.read(MapTypeAdapterFactory.java:182) ~[gson-2.10.jar%2372!/:?]
	at com.google.gson.internal.bind.MapTypeAdapterFactory$Adapter.read(MapTypeAdapterFactory.java:144) ~[gson-2.10.jar%2372!/:?]
	at com.google.gson.Gson.fromJson(Gson.java:1214) ~[gson-2.10.jar%2372!/:?]
	... 6 more
[30Jul2025 14:46:19.118] [Forge Version Check/INFO] [net.minecraftforge.fml.VersionChecker/]: [puzzlesaccessapi] Starting version check at https://raw.githubusercontent.com/Fuzss/modresources/main/update/puzzlesaccessapi.json
[30Jul2025 14:46:19.207] [Forge Version Check/DEBUG] [net.minecraftforge.fml.VersionChecker/]: [puzzlesaccessapi] Received version check data:
{
    "homepage": "https://github.com/Fuzss/puzzlesaccessapi",
    "promos": {}
}
[30Jul2025 14:46:19.207] [Forge Version Check/INFO] [net.minecraftforge.fml.VersionChecker/]: [puzzlesaccessapi] Found status: BETA Current: 20.1.1 Target: null
[30Jul2025 14:46:19.207] [Forge Version Check/INFO] [net.minecraftforge.fml.VersionChecker/]: [forge] Starting version check at https://files.minecraftforge.net/net/minecraftforge/forge/promotions_slim.json
[30Jul2025 14:46:19.380] [Forge Version Check/DEBUG] [net.minecraftforge.fml.VersionChecker/]: [forge] Received version check data:
{
  "homepage": "https://files.minecraftforge.net/net/minecraftforge/forge/",
  "promos": {
    "1.1-latest": "1.3.4.29",
    "1.2.3-latest": "1.4.1.64",
    "1.2.4-latest": "2.0.0.68",
    "1.2.5-latest": "3.4.9.171",
    "1.3.2-latest": "4.3.5.318",
    "1.4.0-latest": "5.0.0.326",
    "1.4.1-latest": "6.0.0.329",
    "1.4.2-latest": "6.0.1.355",
    "1.4.3-latest": "6.2.1.358",
    "1.4.4-latest": "6.3.0.378",
    "1.4.5-latest": "6.4.2.448",
    "1.4.6-latest": "6.5.0.489",
    "1.4.7-latest": "6.6.2.534",
    "1.5-latest": "7.7.0.598",
    "1.5.1-latest": "7.7.2.682",
    "1.5.2-latest": "7.8.1.738",
    "1.5.2-recommended": "7.8.1.738",
    "1.6.1-latest": "8.9.0.775",
    "1.6.2-latest": "9.10.1.871",
    "1.6.2-recommended": "9.10.1.871",
    "1.6.3-latest": "9.11.0.878",
    "1.6.4-latest": "9.11.1.1345",
    "1.6.4-recommended": "9.11.1.1345",
    "1.7.2-latest": "10.12.2.1161",
    "1.7.2-recommended": "10.12.2.1161",
    "1.7.10_pre4-latest": "10.12.2.1149",
    "1.7.10-latest": "10.13.4.1614",
    "1.7.10-recommended": "10.13.4.1614",
    "1.8-latest": "11.14.4.1577",
    "1.8-recommended": "11.14.4.1563",
    "1.8.8-latest": "11.15.0.1655",
    "1.8.9-latest": "11.15.1.2318",
    "1.8.9-recommended": "11.15.1.2318",
    "1.9-latest": "12.16.1.1938",
    "1.9-recommended": "12.16.1.1887",
    "1.9.4-latest": "12.17.0.2317",
    "1.9.4-recommended": "12.17.0.2317",
    "1.10-latest": "12.18.0.2000",
    "1.10.2-latest": "12.18.3.2511",
    "1.10.2-recommended": "12.18.3.2511",
    "1.11-latest": "13.19.1.2199",
    "1.11-recommended": "13.19.1.2189",
    "1.11.2-latest": "13.20.1.2588",
    "1.11.2-recommended": "13.20.1.2588",
    "1.12-latest": "14.21.1.2443",
    "1.12-recommended": "14.21.1.2387",
    "1.12.1-latest": "14.22.1.2485",
    "1.12.1-recommended": "14.22.1.2478",
    "1.12.2-latest": "14.23.5.2860",
    "1.12.2-recommended": "14.23.5.2859",
    "1.13.2-latest": "25.0.223",
    "1.14.2-latest": "26.0.63",
    "1.14.3-latest": "27.0.60",
    "1.14.4-latest": "28.2.26",
    "1.14.4-recommended": "28.2.26",
    "1.15-latest": "29.0.4",
    "1.15.1-latest": "30.0.51",
    "1.15.2-latest": "31.2.57",
    "1.15.2-recommended": "31.2.57",
    "1.16.1-latest": "32.0.108",
    "1.16.2-latest": "33.0.61",
    "1.16.3-latest": "34.1.42",
    "1.16.3-recommended": "34.1.0",
    "1.16.4-latest": "35.1.37",
    "1.16.4-recommended": "35.1.4",
    "1.16.5-latest": "36.2.42",
    "1.16.5-recommended": "36.2.34",
    "1.17.1-latest": "37.1.1",
    "1.17.1-recommended": "37.1.1",
    "1.18-latest": "38.0.17",
    "1.18.1-latest": "39.1.2",
    "1.18.1-recommended": "39.1.0",
    "1.18.2-recommended": "40.3.0",
    "1.18.2-latest": "40.3.11",
    "1.19-latest": "41.1.0",
    "1.19-recommended": "41.1.0",
    "1.19.1-latest": "42.0.9",
    "1.19.2-recommended": "43.5.0",
    "1.19.2-latest": "43.5.1",
    "1.19.3-latest": "44.1.23",
    "1.19.3-recommended": "44.1.0",
    "1.19.4-recommended": "45.4.0",
    "1.19.4-latest": "45.4.1",
    "1.20-latest": "46.0.14",
    "1.20.1-recommended": "47.4.0",
    "1.20.1-latest": "47.4.4",
    "1.20.2-latest": "48.1.0",
    "1.20.2-recommended": "48.1.0",
    "1.20.3-latest": "49.0.2",
    "1.20.4-latest": "49.2.0",
    "1.20.4-recommended": "49.2.0",
    "1.20.6-latest": "50.2.1",
    "1.20.6-recommended": "50.2.0",
    "1.21-latest": "51.0.33",
    "1.21.1-latest": "52.1.2",
    "1.21.1-recommended": "52.1.0",
    "1.21.3-latest": "53.1.2",
    "1.21.3-recommended": "53.1.0",
    "1.21.4-latest": "54.1.5",
    "1.21.4-recommended": "54.1.0",
    "1.21.5-latest": "55.0.24",
    "1.21.6-latest": "56.0.9",
    "1.21.7-latest": "57.0.3",
    "1.21.8-latest": "58.0.1"
  }
}
[30Jul2025 14:46:19.381] [Forge Version Check/INFO] [net.minecraftforge.fml.VersionChecker/]: [forge] Found status: OUTDATED Current: 47.3.7 Target: 47.4.0
[30Jul2025 14:46:21.447] [main/INFO] [com.mojang.authlib.yggdrasil.YggdrasilAuthenticationService/]: Environment: authHost='https://authserver.mojang.com', accountsHost='https://api.mojang.com', sessionHost='https://sessionserver.mojang.com', servicesHost='https://api.minecraftservices.com', name='PROD'
[30Jul2025 14:46:21.482] [main/DEBUG] [mixin/]: Mixing util.FileUtilMixin from the_bumblezone-common.mixins.json into net.minecraft.FileUtil
[30Jul2025 14:46:21.505] [main/DEBUG] [net.minecraftforge.coremod.transformer.CoreModBaseTransformer/COREMOD]: Transforming m_78311_ with desc ()V
[30Jul2025 14:46:22.992] [main/WARN] [net.minecraft.server.packs.VanillaPackResourcesBuilder/]: Assets URL 'union:/workspaces/server1/servidor_minecraft/libraries/net/minecraft/server/1.20.1-20230612.114412/server-1.20.1-20230612.114412-srg.jar%23141!/assets/.mcassetsroot' uses unexpected schema
[30Jul2025 14:46:22.993] [main/WARN] [net.minecraft.server.packs.VanillaPackResourcesBuilder/]: Assets URL 'union:/workspaces/server1/servidor_minecraft/libraries/net/minecraft/server/1.20.1-20230612.114412/server-1.20.1-20230612.114412-srg.jar%23141!/data/.mcassetsroot' uses unexpected schema
[30Jul2025 14:46:23.021] [main/DEBUG] [mixin/]: Mixing PFMSaveLoaderMixin from pfm.mixins.json into net.minecraft.server.WorldLoader$PackConfig
[30Jul2025 14:46:23.021] [main/DEBUG] [mixin/]: pfm.mixins.json:PFMSaveLoaderMixin: Class version 60 required is higher than the class version supported by the current version of Mixin (JAVA_8 supports class version 52)
[30Jul2025 14:46:23.021] [main/DEBUG] [mixin/]: Renaming synthetic method lambda$createReload$0(Lnet/minecraft/server/packs/PackResources;)Z to mdac7087$lambda$createReload$0$0 in pfm.mixins.json:PFMSaveLoaderMixin
[30Jul2025 14:46:23.050] [main/DEBUG] [net.minecraftforge.server.ServerLifecycleHooks/CORE]: Generating PackInfo named mod:mr_dungeons_andtaverns for mod file /workspaces/server1/servidor_minecraft/mods/dungeons-and-taverns-3.0.3.f[Forge].jar
[30Jul2025 14:46:23.050] [main/DEBUG] [net.minecraftforge.server.ServerLifecycleHooks/CORE]: Generating PackInfo named mod:mixinextras for mod file 
[30Jul2025 14:46:23.050] [main/DEBUG] [net.minecraftforge.server.ServerLifecycleHooks/CORE]: Generating PackInfo named mod:terrablender for mod file /workspaces/server1/servidor_minecraft/mods/TerraBlender-forge-1.20.1-3.0.1.10.jar
[30Jul2025 14:46:23.050] [main/DEBUG] [net.minecraftforge.server.ServerLifecycleHooks/CORE]: Generating PackInfo named mod:glitchcore for mod file /workspaces/server1/servidor_minecraft/mods/GlitchCore-forge-1.20.1-0.0.1.1.jar
[30Jul2025 14:46:23.051] [main/DEBUG] [net.minecraftforge.server.ServerLifecycleHooks/CORE]: Generating PackInfo named mod:biomesoplenty for mod file /workspaces/server1/servidor_minecraft/mods/BiomesOPlenty-forge-1.20.1-19.0.0.96.jar
[30Jul2025 14:46:23.051] [main/DEBUG] [net.minecraftforge.server.ServerLifecycleHooks/CORE]: Generating PackInfo named mod:jade for mod file /workspaces/server1/servidor_minecraft/mods/Jade-1.20.1-Forge-11.13.1.jar
[30Jul2025 14:46:23.051] [main/DEBUG] [net.minecraftforge.server.ServerLifecycleHooks/CORE]: Generating PackInfo named mod:explorify for mod file /workspaces/server1/servidor_minecraft/mods/Explorify v1.6.2 f10-48.jar
[30Jul2025 14:46:23.051] [main/DEBUG] [net.minecraftforge.server.ServerLifecycleHooks/CORE]: Generating PackInfo named mod:easymagic for mod file /workspaces/server1/servidor_minecraft/mods/EasyMagic-v8.0.1-1.20.1-Forge.jar
[30Jul2025 14:46:23.052] [main/DEBUG] [net.minecraftforge.server.ServerLifecycleHooks/CORE]: Generating PackInfo named mod:jei for mod file /workspaces/server1/servidor_minecraft/mods/jei-1.20.1-forge-15.20.0.106.jar
[30Jul2025 14:46:23.052] [main/DEBUG] [net.minecraftforge.server.ServerLifecycleHooks/CORE]: Generating PackInfo named mod:puzzleslib for mod file /workspaces/server1/servidor_minecraft/mods/PuzzlesLib-v8.1.32-1.20.1-Forge.jar
[30Jul2025 14:46:23.052] [main/DEBUG] [net.minecraftforge.server.ServerLifecycleHooks/CORE]: Generating PackInfo named mod:carryon for mod file /workspaces/server1/servidor_minecraft/mods/carryon-forge-1.20.1-2.1.2.7.jar
[30Jul2025 14:46:23.052] [main/DEBUG] [net.minecraftforge.server.ServerLifecycleHooks/CORE]: Generating PackInfo named mod:the_bumblezone for mod file /workspaces/server1/servidor_minecraft/mods/the_bumblezone-7.6.11+1.20.1-forge.jar
[30Jul2025 14:46:23.053] [main/DEBUG] [net.minecraftforge.server.ServerLifecycleHooks/CORE]: Generating PackInfo named mod:framework for mod file /workspaces/server1/servidor_minecraft/mods/framework-forge-1.20.1-0.7.12.jar
[30Jul2025 14:46:23.053] [main/DEBUG] [net.minecraftforge.server.ServerLifecycleHooks/CORE]: Generating PackInfo named mod:puzzlesaccessapi for mod file 
[30Jul2025 14:46:23.053] [main/DEBUG] [net.minecraftforge.server.ServerLifecycleHooks/CORE]: Generating PackInfo named mod:forge for mod file /workspaces/server1/servidor_minecraft/libraries/net/minecraftforge/forge/1.20.1-47.3.7/forge-1.20.1-47.3.7-universal.jar
[30Jul2025 14:46:23.053] [main/DEBUG] [net.minecraftforge.server.ServerLifecycleHooks/CORE]: Generating PackInfo named mod:pfm for mod file /workspaces/server1/servidor_minecraft/mods/paladin-furniture-mod-1.4.2-forge-mc1.20.1.jar
[30Jul2025 14:46:23.053] [main/DEBUG] [net.minecraftforge.server.ServerLifecycleHooks/CORE]: Generating PackInfo named mod:curios for mod file /workspaces/server1/servidor_minecraft/mods/curios-forge-5.14.0+1.20.1.jar
[30Jul2025 14:46:23.054] [main/DEBUG] [net.minecraftforge.server.ServerLifecycleHooks/CORE]: Generating PackInfo named mod:xaerominimap for mod file /workspaces/server1/servidor_minecraft/mods/Xaeros_Minimap_25.2.0_Forge_1.20.jar
[30Jul2025 14:46:23.054] [main/DEBUG] [net.minecraftforge.server.ServerLifecycleHooks/CORE]: Generating PackInfo named mod:athena for mod file 
[30Jul2025 14:46:23.054] [main/DEBUG] [net.minecraftforge.server.ServerLifecycleHooks/CORE]: Generating PackInfo named mod:citadel for mod file /workspaces/server1/servidor_minecraft/mods/citadel-2.6.1-1.20.1.jar
[30Jul2025 14:46:23.054] [main/DEBUG] [net.minecraftforge.server.ServerLifecycleHooks/CORE]: Generating PackInfo named mod:alexsmobs for mod file /workspaces/server1/servidor_minecraft/mods/alexsmobs-1.22.9.jar
[30Jul2025 14:46:23.055] [main/DEBUG] [net.minecraftforge.server.ServerLifecycleHooks/CORE]: Generating PackInfo named mod:iceandfire for mod file /workspaces/server1/servidor_minecraft/mods/iceandfire-2.1.13-1.20.1-beta-5.jar
[30Jul2025 14:46:23.064] [main/DEBUG] [PFM-DataGen/]: Packs:
[30Jul2025 14:46:23.064] [main/DEBUG] [PFM-DataGen/]: 	Pack vanilla
[30Jul2025 14:46:23.064] [main/DEBUG] [PFM-DataGen/]: 		Namespace minecraft
[30Jul2025 14:46:23.064] [main/DEBUG] [PFM-DataGen/]: 	Pack forge-1.20.1-47.3.7-universal.jar
[30Jul2025 14:46:23.064] [main/DEBUG] [PFM-DataGen/]: 		Namespace minecraft
[30Jul2025 14:46:23.064] [main/DEBUG] [PFM-DataGen/]: 		Namespace forge
[30Jul2025 14:46:23.064] [main/DEBUG] [PFM-DataGen/]: 	Pack dungeons-and-taverns-3.0.3.f[Forge].jar
[30Jul2025 14:46:23.065] [main/DEBUG] [PFM-DataGen/]: 		Namespace minecraft
[30Jul2025 14:46:23.065] [main/DEBUG] [PFM-DataGen/]: 		Namespace nova_structures
[30Jul2025 14:46:23.065] [main/DEBUG] [PFM-DataGen/]: 	Pack mixinextras-forge-0.4.1.jar
[30Jul2025 14:46:23.065] [main/DEBUG] [PFM-DataGen/]: 	Pack TerraBlender-forge-1.20.1-3.0.1.10.jar
[30Jul2025 14:46:23.065] [main/DEBUG] [PFM-DataGen/]: 		Namespace terrablender
[30Jul2025 14:46:23.065] [main/DEBUG] [PFM-DataGen/]: 	Pack BiomesOPlenty-forge-1.20.1-19.0.0.96.jar
[30Jul2025 14:46:23.065] [main/DEBUG] [PFM-DataGen/]: 		Namespace sereneseasons
[30Jul2025 14:46:23.065] [main/DEBUG] [PFM-DataGen/]: 		Namespace minecraft
[30Jul2025 14:46:23.065] [main/DEBUG] [PFM-DataGen/]: 		Namespace toughasnails
[30Jul2025 14:46:23.065] [main/DEBUG] [PFM-DataGen/]: 		Namespace forge
[30Jul2025 14:46:23.065] [main/DEBUG] [PFM-DataGen/]: 		Namespace biomesoplenty
[30Jul2025 14:46:23.065] [main/DEBUG] [PFM-DataGen/]: 	Pack Jade-1.20.1-Forge-11.13.1.jar
[30Jul2025 14:46:23.066] [main/DEBUG] [PFM-DataGen/]: 		Namespace jade
[30Jul2025 14:46:23.066] [main/DEBUG] [PFM-DataGen/]: 	Pack Explorify v1.6.2 f10-48.jar
[30Jul2025 14:46:23.066] [main/DEBUG] [PFM-DataGen/]: 		Namespace explorify
[30Jul2025 14:46:23.066] [main/DEBUG] [PFM-DataGen/]: 		Namespace cristellib
[30Jul2025 14:46:23.066] [main/DEBUG] [PFM-DataGen/]: 	Pack EasyMagic-v8.0.1-1.20.1-Forge.jar
[30Jul2025 14:46:23.066] [main/DEBUG] [PFM-DataGen/]: 		Namespace easymagic
[30Jul2025 14:46:23.066] [main/DEBUG] [PFM-DataGen/]: 	Pack PuzzlesLib-v8.1.32-1.20.1-Forge.jar
[30Jul2025 14:46:23.066] [main/DEBUG] [PFM-DataGen/]: 	Pack carryon-forge-1.20.1-2.1.2.7.jar
[30Jul2025 14:46:23.066] [main/DEBUG] [PFM-DataGen/]: 		Namespace carryon
[30Jul2025 14:46:23.066] [main/DEBUG] [PFM-DataGen/]: 	Pack paladin-furniture-mod-1.4.2-forge-mc1.20.1.jar
[30Jul2025 14:46:23.066] [main/DEBUG] [PFM-DataGen/]: 		Namespace pfm
[30Jul2025 14:46:23.066] [main/DEBUG] [PFM-DataGen/]: 	Pack curios-forge-5.14.0+1.20.1.jar
[30Jul2025 14:46:23.066] [main/DEBUG] [PFM-DataGen/]: 		Namespace curios
[30Jul2025 14:46:23.066] [main/DEBUG] [PFM-DataGen/]: 	Pack Xaeros_Minimap_25.2.0_Forge_1.20.jar
[30Jul2025 14:46:23.067] [main/DEBUG] [PFM-DataGen/]: 		Namespace minecraft
[30Jul2025 14:46:23.067] [main/DEBUG] [PFM-DataGen/]: 		Namespace xaerobetterpvp
[30Jul2025 14:46:23.067] [main/DEBUG] [PFM-DataGen/]: 		Namespace xaerominimap
[30Jul2025 14:46:23.067] [main/DEBUG] [PFM-DataGen/]: 	Pack jei-1.20.1-forge-15.20.0.106.jar
[30Jul2025 14:46:23.067] [main/DEBUG] [PFM-DataGen/]: 		Namespace jei
[30Jul2025 14:46:23.067] [main/DEBUG] [PFM-DataGen/]: 	Pack citadel-2.6.1-1.20.1.jar
[30Jul2025 14:46:23.067] [main/DEBUG] [PFM-DataGen/]: 		Namespace citadel
[30Jul2025 14:46:23.067] [main/DEBUG] [PFM-DataGen/]: 	Pack alexsmobs-1.22.9.jar
[30Jul2025 14:46:23.067] [main/DEBUG] [PFM-DataGen/]: 		Namespace minecraft
[30Jul2025 14:46:23.067] [main/DEBUG] [PFM-DataGen/]: 		Namespace forge
[30Jul2025 14:46:23.067] [main/DEBUG] [PFM-DataGen/]: 		Namespace alexsmobs
[30Jul2025 14:46:23.067] [main/DEBUG] [PFM-DataGen/]: 		Namespace domesticationinnovation
[30Jul2025 14:46:23.067] [main/DEBUG] [PFM-DataGen/]: 	Pack GlitchCore-forge-1.20.1-0.0.1.1.jar
[30Jul2025 14:46:23.068] [main/DEBUG] [PFM-DataGen/]: 	Pack iceandfire-2.1.13-1.20.1-beta-5.jar
[30Jul2025 14:46:23.068] [main/DEBUG] [PFM-DataGen/]: 		Namespace minecraft
[30Jul2025 14:46:23.068] [main/DEBUG] [PFM-DataGen/]: 		Namespace forge
[30Jul2025 14:46:23.068] [main/DEBUG] [PFM-DataGen/]: 		Namespace iceandfire
[30Jul2025 14:46:23.068] [main/DEBUG] [PFM-DataGen/]: 	Pack the_bumblezone-7.6.11+1.20.1-forge.jar
[30Jul2025 14:46:23.068] [main/DEBUG] [PFM-DataGen/]: 		Namespace minecraft
[30Jul2025 14:46:23.068] [main/DEBUG] [PFM-DataGen/]: 		Namespace industrialforegoing
[30Jul2025 14:46:23.068] [main/DEBUG] [PFM-DataGen/]: 		Namespace capsule
[30Jul2025 14:46:23.068] [main/DEBUG] [PFM-DataGen/]: 		Namespace endermanoverhaul
[30Jul2025 14:46:23.068] [main/DEBUG] [PFM-DataGen/]: 		Namespace bagofyurting
[30Jul2025 14:46:23.068] [main/DEBUG] [PFM-DataGen/]: 		Namespace itemfilters
[30Jul2025 14:46:23.068] [main/DEBUG] [PFM-DataGen/]: 		Namespace ae2
[30Jul2025 14:46:23.069] [main/DEBUG] [PFM-DataGen/]: 		Namespace mobcapturingtool
[30Jul2025 14:46:23.069] [main/DEBUG] [PFM-DataGen/]: 		Namespace portablemobs
[30Jul2025 14:46:23.069] [main/DEBUG] [PFM-DataGen/]: 		Namespace mekanism
[30Jul2025 14:46:23.069] [main/DEBUG] [PFM-DataGen/]: 		Namespace enderio
[30Jul2025 14:46:23.069] [main/DEBUG] [PFM-DataGen/]: 		Namespace curios
[30Jul2025 14:46:23.069] [main/DEBUG] [PFM-DataGen/]: 		Namespace create
[30Jul2025 14:46:23.069] [main/DEBUG] [PFM-DataGen/]: 		Namespace untamedwilds
[30Jul2025 14:46:23.069] [main/DEBUG] [PFM-DataGen/]: 		Namespace yttr
[30Jul2025 14:46:23.069] [main/DEBUG] [PFM-DataGen/]: 		Namespace c
[30Jul2025 14:46:23.069] [main/DEBUG] [PFM-DataGen/]: 		Namespace shrink
[30Jul2025 14:46:23.069] [main/DEBUG] [PFM-DataGen/]: 		Namespace pokecube
[30Jul2025 14:46:23.069] [main/DEBUG] [PFM-DataGen/]: 		Namespace pneumaticcraft
[30Jul2025 14:46:23.069] [main/DEBUG] [PFM-DataGen/]: 		Namespace spirit
[30Jul2025 14:46:23.069] [main/DEBUG] [PFM-DataGen/]: 		Namespace modern_industrialization
[30Jul2025 14:46:23.069] [main/DEBUG] [PFM-DataGen/]: 		Namespace mobcatcher
[30Jul2025 14:46:23.069] [main/DEBUG] [PFM-DataGen/]: 		Namespace occultism
[30Jul2025 14:46:23.069] [main/DEBUG] [PFM-DataGen/]: 		Namespace carryon
[30Jul2025 14:46:23.069] [main/DEBUG] [PFM-DataGen/]: 		Namespace the_bumblezone
[30Jul2025 14:46:23.069] [main/DEBUG] [PFM-DataGen/]: 		Namespace ars_nouveau
[30Jul2025 14:46:23.069] [main/DEBUG] [PFM-DataGen/]: 		Namespace ftbchunks
[30Jul2025 14:46:23.069] [main/DEBUG] [PFM-DataGen/]: 		Namespace forge
[30Jul2025 14:46:23.069] [main/DEBUG] [PFM-DataGen/]: 		Namespace supplementaries
[30Jul2025 14:46:23.069] [main/DEBUG] [PFM-DataGen/]: 		Namespace moblassos
[30Jul2025 14:46:23.069] [main/DEBUG] [PFM-DataGen/]: 		Namespace embeddium
[30Jul2025 14:46:23.069] [main/DEBUG] [PFM-DataGen/]: 		Namespace vitalize
[30Jul2025 14:46:23.069] [main/DEBUG] [PFM-DataGen/]: 	Pack puzzlesaccessapi-forge-20.1.1.jar
[30Jul2025 14:46:23.069] [main/DEBUG] [PFM-DataGen/]: 	Pack athena-forge-1.20.1-3.1.1.jar
[30Jul2025 14:46:23.069] [main/DEBUG] [PFM-DataGen/]: 	Pack framework-forge-1.20.1-0.7.12.jar
[30Jul2025 14:46:23.069] [main/DEBUG] [PFM-DataGen/]: 		Namespace framework
[30Jul2025 14:46:23.239] [main/INFO] [PFM-DataGen/]: Data Hash for Game Data and Variant List matched, skipping generation
[30Jul2025 14:46:24.279] [main/DEBUG] [mixin/]: Mixing MixinPrimaryLevelData from terrablender.mixins.json into net.minecraft.world.level.storage.PrimaryLevelData
[30Jul2025 14:46:24.303] [main/DEBUG] [mixin/]: Mixing LootDataManagerForgeMixin from puzzleslib.forge.mixins.json into net.minecraft.world.level.storage.loot.LootDataManager
[30Jul2025 14:46:24.321] [main/DEBUG] [mixin/]: Mixing accessor.LootTableForgeAccessor from puzzleslib.forge.mixins.json into net.minecraft.world.level.storage.loot.LootTable
[30Jul2025 14:46:24.464] [main/DEBUG] [net.minecraftforge.coremod.transformer.CoreModBaseTransformer/COREMOD]: Transforming net/minecraft/server/commands/SummonCommand
[30Jul2025 14:46:24.634] [main/INFO] [com.github.alexthe666.alexsmobs.AlexsMobs/]: Adding datapack listener capsid_recipes
[30Jul2025 14:46:25.264] [Worker-Main-1/DEBUG] [mixin/]: Mixing MixinNbtPredicate from curios.mixins.json into net.minecraft.advancements.critereon.NbtPredicate
[30Jul2025 14:46:25.271] [Worker-Main-1/DEBUG] [net.minecraftforge.coremod.transformer.CoreModBaseTransformer/COREMOD]: Transforming net/minecraft/world/entity/raid/Raid
[30Jul2025 14:46:25.790] [main/DEBUG] [mixin/]: Mixing item.PotionCandleRecipeMixin from the_bumblezone-forge.mixins.json into com.telepathicgrunt.the_bumblezone.items.recipes.PotionCandleRecipe
[30Jul2025 14:46:25.850] [main/INFO] [net.minecraft.world.item.crafting.RecipeManager/]: Loaded 10 recipes
[30Jul2025 14:46:26.019] [main/INFO] [net.minecraft.advancements.AdvancementList/]: Loaded 2394 advancements
[30Jul2025 14:46:26.032] [main/INFO] [top.theillusivec4.curios.Curios/]: Loaded 10 curio slots
[30Jul2025 14:46:26.037] [main/INFO] [top.theillusivec4.curios.Curios/]: Loaded 1 curio entities
[30Jul2025 14:46:27.123] [main/DEBUG] [net.minecraftforge.common.ForgeHooks/WP]: Gathering id map for writing to world save New World
[30Jul2025 14:46:27.182] [main/DEBUG] [net.minecraftforge.common.ForgeHooks/WP]: ID Map collection complete New World
[30Jul2025 14:46:27.254] [Server thread/INFO] [net.minecraft.server.dedicated.DedicatedServer/]: Starting minecraft server version 1.20.1
[30Jul2025 14:46:27.254] [Server thread/INFO] [net.minecraft.server.dedicated.DedicatedServer/]: Loading properties
[30Jul2025 14:46:27.255] [Server thread/INFO] [net.minecraft.server.dedicated.DedicatedServer/]: Default game type: SURVIVAL
[30Jul2025 14:46:27.256] [Server thread/INFO] [net.minecraft.server.MinecraftServer/]: Generating keypair
[30Jul2025 14:46:27.362] [Server thread/INFO] [net.minecraft.server.dedicated.DedicatedServer/]: Starting Minecraft server on *:25565
[30Jul2025 14:46:27.363] [Server thread/DEBUG] [net.minecraftforge.network.DualStackUtils/]: Detected IPv6 address: "0:0:0:0:0:0:0:0"
[30Jul2025 14:46:27.370] [Server thread/DEBUG] [io.netty.util.internal.NativeLibraryLoader/]: -Dio.netty.native.workdir: /tmp (io.netty.tmpdir)
[30Jul2025 14:46:27.370] [Server thread/DEBUG] [io.netty.util.internal.NativeLibraryLoader/]: -Dio.netty.native.deleteLibAfterLoading: true
[30Jul2025 14:46:27.371] [Server thread/DEBUG] [io.netty.util.internal.NativeLibraryLoader/]: -Dio.netty.native.tryPatchShadedId: true
[30Jul2025 14:46:27.371] [Server thread/DEBUG] [io.netty.util.internal.NativeLibraryLoader/]: -Dio.netty.native.detectNativeLibraryDuplicates: true
[30Jul2025 14:46:27.376] [Server thread/DEBUG] [io.netty.util.internal.NativeLibraryLoader/]: Successfully loaded the library /tmp/libnetty_transport_native_epoll_x86_6412232918087474481481.so
[30Jul2025 14:46:27.379] [Server thread/DEBUG] [io.netty.util.NetUtil/]: -Djava.net.preferIPv4Stack: false
[30Jul2025 14:46:27.379] [Server thread/DEBUG] [io.netty.util.NetUtil/]: -Djava.net.preferIPv6Addresses: true
[30Jul2025 14:46:27.380] [Server thread/DEBUG] [io.netty.util.NetUtilInitializations/]: Loopback interface: lo (lo, 0:0:0:0:0:0:0:1%lo)
[30Jul2025 14:46:27.381] [Server thread/DEBUG] [io.netty.util.NetUtil/]: /proc/sys/net/core/somaxconn: 4096
[30Jul2025 14:46:27.384] [Server thread/INFO] [net.minecraft.server.network.ServerConnectionListener/]: Using epoll channel type
[30Jul2025 14:46:27.395] [Server thread/DEBUG] [io.netty.channel.MultithreadEventLoopGroup/]: -Dio.netty.eventLoopThreads: 8
[30Jul2025 14:46:27.405] [Server thread/DEBUG] [io.netty.util.internal.InternalThreadLocalMap/]: -Dio.netty.threadLocalMap.stringBuilder.initialSize: 1024
[30Jul2025 14:46:27.405] [Server thread/DEBUG] [io.netty.util.internal.InternalThreadLocalMap/]: -Dio.netty.threadLocalMap.stringBuilder.maxSize: 4096
[30Jul2025 14:46:27.414] [Server thread/DEBUG] [io.netty.util.internal.PlatformDependent/]: org.jctools-core.MpscChunkedArrayQueue: available
[30Jul2025 14:46:27.422] [Server thread/DEBUG] [io.netty.channel.DefaultChannelId/]: -Dio.netty.processId: 11100 (auto-detected)
[30Jul2025 14:46:27.423] [Server thread/DEBUG] [io.netty.channel.DefaultChannelId/]: -Dio.netty.machineId: 7c:ed:8d:ff:fe:3a:08:f2 (auto-detected)
[30Jul2025 14:46:27.448] [Server thread/DEBUG] [io.netty.buffer.PooledByteBufAllocator/]: -Dio.netty.allocator.numHeapArenas: 8
[30Jul2025 14:46:27.448] [Server thread/DEBUG] [io.netty.buffer.PooledByteBufAllocator/]: -Dio.netty.allocator.numDirectArenas: 8
[30Jul2025 14:46:27.448] [Server thread/DEBUG] [io.netty.buffer.PooledByteBufAllocator/]: -Dio.netty.allocator.pageSize: 8192
[30Jul2025 14:46:27.448] [Server thread/DEBUG] [io.netty.buffer.PooledByteBufAllocator/]: -Dio.netty.allocator.maxOrder: 9
[30Jul2025 14:46:27.448] [Server thread/DEBUG] [io.netty.buffer.PooledByteBufAllocator/]: -Dio.netty.allocator.chunkSize: 4194304
[30Jul2025 14:46:27.448] [Server thread/DEBUG] [io.netty.buffer.PooledByteBufAllocator/]: -Dio.netty.allocator.smallCacheSize: 256
[30Jul2025 14:46:27.448] [Server thread/DEBUG] [io.netty.buffer.PooledByteBufAllocator/]: -Dio.netty.allocator.normalCacheSize: 64
[30Jul2025 14:46:27.448] [Server thread/DEBUG] [io.netty.buffer.PooledByteBufAllocator/]: -Dio.netty.allocator.maxCachedBufferCapacity: 32768
[30Jul2025 14:46:27.448] [Server thread/DEBUG] [io.netty.buffer.PooledByteBufAllocator/]: -Dio.netty.allocator.cacheTrimInterval: 8192
[30Jul2025 14:46:27.449] [Server thread/DEBUG] [io.netty.buffer.PooledByteBufAllocator/]: -Dio.netty.allocator.cacheTrimIntervalMillis: 0
[30Jul2025 14:46:27.449] [Server thread/DEBUG] [io.netty.buffer.PooledByteBufAllocator/]: -Dio.netty.allocator.useCacheForAllThreads: false
[30Jul2025 14:46:27.449] [Server thread/DEBUG] [io.netty.buffer.PooledByteBufAllocator/]: -Dio.netty.allocator.maxCachedByteBuffersPerChunk: 1023
[30Jul2025 14:46:27.461] [Server thread/DEBUG] [io.netty.buffer.ByteBufUtil/]: -Dio.netty.allocator.type: pooled
[30Jul2025 14:46:27.461] [Server thread/DEBUG] [io.netty.buffer.ByteBufUtil/]: -Dio.netty.threadLocalDirectBufferSize: 0
[30Jul2025 14:46:27.461] [Server thread/DEBUG] [io.netty.buffer.ByteBufUtil/]: -Dio.netty.maxThreadLocalCharBufferSize: 16384
[30Jul2025 14:46:27.473] [Server thread/WARN] [net.minecraft.server.dedicated.DedicatedServer/]: **** SERVER IS RUNNING IN OFFLINE/INSECURE MODE!
[30Jul2025 14:46:27.474] [Server thread/WARN] [net.minecraft.server.dedicated.DedicatedServer/]: The server will make no attempt to authenticate usernames. Beware.
[30Jul2025 14:46:27.475] [Server thread/WARN] [net.minecraft.server.dedicated.DedicatedServer/]: While this makes the game possible to play without internet access, it also opens up the ability for hackers to connect with any username they choose.
[30Jul2025 14:46:27.476] [Server thread/WARN] [net.minecraft.server.dedicated.DedicatedServer/]: To change this, set "online-mode" to "true" in the server.properties file.
[30Jul2025 14:46:27.498] [Server thread/DEBUG] [net.minecraftforge.fml.config.ConfigTracker/CONFIG]: Loading configs type SERVER
[30Jul2025 14:46:27.498] [Server thread/DEBUG] [net.minecraftforge.fml.config.ConfigFileTypeHandler/CONFIG]: Built TOML config for ./world/serverconfig/jei-server.toml
[30Jul2025 14:46:27.498] [Server thread/DEBUG] [net.minecraftforge.fml.config.ConfigFileTypeHandler/CONFIG]: Loaded TOML config file ./world/serverconfig/jei-server.toml
[30Jul2025 14:46:27.499] [Server thread/DEBUG] [net.minecraftforge.fml.config.ConfigFileTypeHandler/CONFIG]: Watching TOML config file ./world/serverconfig/jei-server.toml for changes
[30Jul2025 14:46:27.500] [Thread-1/DEBUG] [net.minecraftforge.fml.config.ConfigFileTypeHandler/CONFIG]: Config file jei-server.toml changed, sending notifies
[30Jul2025 14:46:27.503] [Server thread/DEBUG] [fuzs.puzzleslib.impl.config.core.ForgeConfigFileTypeHandler/CONFIG]: Built TOML config for /workspaces/server1/servidor_minecraft/config/easymagic-server.toml
[30Jul2025 14:46:27.503] [Server thread/DEBUG] [fuzs.puzzleslib.impl.config.core.ForgeConfigFileTypeHandler/CONFIG]: Loaded TOML config file /workspaces/server1/servidor_minecraft/config/easymagic-server.toml
[30Jul2025 14:46:27.505] [Thread-1/DEBUG] [net.minecraftforge.fml.config.ConfigFileTypeHandler/CONFIG]: Config file jei-server.toml changed, sending notifies
[30Jul2025 14:46:27.506] [Server thread/DEBUG] [fuzs.puzzleslib.impl.config.core.ForgeConfigFileTypeHandler/CONFIG]: Watching TOML config file /workspaces/server1/servidor_minecraft/config/easymagic-server.toml for changes
[30Jul2025 14:46:27.508] [Server thread/INFO] [Puzzles Lib/]: Loading server config for easymagic
[30Jul2025 14:46:27.510] [Thread-1/DEBUG] [fuzs.puzzleslib.impl.config.core.ForgeConfigFileTypeHandler/CONFIG]: Config file easymagic-server.toml changed, sending notifies
[30Jul2025 14:46:27.510] [Thread-1/INFO] [Puzzles Lib/]: Reloading server config for easymagic
[30Jul2025 14:46:27.512] [Thread-1/DEBUG] [fuzs.puzzleslib.impl.config.core.ForgeConfigFileTypeHandler/CONFIG]: Config file easymagic-server.toml changed, sending notifies
[30Jul2025 14:46:27.512] [Server thread/DEBUG] [net.minecraftforge.fml.config.ConfigFileTypeHandler/CONFIG]: Built TOML config for ./world/serverconfig/forge-server.toml
[30Jul2025 14:46:27.513] [Server thread/DEBUG] [net.minecraftforge.fml.config.ConfigFileTypeHandler/CONFIG]: Loaded TOML config file ./world/serverconfig/forge-server.toml
[30Jul2025 14:46:27.512] [Thread-1/INFO] [Puzzles Lib/]: Reloading server config for easymagic
[30Jul2025 14:46:27.513] [Server thread/DEBUG] [net.minecraftforge.fml.config.ConfigFileTypeHandler/CONFIG]: Watching TOML config file ./world/serverconfig/forge-server.toml for changes
[30Jul2025 14:46:27.514] [Server thread/DEBUG] [net.minecraftforge.common.ForgeConfig/FORGEMOD]: Loaded forge config file forge-server.toml
[30Jul2025 14:46:27.515] [Server thread/DEBUG] [net.minecraftforge.fml.config.ConfigFileTypeHandler/CONFIG]: Built TOML config for ./world/serverconfig/curios-server.toml
[30Jul2025 14:46:27.515] [Server thread/DEBUG] [net.minecraftforge.fml.config.ConfigFileTypeHandler/CONFIG]: Loaded TOML config file ./world/serverconfig/curios-server.toml
[30Jul2025 14:46:27.517] [Thread-1/DEBUG] [net.minecraftforge.fml.config.ConfigFileTypeHandler/CONFIG]: Config file forge-server.toml changed, sending notifies
[30Jul2025 14:46:27.517] [Thread-1/DEBUG] [net.minecraftforge.common.ForgeConfig/FORGEMOD]: Forge config just got changed on the file system!
[30Jul2025 14:46:27.517] [Server thread/DEBUG] [net.minecraftforge.fml.config.ConfigFileTypeHandler/CONFIG]: Watching TOML config file ./world/serverconfig/curios-server.toml for changes
[30Jul2025 14:46:27.520] [Server thread/DEBUG] [mixin/]: Mixing accessor.BiomeSpecialEffectsBuilderForgeAccessor from puzzleslib.forge.mixins.json into net.minecraft.world.level.biome.BiomeSpecialEffects$Builder
[30Jul2025 14:46:27.522] [Thread-1/DEBUG] [net.minecraftforge.fml.config.ConfigFileTypeHandler/CONFIG]: Config file curios-server.toml changed, sending notifies
[30Jul2025 14:46:27.533] [Server thread/DEBUG] [com.github.alexthe666.iceandfire.IceAndFire/]: Added the following features to the biome [biomesoplenty:aspen_glade]: 
	- iceandfire:silver_ore
[30Jul2025 14:46:27.539] [Server thread/DEBUG] [com.github.alexthe666.iceandfire.IceAndFire/]: Added the following features to the biome [biomesoplenty:auroral_garden]: 
	- iceandfire:frost_lily
	- iceandfire:silver_ore
	- iceandfire:sapphire_ore
	- iceandfire:ice_dragon_roost
	- iceandfire:ice_dragon_cave
	- iceandfire:spawn_dragon_skeleton_ice
[30Jul2025 14:46:27.542] [Server thread/DEBUG] [com.github.alexthe666.iceandfire.IceAndFire/]: Added the following features to the biome [minecraft:badlands]: 
	- iceandfire:silver_ore
	- iceandfire:lightning_dragon_roost
	- iceandfire:lightning_dragon_cave
[30Jul2025 14:46:27.545] [Server thread/DEBUG] [com.github.alexthe666.iceandfire.IceAndFire/]: Added the following features to the biome [minecraft:bamboo_jungle]: 
	- iceandfire:fire_lily
	- iceandfire:silver_ore
	- iceandfire:lightning_dragon_roost
	- iceandfire:lightning_dragon_cave
	- iceandfire:myrmex_hive_jungle
[30Jul2025 14:46:27.549] [Server thread/DEBUG] [com.github.alexthe666.iceandfire.IceAndFire/]: Added the following features to the biome [biomesoplenty:bayou]: 
	- iceandfire:fire_lily
	- iceandfire:silver_ore
	- iceandfire:fire_dragon_roost
	- iceandfire:fire_dragon_cave
	- iceandfire:hydra_cave
	- iceandfire:spawn_stymphalian_bird
[30Jul2025 14:46:27.552] [Server thread/DEBUG] [com.github.alexthe666.iceandfire.IceAndFire/]: Added the following features to the biome [minecraft:beach]: 
	- iceandfire:silver_ore
	- iceandfire:cyclops_cave
[30Jul2025 14:46:27.553] [Server thread/DEBUG] [com.github.alexthe666.iceandfire.IceAndFire/]: Added the following features to the biome [minecraft:birch_forest]: 
	- iceandfire:silver_ore
[30Jul2025 14:46:27.556] [Server thread/DEBUG] [com.github.alexthe666.iceandfire.IceAndFire/]: Added the following features to the biome [biomesoplenty:bog]: 
	- iceandfire:silver_ore
	- iceandfire:ice_dragon_roost
	- iceandfire:ice_dragon_cave
	- iceandfire:hydra_cave
	- iceandfire:spawn_stymphalian_bird
[30Jul2025 14:46:27.559] [Server thread/DEBUG] [com.github.alexthe666.iceandfire.IceAndFire/]: Added the following features to the biome [minecraft:cherry_grove]: 
	- iceandfire:silver_ore
[30Jul2025 14:46:27.562] [Server thread/DEBUG] [com.github.alexthe666.iceandfire.IceAndFire/]: Added the following features to the biome [biomesoplenty:cold_desert]: 
	- iceandfire:frost_lily
	- iceandfire:silver_ore
	- iceandfire:sapphire_ore
	- iceandfire:ice_dragon_roost
	- iceandfire:ice_dragon_cave
	- iceandfire:spawn_dragon_skeleton_ice
[30Jul2025 14:46:27.564] [Server thread/DEBUG] [com.github.alexthe666.iceandfire.IceAndFire/]: Added the following features to the biome [minecraft:cold_ocean]: 
	- iceandfire:silver_ore
	- iceandfire:ice_dragon_roost
	- iceandfire:ice_dragon_cave
	- iceandfire:siren_island
	- iceandfire:spawn_hippocampus
	- iceandfire:spawn_sea_serpent
[30Jul2025 14:46:27.566] [Server thread/DEBUG] [com.github.alexthe666.iceandfire.IceAndFire/]: Added the following features to the biome [biomesoplenty:coniferous_forest]: 
	- iceandfire:silver_ore
[30Jul2025 14:46:27.568] [Server thread/DEBUG] [com.github.alexthe666.iceandfire.IceAndFire/]: Added the following features to the biome [biomesoplenty:crag]: 
	- iceandfire:silver_ore
[30Jul2025 14:46:27.576] [Server thread/DEBUG] [com.github.alexthe666.iceandfire.IceAndFire/]: Added the following features to the biome [minecraft:dark_forest]: 
	- iceandfire:silver_ore
	- iceandfire:pixie_village
[30Jul2025 14:46:27.579] [Server thread/DEBUG] [com.github.alexthe666.iceandfire.IceAndFire/]: Added the following features to the biome [biomesoplenty:dead_forest]: 
	- iceandfire:silver_ore
	- iceandfire:ice_dragon_roost
	- iceandfire:ice_dragon_cave
[30Jul2025 14:46:27.581] [Server thread/DEBUG] [com.github.alexthe666.iceandfire.IceAndFire/]: Added the following features to the biome [minecraft:deep_cold_ocean]: 
	- iceandfire:silver_ore
	- iceandfire:ice_dragon_roost
	- iceandfire:ice_dragon_cave
	- iceandfire:siren_island
	- iceandfire:spawn_hippocampus
	- iceandfire:spawn_sea_serpent
[30Jul2025 14:46:27.583] [Server thread/DEBUG] [com.github.alexthe666.iceandfire.IceAndFire/]: Added the following features to the biome [minecraft:deep_dark]: 
	- iceandfire:silver_ore
[30Jul2025 14:46:27.586] [Server thread/DEBUG] [com.github.alexthe666.iceandfire.IceAndFire/]: Added the following features to the biome [minecraft:deep_frozen_ocean]: 
	- iceandfire:silver_ore
	- iceandfire:ice_dragon_roost
	- iceandfire:ice_dragon_cave
	- iceandfire:siren_island
	- iceandfire:spawn_hippocampus
	- iceandfire:spawn_sea_serpent
[30Jul2025 14:46:27.588] [Server thread/DEBUG] [com.github.alexthe666.iceandfire.IceAndFire/]: Added the following features to the biome [minecraft:deep_lukewarm_ocean]: 
	- iceandfire:silver_ore
	- iceandfire:siren_island
	- iceandfire:spawn_hippocampus
	- iceandfire:spawn_sea_serpent
[30Jul2025 14:46:27.589] [Server thread/DEBUG] [com.github.alexthe666.iceandfire.IceAndFire/]: Added the following features to the biome [minecraft:deep_ocean]: 
	- iceandfire:silver_ore
	- iceandfire:siren_island
	- iceandfire:spawn_hippocampus
	- iceandfire:spawn_sea_serpent
[30Jul2025 14:46:27.590] [Server thread/DEBUG] [com.github.alexthe666.iceandfire.IceAndFire/]: Added the following features to the biome [minecraft:desert]: 
	- iceandfire:fire_lily
	- iceandfire:silver_ore
	- iceandfire:fire_dragon_roost
	- iceandfire:fire_dragon_cave
	- iceandfire:myrmex_hive_desert
	- iceandfire:spawn_death_worm
	- iceandfire:spawn_dragon_skeleton_fire
[30Jul2025 14:46:27.591] [Server thread/DEBUG] [com.github.alexthe666.iceandfire.IceAndFire/]: Added the following features to the biome [minecraft:dripstone_caves]: 
	- iceandfire:silver_ore
[30Jul2025 14:46:27.592] [Server thread/DEBUG] [com.github.alexthe666.iceandfire.IceAndFire/]: Added the following features to the biome [biomesoplenty:dryland]: 
	- iceandfire:fire_lily
	- iceandfire:silver_ore
	- iceandfire:fire_dragon_roost
	- iceandfire:fire_dragon_cave
	- iceandfire:myrmex_hive_desert
	- iceandfire:spawn_death_worm
	- iceandfire:spawn_dragon_skeleton_fire
[30Jul2025 14:46:27.594] [Server thread/DEBUG] [com.github.alexthe666.iceandfire.IceAndFire/]: Added the following features to the biome [biomesoplenty:dune_beach]: 
	- iceandfire:silver_ore
	- iceandfire:cyclops_cave
[30Jul2025 14:46:27.598] [Server thread/DEBUG] [com.github.alexthe666.iceandfire.IceAndFire/]: Added the following features to the biome [minecraft:eroded_badlands]: 
	- iceandfire:fire_lily
	- iceandfire:silver_ore
	- iceandfire:lightning_dragon_roost
	- iceandfire:lightning_dragon_cave
[30Jul2025 14:46:27.600] [Server thread/DEBUG] [com.github.alexthe666.iceandfire.IceAndFire/]: Added the following features to the biome [biomesoplenty:field]: 
	- iceandfire:silver_ore
[30Jul2025 14:46:27.601] [Server thread/DEBUG] [com.github.alexthe666.iceandfire.IceAndFire/]: Added the following features to the biome [biomesoplenty:fir_clearing]: 
	- iceandfire:silver_ore
[30Jul2025 14:46:27.602] [Server thread/DEBUG] [com.github.alexthe666.iceandfire.IceAndFire/]: Added the following features to the biome [biomesoplenty:floodplain]: 
	- iceandfire:fire_lily
	- iceandfire:silver_ore
	- iceandfire:lightning_dragon_roost
	- iceandfire:lightning_dragon_cave
	- iceandfire:hydra_cave
	- iceandfire:myrmex_hive_jungle
	- iceandfire:spawn_stymphalian_bird
[30Jul2025 14:46:27.604] [Server thread/DEBUG] [com.github.alexthe666.iceandfire.IceAndFire/]: Added the following features to the biome [minecraft:flower_forest]: 
	- iceandfire:silver_ore
[30Jul2025 14:46:27.605] [Server thread/DEBUG] [com.github.alexthe666.iceandfire.IceAndFire/]: Added the following features to the biome [minecraft:forest]: 
	- iceandfire:silver_ore
[30Jul2025 14:46:27.606] [Server thread/DEBUG] [com.github.alexthe666.iceandfire.IceAndFire/]: Added the following features to the biome [biomesoplenty:forested_field]: 
	- iceandfire:silver_ore
[30Jul2025 14:46:27.607] [Server thread/DEBUG] [com.github.alexthe666.iceandfire.IceAndFire/]: Added the following features to the biome [minecraft:frozen_ocean]: 
	- iceandfire:frost_lily
	- iceandfire:silver_ore
	- iceandfire:sapphire_ore
	- iceandfire:ice_dragon_roost
	- iceandfire:ice_dragon_cave
	- iceandfire:siren_island
	- iceandfire:spawn_dragon_skeleton_ice
	- iceandfire:spawn_hippocampus
	- iceandfire:spawn_sea_serpent
[30Jul2025 14:46:27.608] [Server thread/DEBUG] [com.github.alexthe666.iceandfire.IceAndFire/]: Added the following features to the biome [minecraft:frozen_peaks]: 
	- iceandfire:frost_lily
	- iceandfire:silver_ore
	- iceandfire:sapphire_ore
	- iceandfire:ice_dragon_roost
	- iceandfire:ice_dragon_cave
	- iceandfire:spawn_dragon_skeleton_ice
[30Jul2025 14:46:27.609] [Server thread/DEBUG] [com.github.alexthe666.iceandfire.IceAndFire/]: Added the following features to the biome [minecraft:frozen_river]: 
	- iceandfire:frost_lily
	- iceandfire:silver_ore
	- iceandfire:sapphire_ore
	- iceandfire:ice_dragon_roost
	- iceandfire:ice_dragon_cave
	- iceandfire:spawn_dragon_skeleton_ice
[30Jul2025 14:46:27.610] [Server thread/DEBUG] [com.github.alexthe666.iceandfire.IceAndFire/]: Added the following features to the biome [biomesoplenty:fungal_jungle]: 
	- iceandfire:fire_lily
	- iceandfire:silver_ore
	- iceandfire:lightning_dragon_roost
	- iceandfire:lightning_dragon_cave
	- iceandfire:pixie_village
	- iceandfire:myrmex_hive_jungle
[30Jul2025 14:46:27.611] [Server thread/DEBUG] [com.github.alexthe666.iceandfire.IceAndFire/]: Added the following features to the biome [biomesoplenty:glowing_grotto]: 
	- iceandfire:silver_ore
[30Jul2025 14:46:27.612] [Server thread/DEBUG] [com.github.alexthe666.iceandfire.IceAndFire/]: Added the following features to the biome [biomesoplenty:grassland]: 
	- iceandfire:silver_ore
	- iceandfire:spawn_wandering_cyclops
[30Jul2025 14:46:27.613] [Server thread/DEBUG] [com.github.alexthe666.iceandfire.IceAndFire/]: Added the following features to the biome [biomesoplenty:gravel_beach]: 
	- iceandfire:silver_ore
	- iceandfire:cyclops_cave
[30Jul2025 14:46:27.613] [Server thread/DEBUG] [com.github.alexthe666.iceandfire.IceAndFire/]: Added the following features to the biome [minecraft:grove]: 
	- iceandfire:frost_lily
	- iceandfire:silver_ore
	- iceandfire:sapphire_ore
	- iceandfire:ice_dragon_roost
	- iceandfire:ice_dragon_cave
	- iceandfire:spawn_dragon_skeleton_ice
[30Jul2025 14:46:27.614] [Server thread/DEBUG] [com.github.alexthe666.iceandfire.IceAndFire/]: Added the following features to the biome [biomesoplenty:highland]: 
	- iceandfire:silver_ore
	- iceandfire:fire_dragon_roost
	- iceandfire:fire_dragon_cave
	- iceandfire:spawn_wandering_cyclops
[30Jul2025 14:46:27.617] [Server thread/DEBUG] [com.github.alexthe666.iceandfire.IceAndFire/]: Added the following features to the biome [biomesoplenty:hot_springs]: 
	- iceandfire:silver_ore
	- iceandfire:ice_dragon_roost
	- iceandfire:ice_dragon_cave
[30Jul2025 14:46:27.618] [Server thread/DEBUG] [com.github.alexthe666.iceandfire.IceAndFire/]: Added the following features to the biome [minecraft:ice_spikes]: 
	- iceandfire:frost_lily
	- iceandfire:silver_ore
	- iceandfire:sapphire_ore
	- iceandfire:ice_dragon_roost
	- iceandfire:ice_dragon_cave
	- iceandfire:spawn_dragon_skeleton_ice
[30Jul2025 14:46:27.619] [Server thread/DEBUG] [com.github.alexthe666.iceandfire.IceAndFire/]: Added the following features to the biome [biomesoplenty:jacaranda_glade]: 
	- iceandfire:silver_ore
	- iceandfire:pixie_village
[30Jul2025 14:46:27.620] [Server thread/DEBUG] [com.github.alexthe666.iceandfire.IceAndFire/]: Added the following features to the biome [biomesoplenty:jade_cliffs]: 
	- iceandfire:silver_ore
	- iceandfire:pixie_village
[30Jul2025 14:46:27.621] [Server thread/DEBUG] [com.github.alexthe666.iceandfire.IceAndFire/]: Added the following features to the biome [minecraft:jagged_peaks]: 
	- iceandfire:frost_lily
	- iceandfire:silver_ore
	- iceandfire:sapphire_ore
	- iceandfire:ice_dragon_roost
	- iceandfire:ice_dragon_cave
	- iceandfire:spawn_dragon_skeleton_ice
[30Jul2025 14:46:27.622] [Server thread/DEBUG] [com.github.alexthe666.iceandfire.IceAndFire/]: Added the following features to the biome [minecraft:jungle]: 
	- iceandfire:fire_lily
	- iceandfire:silver_ore
	- iceandfire:lightning_dragon_roost
	- iceandfire:lightning_dragon_cave
	- iceandfire:myrmex_hive_jungle
[30Jul2025 14:46:27.623] [Server thread/DEBUG] [com.github.alexthe666.iceandfire.IceAndFire/]: Added the following features to the biome [biomesoplenty:lavender_field]: 
	- iceandfire:silver_ore
	- iceandfire:fire_dragon_roost
	- iceandfire:fire_dragon_cave
	- iceandfire:spawn_wandering_cyclops
[30Jul2025 14:46:27.623] [Server thread/DEBUG] [com.github.alexthe666.iceandfire.IceAndFire/]: Added the following features to the biome [minecraft:lukewarm_ocean]: 
	- iceandfire:silver_ore
	- iceandfire:siren_island
	- iceandfire:spawn_hippocampus
	- iceandfire:spawn_sea_serpent
[30Jul2025 14:46:27.624] [Server thread/DEBUG] [com.github.alexthe666.iceandfire.IceAndFire/]: Added the following features to the biome [minecraft:lush_caves]: 
	- iceandfire:silver_ore
[30Jul2025 14:46:27.625] [Server thread/DEBUG] [com.github.alexthe666.iceandfire.IceAndFire/]: Added the following features to the biome [biomesoplenty:lush_desert]: 
	- iceandfire:fire_lily
	- iceandfire:silver_ore
	- iceandfire:fire_dragon_roost
	- iceandfire:fire_dragon_cave
[30Jul2025 14:46:27.625] [Server thread/DEBUG] [com.github.alexthe666.iceandfire.IceAndFire/]: Added the following features to the biome [biomesoplenty:lush_savanna]: 
	- iceandfire:fire_lily
	- iceandfire:lightning_lily
	- iceandfire:silver_ore
	- iceandfire:lightning_dragon_roost
	- iceandfire:lightning_dragon_cave
	- iceandfire:spawn_wandering_cyclops
	- iceandfire:spawn_dragon_skeleton_lightning
[30Jul2025 14:46:27.626] [Server thread/DEBUG] [com.github.alexthe666.iceandfire.IceAndFire/]: Added the following features to the biome [minecraft:mangrove_swamp]: 
	- iceandfire:fire_lily
	- iceandfire:silver_ore
	- iceandfire:fire_dragon_roost
	- iceandfire:fire_dragon_cave
	- iceandfire:hydra_cave
	- iceandfire:spawn_stymphalian_bird
[30Jul2025 14:46:27.627] [Server thread/DEBUG] [com.github.alexthe666.iceandfire.IceAndFire/]: Added the following features to the biome [biomesoplenty:maple_woods]: 
	- iceandfire:silver_ore
	- iceandfire:ice_dragon_roost
	- iceandfire:ice_dragon_cave
[30Jul2025 14:46:27.627] [Server thread/DEBUG] [com.github.alexthe666.iceandfire.IceAndFire/]: Added the following features to the biome [biomesoplenty:marsh]: 
	- iceandfire:silver_ore
	- iceandfire:hydra_cave
	- iceandfire:spawn_stymphalian_bird
[30Jul2025 14:46:27.628] [Server thread/DEBUG] [com.github.alexthe666.iceandfire.IceAndFire/]: Added the following features to the biome [minecraft:meadow]: 
	- iceandfire:silver_ore
	- iceandfire:fire_dragon_roost
	- iceandfire:fire_dragon_cave
	- iceandfire:spawn_wandering_cyclops
[30Jul2025 14:46:27.629] [Server thread/DEBUG] [com.github.alexthe666.iceandfire.IceAndFire/]: Added the following features to the biome [biomesoplenty:mediterranean_forest]: 
	- iceandfire:silver_ore
[30Jul2025 14:46:27.629] [Server thread/DEBUG] [com.github.alexthe666.iceandfire.IceAndFire/]: Added the following features to the biome [biomesoplenty:moor]: 
	- iceandfire:silver_ore
	- iceandfire:hydra_cave
	- iceandfire:spawn_stymphalian_bird
[30Jul2025 14:46:27.630] [Server thread/DEBUG] [com.github.alexthe666.iceandfire.IceAndFire/]: Added the following features to the biome [minecraft:mushroom_fields]: 
	- iceandfire:silver_ore
[30Jul2025 14:46:27.630] [Server thread/DEBUG] [com.github.alexthe666.iceandfire.IceAndFire/]: Added the following features to the biome [biomesoplenty:muskeg]: 
	- iceandfire:silver_ore
	- iceandfire:ice_dragon_roost
	- iceandfire:ice_dragon_cave
	- iceandfire:hydra_cave
	- iceandfire:spawn_stymphalian_bird
[30Jul2025 14:46:27.631] [Server thread/DEBUG] [com.github.alexthe666.iceandfire.IceAndFire/]: Added the following features to the biome [biomesoplenty:mystic_grove]: 
	- iceandfire:silver_ore
	- iceandfire:pixie_village
[30Jul2025 14:46:27.632] [Server thread/DEBUG] [com.github.alexthe666.iceandfire.IceAndFire/]: Added the following features to the biome [minecraft:ocean]: 
	- iceandfire:silver_ore
	- iceandfire:siren_island
	- iceandfire:spawn_hippocampus
	- iceandfire:spawn_sea_serpent
[30Jul2025 14:46:27.632] [Server thread/DEBUG] [com.github.alexthe666.iceandfire.IceAndFire/]: Added the following features to the biome [minecraft:old_growth_birch_forest]: 
	- iceandfire:silver_ore
	- iceandfire:pixie_village
[30Jul2025 14:46:27.633] [Server thread/DEBUG] [com.github.alexthe666.iceandfire.IceAndFire/]: Added the following features to the biome [biomesoplenty:old_growth_dead_forest]: 
	- iceandfire:silver_ore
	- iceandfire:ice_dragon_roost
	- iceandfire:ice_dragon_cave
[30Jul2025 14:46:27.634] [Server thread/DEBUG] [com.github.alexthe666.iceandfire.IceAndFire/]: Added the following features to the biome [minecraft:old_growth_pine_taiga]: 
	- iceandfire:silver_ore
	- iceandfire:ice_dragon_roost
	- iceandfire:ice_dragon_cave
[30Jul2025 14:46:27.634] [Server thread/DEBUG] [com.github.alexthe666.iceandfire.IceAndFire/]: Added the following features to the biome [minecraft:old_growth_spruce_taiga]: 
	- iceandfire:silver_ore
[30Jul2025 14:46:27.635] [Server thread/DEBUG] [com.github.alexthe666.iceandfire.IceAndFire/]: Added the following features to the biome [biomesoplenty:old_growth_woodland]: 
	- iceandfire:silver_ore
[30Jul2025 14:46:27.635] [Server thread/DEBUG] [com.github.alexthe666.iceandfire.IceAndFire/]: Added the following features to the biome [biomesoplenty:ominous_woods]: 
	- iceandfire:silver_ore
	- iceandfire:ice_dragon_roost
	- iceandfire:ice_dragon_cave
[30Jul2025 14:46:27.636] [Server thread/DEBUG] [com.github.alexthe666.iceandfire.IceAndFire/]: Added the following features to the biome [biomesoplenty:orchard]: 
	- iceandfire:silver_ore
	- iceandfire:spawn_wandering_cyclops
[30Jul2025 14:46:27.637] [Server thread/DEBUG] [com.github.alexthe666.iceandfire.IceAndFire/]: Added the following features to the biome [biomesoplenty:origin_valley]: 
	- iceandfire:silver_ore
[30Jul2025 14:46:27.637] [Server thread/DEBUG] [com.github.alexthe666.iceandfire.IceAndFire/]: Added the following features to the biome [biomesoplenty:overgrown_greens]: 
	- iceandfire:silver_ore
	- iceandfire:spawn_wandering_cyclops
[30Jul2025 14:46:27.638] [Server thread/DEBUG] [com.github.alexthe666.iceandfire.IceAndFire/]: Added the following features to the biome [biomesoplenty:pasture]: 
	- iceandfire:silver_ore
	- iceandfire:fire_dragon_roost
	- iceandfire:fire_dragon_cave
	- iceandfire:spawn_wandering_cyclops
[30Jul2025 14:46:27.638] [Server thread/DEBUG] [com.github.alexthe666.iceandfire.IceAndFire/]: Added the following features to the biome [minecraft:plains]: 
	- iceandfire:silver_ore
	- iceandfire:fire_dragon_roost
	- iceandfire:fire_dragon_cave
	- iceandfire:spawn_wandering_cyclops
[30Jul2025 14:46:27.640] [Server thread/DEBUG] [com.github.alexthe666.iceandfire.IceAndFire/]: Added the following features to the biome [biomesoplenty:prairie]: 
	- iceandfire:silver_ore
	- iceandfire:fire_dragon_roost
	- iceandfire:fire_dragon_cave
	- iceandfire:spawn_wandering_cyclops
[30Jul2025 14:46:27.640] [Server thread/DEBUG] [com.github.alexthe666.iceandfire.IceAndFire/]: Added the following features to the biome [biomesoplenty:pumpkin_patch]: 
	- iceandfire:silver_ore
[30Jul2025 14:46:27.641] [Server thread/DEBUG] [com.github.alexthe666.iceandfire.IceAndFire/]: Added the following features to the biome [biomesoplenty:rainforest]: 
	- iceandfire:fire_lily
	- iceandfire:silver_ore
	- iceandfire:lightning_dragon_roost
	- iceandfire:lightning_dragon_cave
	- iceandfire:myrmex_hive_jungle
[30Jul2025 14:46:27.642] [Server thread/DEBUG] [com.github.alexthe666.iceandfire.IceAndFire/]: Added the following features to the biome [biomesoplenty:redwood_forest]: 
	- iceandfire:silver_ore
	- iceandfire:pixie_village
[30Jul2025 14:46:27.642] [Server thread/DEBUG] [com.github.alexthe666.iceandfire.IceAndFire/]: Added the following features to the biome [minecraft:river]: 
	- iceandfire:silver_ore
[30Jul2025 14:46:27.643] [Server thread/DEBUG] [com.github.alexthe666.iceandfire.IceAndFire/]: Added the following features to the biome [biomesoplenty:rocky_rainforest]: 
	- iceandfire:fire_lily
	- iceandfire:silver_ore
	- iceandfire:lightning_dragon_roost
	- iceandfire:lightning_dragon_cave
	- iceandfire:myrmex_hive_jungle
[30Jul2025 14:46:27.643] [Server thread/DEBUG] [com.github.alexthe666.iceandfire.IceAndFire/]: Added the following features to the biome [biomesoplenty:rocky_shrubland]: 
	- iceandfire:silver_ore
	- iceandfire:fire_dragon_roost
	- iceandfire:fire_dragon_cave
	- iceandfire:spawn_wandering_cyclops
[30Jul2025 14:46:27.644] [Server thread/DEBUG] [com.github.alexthe666.iceandfire.IceAndFire/]: Added the following features to the biome [minecraft:savanna]: 
	- iceandfire:fire_lily
	- iceandfire:lightning_lily
	- iceandfire:silver_ore
	- iceandfire:lightning_dragon_roost
	- iceandfire:lightning_dragon_cave
	- iceandfire:spawn_dragon_skeleton_lightning
[30Jul2025 14:46:27.645] [Server thread/DEBUG] [com.github.alexthe666.iceandfire.IceAndFire/]: Added the following features to the biome [minecraft:savanna_plateau]: 
	- iceandfire:fire_lily
	- iceandfire:lightning_lily
	- iceandfire:silver_ore
	- iceandfire:lightning_dragon_roost
	- iceandfire:lightning_dragon_cave
	- iceandfire:spawn_dragon_skeleton_lightning
[30Jul2025 14:46:27.645] [Server thread/DEBUG] [com.github.alexthe666.iceandfire.IceAndFire/]: Added the following features to the biome [biomesoplenty:scrubland]: 
	- iceandfire:fire_lily
	- iceandfire:lightning_lily
	- iceandfire:silver_ore
	- iceandfire:lightning_dragon_roost
	- iceandfire:lightning_dragon_cave
	- iceandfire:spawn_dragon_skeleton_lightning
[30Jul2025 14:46:27.646] [Server thread/DEBUG] [com.github.alexthe666.iceandfire.IceAndFire/]: Added the following features to the biome [biomesoplenty:seasonal_forest]: 
	- iceandfire:silver_ore
[30Jul2025 14:46:27.646] [Server thread/DEBUG] [com.github.alexthe666.iceandfire.IceAndFire/]: Added the following features to the biome [biomesoplenty:shrubland]: 
	- iceandfire:silver_ore
	- iceandfire:fire_dragon_roost
	- iceandfire:fire_dragon_cave
	- iceandfire:spawn_wandering_cyclops
[30Jul2025 14:46:27.647] [Server thread/DEBUG] [com.github.alexthe666.iceandfire.IceAndFire/]: Added the following features to the biome [biomesoplenty:snowblossom_grove]: 
	- iceandfire:frost_lily
	- iceandfire:silver_ore
	- iceandfire:sapphire_ore
	- iceandfire:ice_dragon_roost
	- iceandfire:ice_dragon_cave
	- iceandfire:pixie_village
	- iceandfire:spawn_dragon_skeleton_ice
[30Jul2025 14:46:27.648] [Server thread/DEBUG] [com.github.alexthe666.iceandfire.IceAndFire/]: Added the following features to the biome [minecraft:snowy_beach]: 
	- iceandfire:frost_lily
	- iceandfire:silver_ore
	- iceandfire:sapphire_ore
	- iceandfire:ice_dragon_roost
	- iceandfire:ice_dragon_cave
	- iceandfire:cyclops_cave
	- iceandfire:spawn_dragon_skeleton_ice
[30Jul2025 14:46:27.648] [Server thread/DEBUG] [com.github.alexthe666.iceandfire.IceAndFire/]: Added the following features to the biome [biomesoplenty:snowy_coniferous_forest]: 
	- iceandfire:frost_lily
	- iceandfire:silver_ore
	- iceandfire:sapphire_ore
	- iceandfire:ice_dragon_roost
	- iceandfire:ice_dragon_cave
	- iceandfire:spawn_dragon_skeleton_ice
[30Jul2025 14:46:27.649] [Server thread/DEBUG] [com.github.alexthe666.iceandfire.IceAndFire/]: Added the following features to the biome [biomesoplenty:snowy_fir_clearing]: 
	- iceandfire:frost_lily
	- iceandfire:silver_ore
	- iceandfire:sapphire_ore
	- iceandfire:ice_dragon_roost
	- iceandfire:ice_dragon_cave
	- iceandfire:spawn_dragon_skeleton_ice
[30Jul2025 14:46:27.650] [Server thread/DEBUG] [com.github.alexthe666.iceandfire.IceAndFire/]: Added the following features to the biome [biomesoplenty:snowy_maple_woods]: 
	- iceandfire:frost_lily
	- iceandfire:silver_ore
	- iceandfire:sapphire_ore
	- iceandfire:ice_dragon_roost
	- iceandfire:ice_dragon_cave
	- iceandfire:spawn_dragon_skeleton_ice
[30Jul2025 14:46:27.650] [Server thread/DEBUG] [com.github.alexthe666.iceandfire.IceAndFire/]: Added the following features to the biome [minecraft:snowy_plains]: 
	- iceandfire:frost_lily
	- iceandfire:silver_ore
	- iceandfire:sapphire_ore
	- iceandfire:ice_dragon_roost
	- iceandfire:ice_dragon_cave
	- iceandfire:spawn_wandering_cyclops
	- iceandfire:spawn_dragon_skeleton_ice
[30Jul2025 14:46:27.651] [Server thread/DEBUG] [com.github.alexthe666.iceandfire.IceAndFire/]: Added the following features to the biome [minecraft:snowy_slopes]: 
	- iceandfire:frost_lily
	- iceandfire:silver_ore
	- iceandfire:sapphire_ore
	- iceandfire:ice_dragon_roost
	- iceandfire:ice_dragon_cave
	- iceandfire:spawn_dragon_skeleton_ice
[30Jul2025 14:46:27.652] [Server thread/DEBUG] [com.github.alexthe666.iceandfire.IceAndFire/]: Added the following features to the biome [minecraft:snowy_taiga]: 
	- iceandfire:frost_lily
	- iceandfire:silver_ore
	- iceandfire:sapphire_ore
	- iceandfire:ice_dragon_roost
	- iceandfire:ice_dragon_cave
	- iceandfire:spawn_dragon_skeleton_ice
[30Jul2025 14:46:27.653] [Server thread/DEBUG] [com.github.alexthe666.iceandfire.IceAndFire/]: Added the following features to the biome [minecraft:sparse_jungle]: 
	- iceandfire:fire_lily
	- iceandfire:silver_ore
	- iceandfire:lightning_dragon_roost
	- iceandfire:lightning_dragon_cave
	- iceandfire:myrmex_hive_jungle
[30Jul2025 14:46:27.653] [Server thread/DEBUG] [com.github.alexthe666.iceandfire.IceAndFire/]: Added the following features to the biome [biomesoplenty:spider_nest]: 
	- iceandfire:silver_ore
[30Jul2025 14:46:27.654] [Server thread/DEBUG] [com.github.alexthe666.iceandfire.IceAndFire/]: Added the following features to the biome [minecraft:stony_peaks]: 
	- iceandfire:fire_lily
	- iceandfire:silver_ore
	- iceandfire:fire_dragon_roost
	- iceandfire:fire_dragon_cave
[30Jul2025 14:46:27.654] [Server thread/DEBUG] [com.github.alexthe666.iceandfire.IceAndFire/]: Added the following features to the biome [minecraft:stony_shore]: 
	- iceandfire:silver_ore
[30Jul2025 14:46:27.655] [Server thread/DEBUG] [com.github.alexthe666.iceandfire.IceAndFire/]: Added the following features to the biome [minecraft:sunflower_plains]: 
	- iceandfire:silver_ore
	- iceandfire:fire_dragon_roost
	- iceandfire:fire_dragon_cave
	- iceandfire:spawn_wandering_cyclops
[30Jul2025 14:46:27.655] [Server thread/DEBUG] [com.github.alexthe666.iceandfire.IceAndFire/]: Added the following features to the biome [minecraft:swamp]: 
	- iceandfire:silver_ore
	- iceandfire:hydra_cave
	- iceandfire:spawn_stymphalian_bird
[30Jul2025 14:46:27.656] [Server thread/DEBUG] [com.github.alexthe666.iceandfire.IceAndFire/]: Added the following features to the biome [minecraft:taiga]: 
	- iceandfire:silver_ore
	- iceandfire:ice_dragon_roost
	- iceandfire:ice_dragon_cave
[30Jul2025 14:46:27.659] [Server thread/DEBUG] [com.github.alexthe666.iceandfire.IceAndFire/]: Added the following features to the biome [biomesoplenty:tropics]: 
	- iceandfire:fire_lily
	- iceandfire:silver_ore
	- iceandfire:fire_dragon_roost
	- iceandfire:fire_dragon_cave
[30Jul2025 14:46:27.662] [Server thread/DEBUG] [com.github.alexthe666.iceandfire.IceAndFire/]: Added the following features to the biome [biomesoplenty:tundra]: 
	- iceandfire:silver_ore
	- iceandfire:ice_dragon_roost
	- iceandfire:ice_dragon_cave
	- iceandfire:spawn_wandering_cyclops
[30Jul2025 14:46:27.669] [Server thread/DEBUG] [com.github.alexthe666.iceandfire.IceAndFire/]: Added the following features to the biome [biomesoplenty:volcanic_plains]: 
	- iceandfire:fire_lily
	- iceandfire:silver_ore
	- iceandfire:fire_dragon_roost
	- iceandfire:fire_dragon_cave
[30Jul2025 14:46:27.672] [Server thread/DEBUG] [com.github.alexthe666.iceandfire.IceAndFire/]: Added the following features to the biome [biomesoplenty:volcano]: 
	- iceandfire:fire_lily
	- iceandfire:silver_ore
	- iceandfire:fire_dragon_roost
	- iceandfire:fire_dragon_cave
[30Jul2025 14:46:27.673] [Server thread/DEBUG] [com.github.alexthe666.iceandfire.IceAndFire/]: Added the following features to the biome [minecraft:warm_ocean]: 
	- iceandfire:fire_lily
	- iceandfire:silver_ore
	- iceandfire:fire_dragon_roost
	- iceandfire:fire_dragon_cave
	- iceandfire:siren_island
	- iceandfire:spawn_hippocampus
	- iceandfire:spawn_sea_serpent
[30Jul2025 14:46:27.680] [Server thread/DEBUG] [com.github.alexthe666.iceandfire.IceAndFire/]: Added the following features to the biome [biomesoplenty:wasteland]: 
	- iceandfire:fire_lily
	- iceandfire:silver_ore
	- iceandfire:fire_dragon_roost
	- iceandfire:fire_dragon_cave
[30Jul2025 14:46:27.683] [Server thread/DEBUG] [com.github.alexthe666.iceandfire.IceAndFire/]: Added the following features to the biome [biomesoplenty:wasteland_steppe]: 
	- iceandfire:fire_lily
	- iceandfire:silver_ore
	- iceandfire:fire_dragon_roost
	- iceandfire:fire_dragon_cave
[30Jul2025 14:46:27.685] [Server thread/DEBUG] [com.github.alexthe666.iceandfire.IceAndFire/]: Added the following features to the biome [biomesoplenty:wetland]: 
	- iceandfire:silver_ore
	- iceandfire:hydra_cave
	- iceandfire:spawn_stymphalian_bird
[30Jul2025 14:46:27.686] [Server thread/DEBUG] [com.github.alexthe666.iceandfire.IceAndFire/]: Added the following features to the biome [minecraft:windswept_forest]: 
	- iceandfire:silver_ore
[30Jul2025 14:46:27.686] [Server thread/DEBUG] [com.github.alexthe666.iceandfire.IceAndFire/]: Added the following features to the biome [minecraft:windswept_gravelly_hills]: 
	- iceandfire:silver_ore
[30Jul2025 14:46:27.687] [Server thread/DEBUG] [com.github.alexthe666.iceandfire.IceAndFire/]: Added the following features to the biome [minecraft:windswept_hills]: 
	- iceandfire:silver_ore
[30Jul2025 14:46:27.688] [Server thread/DEBUG] [com.github.alexthe666.iceandfire.IceAndFire/]: Added the following features to the biome [minecraft:windswept_savanna]: 
	- iceandfire:fire_lily
	- iceandfire:lightning_lily
	- iceandfire:silver_ore
	- iceandfire:lightning_dragon_roost
	- iceandfire:lightning_dragon_cave
	- iceandfire:spawn_dragon_skeleton_lightning
[30Jul2025 14:46:27.689] [Server thread/DEBUG] [com.github.alexthe666.iceandfire.IceAndFire/]: Added the following features to the biome [biomesoplenty:wintry_origin_valley]: 
	- iceandfire:silver_ore
[30Jul2025 14:46:27.690] [Server thread/DEBUG] [com.github.alexthe666.iceandfire.IceAndFire/]: Added the following features to the biome [minecraft:wooded_badlands]: 
	- iceandfire:silver_ore
	- iceandfire:lightning_dragon_roost
	- iceandfire:lightning_dragon_cave
[30Jul2025 14:46:27.691] [Server thread/DEBUG] [com.github.alexthe666.iceandfire.IceAndFire/]: Added the following features to the biome [biomesoplenty:woodland]: 
	- iceandfire:silver_ore
[30Jul2025 14:46:27.696] [Server thread/INFO] [Framework/]: Loading server configs...
[30Jul2025 14:46:28.425] [Server thread/INFO] [terrablender/]: Initialized TerraBlender biomes for level stem minecraft:overworld
[30Jul2025 14:46:28.427] [Server thread/INFO] [terrablender/]: Initialized TerraBlender biomes for level stem minecraft:the_nether
[30Jul2025 14:46:28.429] [Server thread/INFO] [net.minecraft.server.dedicated.DedicatedServer/]: Preparing level "world"
[30Jul2025 14:46:28.434] [Server thread/DEBUG] [net.minecraftforge.coremod.transformer.CoreModBaseTransformer/COREMOD]: Transforming net/minecraft/world/level/levelgen/PhantomSpawner
[30Jul2025 14:46:28.441] [Server thread/DEBUG] [net.minecraftforge.coremod.transformer.CoreModBaseTransformer/COREMOD]: Transforming net/minecraft/world/level/levelgen/PatrolSpawner
[30Jul2025 14:46:28.448] [Server thread/DEBUG] [net.minecraftforge.coremod.transformer.CoreModBaseTransformer/COREMOD]: Transforming net/minecraft/world/entity/npc/CatSpawner
[30Jul2025 14:46:28.454] [Server thread/DEBUG] [net.minecraftforge.coremod.transformer.CoreModBaseTransformer/COREMOD]: Transforming net/minecraft/world/entity/ai/village/VillageSiege
[30Jul2025 14:46:34.303] [Server thread/INFO] [net.minecraft.server.MinecraftServer/]: Preparing start region for dimension minecraft:overworld
[30Jul2025 14:46:36.388] [Server thread/DEBUG] [net.minecraftforge.coremod.transformer.CoreModBaseTransformer/COREMOD]: Transforming net/minecraft/world/level/levelgen/structure/templatesystem/StructureTemplate
[30Jul2025 14:46:36.419] [Server thread/DEBUG] [mixin/]: Mixing world.StructureTemplateAccessor from the_bumblezone-common.mixins.json into net.minecraft.world.level.levelgen.structure.templatesystem.StructureTemplate
[30Jul2025 14:46:36.419] [Server thread/DEBUG] [mixin/]: Mixing world.StructureTemplateMixin from the_bumblezone-common.mixins.json into net.minecraft.world.level.levelgen.structure.templatesystem.StructureTemplate
[30Jul2025 14:46:36.420] [Server thread/DEBUG] [mixin/]: Renaming synthetic method lambda$bumblezone$preventAutoWaterlogging$0(Lnet/minecraft/world/level/levelgen/structure/templatesystem/StructureProcessor;)Z to mdac7087$lambda$bumblezone$preventAutoWaterlogging$0$0 in the_bumblezone-common.mixins.json:world.StructureTemplateMixin
[30Jul2025 14:46:38.540] [Worker-Main-2/INFO] [net.minecraft.server.level.progress.LoggerChunkProgressListener/]: Preparing spawn area: 0%
[30Jul2025 14:46:38.599] [Worker-Main-3/INFO] [net.minecraft.server.level.progress.LoggerChunkProgressListener/]: Preparing spawn area: 0%
[30Jul2025 14:46:38.625] [Worker-Main-3/INFO] [net.minecraft.server.level.progress.LoggerChunkProgressListener/]: Preparing spawn area: 0%
[30Jul2025 14:46:38.657] [Worker-Main-3/INFO] [net.minecraft.server.level.progress.LoggerChunkProgressListener/]: Preparing spawn area: 0%
[30Jul2025 14:46:38.690] [Worker-Main-2/INFO] [net.minecraft.server.level.progress.LoggerChunkProgressListener/]: Preparing spawn area: 0%
[30Jul2025 14:46:38.719] [Worker-Main-2/INFO] [net.minecraft.server.level.progress.LoggerChunkProgressListener/]: Preparing spawn area: 0%
[30Jul2025 14:46:38.729] [Worker-Main-1/INFO] [net.minecraft.server.level.progress.LoggerChunkProgressListener/]: Preparing spawn area: 0%
[30Jul2025 14:46:38.754] [Worker-Main-2/INFO] [net.minecraft.server.level.progress.LoggerChunkProgressListener/]: Preparing spawn area: 0%
[30Jul2025 14:46:38.781] [Worker-Main-1/INFO] [net.minecraft.server.level.progress.LoggerChunkProgressListener/]: Preparing spawn area: 0%
[30Jul2025 14:46:38.827] [Worker-Main-3/INFO] [net.minecraft.server.level.progress.LoggerChunkProgressListener/]: Preparing spawn area: 0%
[30Jul2025 14:46:39.305] [Worker-Main-3/INFO] [net.minecraft.server.level.progress.LoggerChunkProgressListener/]: Preparing spawn area: 0%
[30Jul2025 14:46:39.805] [Worker-Main-2/INFO] [net.minecraft.server.level.progress.LoggerChunkProgressListener/]: Preparing spawn area: 58%
[30Jul2025 14:46:40.001] [Server thread/DEBUG] [mixin/]: Mixing entities.AmphibiousNodeEvaluatorMixin from the_bumblezone-common.mixins.json into net.minecraft.world.level.pathfinder.AmphibiousNodeEvaluator
[30Jul2025 14:46:40.057] [Server thread/INFO] [net.minecraft.server.level.progress.LoggerChunkProgressListener/]: Time elapsed: 5752 ms
[30Jul2025 14:46:40.057] [Server thread/INFO] [net.minecraft.server.dedicated.DedicatedServer/]: Done (12.560s)! For help, type "help"
[30Jul2025 14:46:40.067] [Server thread/DEBUG] [net.minecraftforge.network.DualStackUtils/]: Detected IPv6 address: "0:0:0:0:0:0:0:0"
[30Jul2025 14:46:40.088] [Server thread/DEBUG] [net.minecraftforge.common.ForgeI18n/CORE]: Loading I18N data entries: 5992
[30Jul2025 14:46:40.091] [Server thread/INFO] [net.minecraftforge.server.permission.PermissionAPI/]: Successfully initialized permission handler forge:default_handler
[30Jul2025 14:46:40.100] [Server thread/INFO] [com.github.alexthe666.iceandfire.IceAndFire/]: {iceandfire:fire_dragon_roost=true, iceandfire:fire_lily=true, iceandfire:spawn_dragon_skeleton_fire=true, iceandfire:lightning_dragon_roost=true, iceandfire:spawn_dragon_skeleton_lightning=true, iceandfire:ice_dragon_roost=true, iceandfire:ice_dragon_cave=true, iceandfire:lightning_dragon_cave=true, iceandfire:cyclops_cave=true, iceandfire:spawn_wandering_cyclops=true, iceandfire:spawn_sea_serpent=true, iceandfire:frost_lily=true, iceandfire:hydra_cave=true, iceandfire:lightning_lily=true, iceandfire:pixie_village=true, iceandfire:myrmex_hive_jungle=true, iceandfire:myrmex_hive_desert=true, iceandfire:silver_ore=true, iceandfire:siren_island=true, iceandfire:spawn_dragon_skeleton_ice=true, iceandfire:spawn_stymphalian_bird=true, iceandfire:fire_dragon_cave=true, iceandfire:sapphire_ore=true, iceandfire:spawn_hippocampus=true, iceandfire:spawn_death_worm=true}
[30Jul2025 14:46:40.101] [Server thread/INFO] [com.github.alexthe666.iceandfire.IceAndFire/]: {TROLL_S=true, HIPPOGRYPH=true, AMPHITHERE=true, COCKATRICE=true, TROLL_M=true, DREAD_LICH=true, TROLL_F=true}
[30Jul2025 14:46:40.160] [Server thread/DEBUG] [io.netty.buffer.AbstractByteBuf/]: -Dio.netty.buffer.checkAccessible: true
[30Jul2025 14:46:40.160] [Server thread/DEBUG] [io.netty.buffer.AbstractByteBuf/]: -Dio.netty.buffer.checkBounds: true
[30Jul2025 14:46:40.161] [Server thread/DEBUG] [io.netty.util.ResourceLeakDetectorFactory/]: Loaded default ResourceLeakDetector: io.netty.util.ResourceLeakDetector@1b121c7
[30Jul2025 14:46:40.194] [Server thread/DEBUG] [net.minecraftforge.coremod.transformer.CoreModBaseTransformer/COREMOD]: Transforming net/minecraft/world/level/NaturalSpawner
[30Jul2025 14:46:40.213] [Server thread/DEBUG] [mixin/]: Mixing entities.MobSpawnLocationMixin from the_bumblezone-common.mixins.json into net.minecraft.world.level.NaturalSpawner
[30Jul2025 14:47:11.299] [Netty Epoll Server IO #1/DEBUG] [net.minecraftforge.coremod.transformer.CoreModBaseTransformer/COREMOD]: Transforming net/minecraft/network/protocol/game/ClientboundSectionBlocksUpdatePacket
[30Jul2025 14:47:11.489] [Netty Epoll Server IO #1/DEBUG] [io.netty.util.Recycler/]: -Dio.netty.recycler.maxCapacityPerThread: 4096
[30Jul2025 14:47:11.489] [Netty Epoll Server IO #1/DEBUG] [io.netty.util.Recycler/]: -Dio.netty.recycler.ratio: 8
[30Jul2025 14:47:11.489] [Netty Epoll Server IO #1/DEBUG] [io.netty.util.Recycler/]: -Dio.netty.recycler.chunkSize: 32
[30Jul2025 14:47:11.490] [Netty Epoll Server IO #1/DEBUG] [io.netty.util.Recycler/]: -Dio.netty.recycler.blocking: false
[30Jul2025 14:47:11.550] [Netty Epoll Server IO #1/DEBUG] [net.minecraftforge.network.HandshakeHandler/FMLHANDSHAKE]: Starting new modded impl connection. Found 25 messages to dispatch.
[30Jul2025 14:47:11.602] [Server thread/DEBUG] [net.minecraftforge.network.HandshakeHandler/FMLHANDSHAKE]: Sending ticking packet info 'net.minecraftforge.network.HandshakeMessages$S2CModData' to 'fml:handshake' sequence 0
[30Jul2025 14:47:11.652] [Server thread/DEBUG] [net.minecraftforge.network.HandshakeHandler/FMLHANDSHAKE]: Sending ticking packet info 'net.minecraftforge.network.HandshakeMessages$S2CModList' to 'fml:handshake' sequence 1
[30Jul2025 14:47:11.702] [Server thread/DEBUG] [net.minecraftforge.network.HandshakeHandler/FMLHANDSHAKE]: Sending ticking packet info 'Registry minecraft:command_argument_type' to 'fml:handshake' sequence 2
[30Jul2025 14:47:11.752] [Server thread/DEBUG] [net.minecraftforge.network.HandshakeHandler/FMLHANDSHAKE]: Sending ticking packet info 'Registry minecraft:recipe_serializer' to 'fml:handshake' sequence 3
[30Jul2025 14:47:11.781] [Netty Epoll Server IO #1/DEBUG] [net.minecraftforge.network.LoginWrapper/FMLHANDSHAKE]: Recieved login wrapper packet event for channel fml:handshake with index 1
[30Jul2025 14:47:11.783] [Netty Epoll Server IO #1/DEBUG] [net.minecraftforge.network.HandshakeHandler/FMLHANDSHAKE]: Received client indexed reply 1 of type net.minecraftforge.network.HandshakeMessages$C2SModListReply
[30Jul2025 14:47:11.783] [Netty Epoll Server IO #1/DEBUG] [net.minecraftforge.network.HandshakeHandler/FMLHANDSHAKE]: Received client connection with modlist [minecraft, mr_dungeons_andtaverns, mixinextras, terrablender, glitchcore, biomesoplenty, jade, explorify, easymagic, jei, puzzleslib, carryon, the_bumblezone, framework, puzzlesaccessapi, forge, pfm, curios, xaerominimap, athena, citadel, alexsmobs, iceandfire, essential]
[30Jul2025 14:47:11.784] [Netty Epoll Server IO #1/DEBUG] [net.minecraftforge.network.NetworkRegistry/NETREGISTRY]: Channel 'fml:loginwrapper' : Version test of 'FML3' from client : ACCEPTED
[30Jul2025 14:47:11.784] [Netty Epoll Server IO #1/DEBUG] [net.minecraftforge.network.NetworkRegistry/NETREGISTRY]: Channel 'forge:tier_sorting' : Version test of '1.0' from client : ACCEPTED
[30Jul2025 14:47:11.784] [Netty Epoll Server IO #1/DEBUG] [net.minecraftforge.network.NetworkRegistry/NETREGISTRY]: Channel 'the_bumblezone:networking' : Version test of '7.6.11+1.20.1-forge' from client : ACCEPTED
[30Jul2025 14:47:11.785] [Netty Epoll Server IO #1/DEBUG] [net.minecraftforge.network.NetworkRegistry/NETREGISTRY]: Channel 'alexsmobs:main_channel' : Version test of '1' from client : ACCEPTED
[30Jul2025 14:47:11.785] [Netty Epoll Server IO #1/DEBUG] [net.minecraftforge.network.NetworkRegistry/NETREGISTRY]: Channel 'pfm:main_channel' : Version test of '1' from client : ACCEPTED
[30Jul2025 14:47:11.785] [Netty Epoll Server IO #1/DEBUG] [net.minecraftforge.network.NetworkRegistry/NETREGISTRY]: Channel 'jei:channel' : Version test of '1.0.0' from client : ACCEPTED
[30Jul2025 14:47:11.785] [Netty Epoll Server IO #1/DEBUG] [net.minecraftforge.network.NetworkRegistry/NETREGISTRY]: Channel 'carryon:carryonpackets' : Version test of '1.0' from client : ACCEPTED
[30Jul2025 14:47:11.785] [Netty Epoll Server IO #1/DEBUG] [net.minecraftforge.network.NetworkRegistry/NETREGISTRY]: Channel 'minecraft:unregister' : Version test of 'FML3' from client : ACCEPTED
[30Jul2025 14:47:11.785] [Netty Epoll Server IO #1/DEBUG] [net.minecraftforge.network.NetworkRegistry/NETREGISTRY]: Channel 'fml:play' : Version test of 'FML3' from client : ACCEPTED
[30Jul2025 14:47:11.785] [Netty Epoll Server IO #1/DEBUG] [net.minecraftforge.network.NetworkRegistry/NETREGISTRY]: Channel 'xaerominimap:main' : Version test of '1.0' from client : ACCEPTED
[30Jul2025 14:47:11.785] [Netty Epoll Server IO #1/DEBUG] [net.minecraftforge.network.NetworkRegistry/NETREGISTRY]: Channel 'puzzleslib:1' : Version test of '1' from client : ACCEPTED
[30Jul2025 14:47:11.785] [Netty Epoll Server IO #1/DEBUG] [net.minecraftforge.network.NetworkRegistry/NETREGISTRY]: Channel 'citadel:main_channel' : Version test of '1' from client : ACCEPTED
[30Jul2025 14:47:11.785] [Netty Epoll Server IO #1/DEBUG] [net.minecraftforge.network.NetworkRegistry/NETREGISTRY]: Channel 'easymagic:1' : Version test of '1' from client : ACCEPTED
[30Jul2025 14:47:11.785] [Netty Epoll Server IO #1/DEBUG] [net.minecraftforge.network.NetworkRegistry/NETREGISTRY]: Channel 'iceandfire:main_channel' : Version test of '1' from client : ACCEPTED
[30Jul2025 14:47:11.785] [Netty Epoll Server IO #1/DEBUG] [net.minecraftforge.network.NetworkRegistry/NETREGISTRY]: Channel 'framework:play' : Version test of '1' from client : ACCEPTED
[30Jul2025 14:47:11.785] [Netty Epoll Server IO #1/DEBUG] [net.minecraftforge.network.NetworkRegistry/NETREGISTRY]: Channel 'fml:handshake' : Version test of 'FML3' from client : ACCEPTED
[30Jul2025 14:47:11.785] [Netty Epoll Server IO #1/DEBUG] [net.minecraftforge.network.NetworkRegistry/NETREGISTRY]: Channel 'curios:main' : Version test of '1' from client : ACCEPTED
[30Jul2025 14:47:11.785] [Netty Epoll Server IO #1/DEBUG] [net.minecraftforge.network.NetworkRegistry/NETREGISTRY]: Channel 'minecraft:register' : Version test of 'FML3' from client : ACCEPTED
[30Jul2025 14:47:11.785] [Netty Epoll Server IO #1/DEBUG] [net.minecraftforge.network.NetworkRegistry/NETREGISTRY]: Channel 'forge:split' : Version test of '1.1' from client : ACCEPTED
[30Jul2025 14:47:11.785] [Netty Epoll Server IO #1/DEBUG] [net.minecraftforge.network.NetworkRegistry/NETREGISTRY]: Channel 'jade:networking' : Version test of '2' from client : ACCEPTED
[30Jul2025 14:47:11.785] [Netty Epoll Server IO #1/DEBUG] [net.minecraftforge.network.NetworkRegistry/NETREGISTRY]: Channel 'framework:handshake' : Version test of '1' from client : ACCEPTED
[30Jul2025 14:47:11.785] [Netty Epoll Server IO #1/DEBUG] [net.minecraftforge.network.NetworkRegistry/NETREGISTRY]: Accepting channel list from client
[30Jul2025 14:47:11.786] [Netty Epoll Server IO #1/DEBUG] [net.minecraftforge.network.HandshakeHandler/FMLHANDSHAKE]: Accepted client connection mod list
[30Jul2025 14:47:11.788] [Netty Epoll Server IO #1/DEBUG] [net.minecraftforge.network.LoginWrapper/FMLHANDSHAKE]: Recieved login wrapper packet event for channel fml:handshake with index 2
[30Jul2025 14:47:11.788] [Netty Epoll Server IO #1/DEBUG] [net.minecraftforge.network.HandshakeHandler/FMLHANDSHAKE]: Received client indexed reply 2 of type net.minecraftforge.network.HandshakeMessages$C2SAcknowledge
[30Jul2025 14:47:11.789] [Netty Epoll Server IO #1/DEBUG] [net.minecraftforge.network.HandshakeHandler/FMLHANDSHAKE]: Received acknowledgement from client
[30Jul2025 14:47:11.802] [Server thread/DEBUG] [net.minecraftforge.network.HandshakeHandler/FMLHANDSHAKE]: Sending ticking packet info 'Registry minecraft:sound_event' to 'fml:handshake' sequence 4
[30Jul2025 14:47:11.847] [Netty Epoll Server IO #1/DEBUG] [net.minecraftforge.network.LoginWrapper/FMLHANDSHAKE]: Recieved login wrapper packet event for channel fml:handshake with index 3
[30Jul2025 14:47:11.847] [Netty Epoll Server IO #1/DEBUG] [net.minecraftforge.network.HandshakeHandler/FMLHANDSHAKE]: Received client indexed reply 3 of type net.minecraftforge.network.HandshakeMessages$C2SAcknowledge
[30Jul2025 14:47:11.847] [Netty Epoll Server IO #1/DEBUG] [net.minecraftforge.network.HandshakeHandler/FMLHANDSHAKE]: Received acknowledgement from client
[30Jul2025 14:47:11.852] [Server thread/DEBUG] [net.minecraftforge.network.HandshakeHandler/FMLHANDSHAKE]: Sending ticking packet info 'Registry minecraft:particle_type' to 'fml:handshake' sequence 5
[30Jul2025 14:47:11.902] [Server thread/DEBUG] [net.minecraftforge.network.HandshakeHandler/FMLHANDSHAKE]: Sending ticking packet info 'Registry minecraft:villager_profession' to 'fml:handshake' sequence 6
[30Jul2025 14:47:11.952] [Server thread/DEBUG] [net.minecraftforge.network.HandshakeHandler/FMLHANDSHAKE]: Sending ticking packet info 'Registry minecraft:item' to 'fml:handshake' sequence 7
[30Jul2025 14:47:12.002] [Server thread/DEBUG] [net.minecraftforge.network.HandshakeHandler/FMLHANDSHAKE]: Sending ticking packet info 'Registry minecraft:potion' to 'fml:handshake' sequence 8
[30Jul2025 14:47:12.019] [Netty Epoll Server IO #1/DEBUG] [net.minecraftforge.network.LoginWrapper/FMLHANDSHAKE]: Recieved login wrapper packet event for channel fml:handshake with index 4
[30Jul2025 14:47:12.019] [Netty Epoll Server IO #1/DEBUG] [net.minecraftforge.network.HandshakeHandler/FMLHANDSHAKE]: Received client indexed reply 4 of type net.minecraftforge.network.HandshakeMessages$C2SAcknowledge
[30Jul2025 14:47:12.020] [Netty Epoll Server IO #1/DEBUG] [net.minecraftforge.network.HandshakeHandler/FMLHANDSHAKE]: Received acknowledgement from client
[30Jul2025 14:47:12.053] [Server thread/DEBUG] [net.minecraftforge.network.HandshakeHandler/FMLHANDSHAKE]: Sending ticking packet info 'Registry minecraft:painting_variant' to 'fml:handshake' sequence 9
[30Jul2025 14:47:12.053] [Netty Epoll Server IO #1/DEBUG] [net.minecraftforge.network.LoginWrapper/FMLHANDSHAKE]: Recieved login wrapper packet event for channel fml:handshake with index 5
[30Jul2025 14:47:12.053] [Netty Epoll Server IO #1/DEBUG] [net.minecraftforge.network.HandshakeHandler/FMLHANDSHAKE]: Received client indexed reply 5 of type net.minecraftforge.network.HandshakeMessages$C2SAcknowledge
[30Jul2025 14:47:12.053] [Netty Epoll Server IO #1/DEBUG] [net.minecraftforge.network.HandshakeHandler/FMLHANDSHAKE]: Received acknowledgement from client
[30Jul2025 14:47:12.054] [Netty Epoll Server IO #1/DEBUG] [net.minecraftforge.network.LoginWrapper/FMLHANDSHAKE]: Recieved login wrapper packet event for channel fml:handshake with index 6
[30Jul2025 14:47:12.054] [Netty Epoll Server IO #1/DEBUG] [net.minecraftforge.network.HandshakeHandler/FMLHANDSHAKE]: Received client indexed reply 6 of type net.minecraftforge.network.HandshakeMessages$C2SAcknowledge
[30Jul2025 14:47:12.054] [Netty Epoll Server IO #1/DEBUG] [net.minecraftforge.network.HandshakeHandler/FMLHANDSHAKE]: Received acknowledgement from client
[30Jul2025 14:47:12.102] [Server thread/DEBUG] [net.minecraftforge.network.HandshakeHandler/FMLHANDSHAKE]: Sending ticking packet info 'Registry forge:fluid_type' to 'fml:handshake' sequence 10
[30Jul2025 14:47:12.152] [Server thread/DEBUG] [net.minecraftforge.network.HandshakeHandler/FMLHANDSHAKE]: Sending ticking packet info 'Registry minecraft:block_entity_type' to 'fml:handshake' sequence 11
[30Jul2025 14:47:12.171] [Netty Epoll Server IO #1/DEBUG] [net.minecraftforge.network.LoginWrapper/FMLHANDSHAKE]: Recieved login wrapper packet event for channel fml:handshake with index 7
[30Jul2025 14:47:12.171] [Netty Epoll Server IO #1/DEBUG] [net.minecraftforge.network.HandshakeHandler/FMLHANDSHAKE]: Received client indexed reply 7 of type net.minecraftforge.network.HandshakeMessages$C2SAcknowledge
[30Jul2025 14:47:12.172] [Netty Epoll Server IO #1/DEBUG] [net.minecraftforge.network.HandshakeHandler/FMLHANDSHAKE]: Received acknowledgement from client
[30Jul2025 14:47:12.172] [Netty Epoll Server IO #1/DEBUG] [net.minecraftforge.network.LoginWrapper/FMLHANDSHAKE]: Recieved login wrapper packet event for channel fml:handshake with index 8
[30Jul2025 14:47:12.172] [Netty Epoll Server IO #1/DEBUG] [net.minecraftforge.network.HandshakeHandler/FMLHANDSHAKE]: Received client indexed reply 8 of type net.minecraftforge.network.HandshakeMessages$C2SAcknowledge
[30Jul2025 14:47:12.172] [Netty Epoll Server IO #1/DEBUG] [net.minecraftforge.network.HandshakeHandler/FMLHANDSHAKE]: Received acknowledgement from client
[30Jul2025 14:47:12.172] [Netty Epoll Server IO #1/DEBUG] [net.minecraftforge.network.LoginWrapper/FMLHANDSHAKE]: Recieved login wrapper packet event for channel fml:handshake with index 9
[30Jul2025 14:47:12.172] [Netty Epoll Server IO #1/DEBUG] [net.minecraftforge.network.HandshakeHandler/FMLHANDSHAKE]: Received client indexed reply 9 of type net.minecraftforge.network.HandshakeMessages$C2SAcknowledge
[30Jul2025 14:47:12.173] [Netty Epoll Server IO #1/DEBUG] [net.minecraftforge.network.HandshakeHandler/FMLHANDSHAKE]: Received acknowledgement from client
[30Jul2025 14:47:12.202] [Server thread/DEBUG] [net.minecraftforge.network.HandshakeHandler/FMLHANDSHAKE]: Sending ticking packet info 'Registry forge:display_contexts' to 'fml:handshake' sequence 12
[30Jul2025 14:47:12.214] [Netty Epoll Server IO #1/DEBUG] [net.minecraftforge.network.LoginWrapper/FMLHANDSHAKE]: Recieved login wrapper packet event for channel fml:handshake with index 10
[30Jul2025 14:47:12.214] [Netty Epoll Server IO #1/DEBUG] [net.minecraftforge.network.HandshakeHandler/FMLHANDSHAKE]: Received client indexed reply 10 of type net.minecraftforge.network.HandshakeMessages$C2SAcknowledge
[30Jul2025 14:47:12.214] [Netty Epoll Server IO #1/DEBUG] [net.minecraftforge.network.HandshakeHandler/FMLHANDSHAKE]: Received acknowledgement from client
[30Jul2025 14:47:12.252] [Server thread/DEBUG] [net.minecraftforge.network.HandshakeHandler/FMLHANDSHAKE]: Sending ticking packet info 'Registry minecraft:block' to 'fml:handshake' sequence 13
[30Jul2025 14:47:12.283] [Netty Epoll Server IO #1/DEBUG] [net.minecraftforge.network.LoginWrapper/FMLHANDSHAKE]: Recieved login wrapper packet event for channel fml:handshake with index 11
[30Jul2025 14:47:12.284] [Netty Epoll Server IO #1/DEBUG] [net.minecraftforge.network.HandshakeHandler/FMLHANDSHAKE]: Received client indexed reply 11 of type net.minecraftforge.network.HandshakeMessages$C2SAcknowledge
[30Jul2025 14:47:12.284] [Netty Epoll Server IO #1/DEBUG] [net.minecraftforge.network.HandshakeHandler/FMLHANDSHAKE]: Received acknowledgement from client
[30Jul2025 14:47:12.284] [Netty Epoll Server IO #1/DEBUG] [net.minecraftforge.network.LoginWrapper/FMLHANDSHAKE]: Recieved login wrapper packet event for channel fml:handshake with index 12
[30Jul2025 14:47:12.284] [Netty Epoll Server IO #1/DEBUG] [net.minecraftforge.network.HandshakeHandler/FMLHANDSHAKE]: Received client indexed reply 12 of type net.minecraftforge.network.HandshakeMessages$C2SAcknowledge
[30Jul2025 14:47:12.284] [Netty Epoll Server IO #1/DEBUG] [net.minecraftforge.network.HandshakeHandler/FMLHANDSHAKE]: Received acknowledgement from client
[30Jul2025 14:47:12.302] [Server thread/DEBUG] [net.minecraftforge.network.HandshakeHandler/FMLHANDSHAKE]: Sending ticking packet info 'Registry forge:entity_data_serializers' to 'fml:handshake' sequence 14
[30Jul2025 14:47:12.352] [Server thread/DEBUG] [net.minecraftforge.network.HandshakeHandler/FMLHANDSHAKE]: Sending ticking packet info 'Registry minecraft:mob_effect' to 'fml:handshake' sequence 15
[30Jul2025 14:47:12.359] [Netty Epoll Server IO #1/DEBUG] [net.minecraftforge.network.LoginWrapper/FMLHANDSHAKE]: Recieved login wrapper packet event for channel fml:handshake with index 13
[30Jul2025 14:47:12.359] [Netty Epoll Server IO #1/DEBUG] [net.minecraftforge.network.HandshakeHandler/FMLHANDSHAKE]: Received client indexed reply 13 of type net.minecraftforge.network.HandshakeMessages$C2SAcknowledge
[30Jul2025 14:47:12.360] [Netty Epoll Server IO #1/DEBUG] [net.minecraftforge.network.HandshakeHandler/FMLHANDSHAKE]: Received acknowledgement from client
[30Jul2025 14:47:12.402] [Server thread/DEBUG] [net.minecraftforge.network.HandshakeHandler/FMLHANDSHAKE]: Sending ticking packet info 'Registry minecraft:stat_type' to 'fml:handshake' sequence 16
[30Jul2025 14:47:12.420] [Netty Epoll Server IO #1/DEBUG] [net.minecraftforge.network.LoginWrapper/FMLHANDSHAKE]: Recieved login wrapper packet event for channel fml:handshake with index 14
[30Jul2025 14:47:12.420] [Netty Epoll Server IO #1/DEBUG] [net.minecraftforge.network.HandshakeHandler/FMLHANDSHAKE]: Received client indexed reply 14 of type net.minecraftforge.network.HandshakeMessages$C2SAcknowledge
[30Jul2025 14:47:12.420] [Netty Epoll Server IO #1/DEBUG] [net.minecraftforge.network.HandshakeHandler/FMLHANDSHAKE]: Received acknowledgement from client
[30Jul2025 14:47:12.452] [Server thread/DEBUG] [net.minecraftforge.network.HandshakeHandler/FMLHANDSHAKE]: Sending ticking packet info 'Registry minecraft:menu' to 'fml:handshake' sequence 17
[30Jul2025 14:47:12.489] [Netty Epoll Server IO #1/DEBUG] [net.minecraftforge.network.LoginWrapper/FMLHANDSHAKE]: Recieved login wrapper packet event for channel fml:handshake with index 15
[30Jul2025 14:47:12.490] [Netty Epoll Server IO #1/DEBUG] [net.minecraftforge.network.HandshakeHandler/FMLHANDSHAKE]: Received client indexed reply 15 of type net.minecraftforge.network.HandshakeMessages$C2SAcknowledge
[30Jul2025 14:47:12.490] [Netty Epoll Server IO #1/DEBUG] [net.minecraftforge.network.HandshakeHandler/FMLHANDSHAKE]: Received acknowledgement from client
[30Jul2025 14:47:12.490] [Netty Epoll Server IO #1/DEBUG] [net.minecraftforge.network.LoginWrapper/FMLHANDSHAKE]: Recieved login wrapper packet event for channel fml:handshake with index 16
[30Jul2025 14:47:12.490] [Netty Epoll Server IO #1/DEBUG] [net.minecraftforge.network.HandshakeHandler/FMLHANDSHAKE]: Received client indexed reply 16 of type net.minecraftforge.network.HandshakeMessages$C2SAcknowledge
[30Jul2025 14:47:12.490] [Netty Epoll Server IO #1/DEBUG] [net.minecraftforge.network.HandshakeHandler/FMLHANDSHAKE]: Received acknowledgement from client
[30Jul2025 14:47:12.502] [Server thread/DEBUG] [net.minecraftforge.network.HandshakeHandler/FMLHANDSHAKE]: Sending ticking packet info 'Registry minecraft:enchantment' to 'fml:handshake' sequence 18
[30Jul2025 14:47:12.552] [Server thread/DEBUG] [net.minecraftforge.network.HandshakeHandler/FMLHANDSHAKE]: Sending ticking packet info 'Registry minecraft:fluid' to 'fml:handshake' sequence 19
[30Jul2025 14:47:12.558] [Netty Epoll Server IO #1/DEBUG] [net.minecraftforge.network.LoginWrapper/FMLHANDSHAKE]: Recieved login wrapper packet event for channel fml:handshake with index 17
[30Jul2025 14:47:12.558] [Netty Epoll Server IO #1/DEBUG] [net.minecraftforge.network.HandshakeHandler/FMLHANDSHAKE]: Received client indexed reply 17 of type net.minecraftforge.network.HandshakeMessages$C2SAcknowledge
[30Jul2025 14:47:12.558] [Netty Epoll Server IO #1/DEBUG] [net.minecraftforge.network.HandshakeHandler/FMLHANDSHAKE]: Received acknowledgement from client
[30Jul2025 14:47:12.602] [Server thread/DEBUG] [net.minecraftforge.network.HandshakeHandler/FMLHANDSHAKE]: Sending ticking packet info 'Registry minecraft:entity_type' to 'fml:handshake' sequence 20
[30Jul2025 14:47:12.621] [Netty Epoll Server IO #1/DEBUG] [net.minecraftforge.network.LoginWrapper/FMLHANDSHAKE]: Recieved login wrapper packet event for channel fml:handshake with index 18
[30Jul2025 14:47:12.621] [Netty Epoll Server IO #1/DEBUG] [net.minecraftforge.network.HandshakeHandler/FMLHANDSHAKE]: Received client indexed reply 18 of type net.minecraftforge.network.HandshakeMessages$C2SAcknowledge
[30Jul2025 14:47:12.622] [Netty Epoll Server IO #1/DEBUG] [net.minecraftforge.network.HandshakeHandler/FMLHANDSHAKE]: Received acknowledgement from client
[30Jul2025 14:47:12.626] [Netty Epoll Server IO #1/DEBUG] [net.minecraftforge.network.LoginWrapper/FMLHANDSHAKE]: Recieved login wrapper packet event for channel fml:handshake with index 19
[30Jul2025 14:47:12.626] [Netty Epoll Server IO #1/DEBUG] [net.minecraftforge.network.HandshakeHandler/FMLHANDSHAKE]: Received client indexed reply 19 of type net.minecraftforge.network.HandshakeMessages$C2SAcknowledge
[30Jul2025 14:47:12.626] [Netty Epoll Server IO #1/DEBUG] [net.minecraftforge.network.HandshakeHandler/FMLHANDSHAKE]: Received acknowledgement from client
[30Jul2025 14:47:12.652] [Server thread/DEBUG] [net.minecraftforge.network.HandshakeHandler/FMLHANDSHAKE]: Sending ticking packet info 'Config curios-server.toml' to 'fml:handshake' sequence 21
[30Jul2025 14:47:12.702] [Server thread/DEBUG] [net.minecraftforge.network.HandshakeHandler/FMLHANDSHAKE]: Sending ticking packet info 'Config jei-server.toml' to 'fml:handshake' sequence 22
[30Jul2025 14:47:12.752] [Server thread/DEBUG] [net.minecraftforge.network.HandshakeHandler/FMLHANDSHAKE]: Sending ticking packet info 'Config easymagic-server.toml' to 'fml:handshake' sequence 23
[30Jul2025 14:47:12.802] [Server thread/DEBUG] [net.minecraftforge.network.HandshakeHandler/FMLHANDSHAKE]: Sending ticking packet info 'Config forge-server.toml' to 'fml:handshake' sequence 24
[30Jul2025 14:47:14.085] [Netty Epoll Server IO #1/DEBUG] [net.minecraftforge.network.LoginWrapper/FMLHANDSHAKE]: Recieved login wrapper packet event for channel fml:handshake with index 20
[30Jul2025 14:47:14.085] [Netty Epoll Server IO #1/DEBUG] [net.minecraftforge.network.HandshakeHandler/FMLHANDSHAKE]: Received client indexed reply 20 of type net.minecraftforge.network.HandshakeMessages$C2SAcknowledge
[30Jul2025 14:47:14.085] [Netty Epoll Server IO #1/DEBUG] [net.minecraftforge.network.HandshakeHandler/FMLHANDSHAKE]: Received acknowledgement from client
[30Jul2025 14:47:14.125] [Netty Epoll Server IO #1/DEBUG] [net.minecraftforge.network.LoginWrapper/FMLHANDSHAKE]: Recieved login wrapper packet event for channel fml:handshake with index 21
[30Jul2025 14:47:14.125] [Netty Epoll Server IO #1/DEBUG] [net.minecraftforge.network.HandshakeHandler/FMLHANDSHAKE]: Received client indexed reply 21 of type net.minecraftforge.network.HandshakeMessages$C2SAcknowledge
[30Jul2025 14:47:14.125] [Netty Epoll Server IO #1/DEBUG] [net.minecraftforge.network.HandshakeHandler/FMLHANDSHAKE]: Received acknowledgement from client
[30Jul2025 14:47:14.125] [Netty Epoll Server IO #1/DEBUG] [net.minecraftforge.network.LoginWrapper/FMLHANDSHAKE]: Recieved login wrapper packet event for channel fml:handshake with index 22
[30Jul2025 14:47:14.125] [Netty Epoll Server IO #1/DEBUG] [net.minecraftforge.network.HandshakeHandler/FMLHANDSHAKE]: Received client indexed reply 22 of type net.minecraftforge.network.HandshakeMessages$C2SAcknowledge
[30Jul2025 14:47:14.125] [Netty Epoll Server IO #1/DEBUG] [net.minecraftforge.network.HandshakeHandler/FMLHANDSHAKE]: Received acknowledgement from client
[30Jul2025 14:47:14.126] [Netty Epoll Server IO #1/DEBUG] [net.minecraftforge.network.LoginWrapper/FMLHANDSHAKE]: Recieved login wrapper packet event for channel fml:handshake with index 23
[30Jul2025 14:47:14.126] [Netty Epoll Server IO #1/DEBUG] [net.minecraftforge.network.HandshakeHandler/FMLHANDSHAKE]: Received client indexed reply 23 of type net.minecraftforge.network.HandshakeMessages$C2SAcknowledge
[30Jul2025 14:47:14.126] [Netty Epoll Server IO #1/DEBUG] [net.minecraftforge.network.HandshakeHandler/FMLHANDSHAKE]: Received acknowledgement from client
[30Jul2025 14:47:14.126] [Netty Epoll Server IO #1/DEBUG] [net.minecraftforge.network.LoginWrapper/FMLHANDSHAKE]: Recieved login wrapper packet event for channel fml:handshake with index 24
[30Jul2025 14:47:14.126] [Netty Epoll Server IO #1/DEBUG] [net.minecraftforge.network.HandshakeHandler/FMLHANDSHAKE]: Received client indexed reply 24 of type net.minecraftforge.network.HandshakeMessages$C2SAcknowledge
[30Jul2025 14:47:14.126] [Netty Epoll Server IO #1/DEBUG] [net.minecraftforge.network.HandshakeHandler/FMLHANDSHAKE]: Received acknowledgement from client
[30Jul2025 14:47:14.152] [Server thread/DEBUG] [net.minecraftforge.network.HandshakeHandler/FMLHANDSHAKE]: Handshake complete!
[30Jul2025 14:47:14.205] [Server thread/DEBUG] [mixin/]: Mixing gameplay.ItemCooldownsAccessor from the_bumblezone-common.mixins.json into net.minecraft.world.item.ItemCooldowns
[30Jul2025 14:47:14.211] [Server thread/WARN] [net.minecraft.network.syncher.SynchedEntityData/]: defineId called for: class net.minecraft.world.entity.player.Player from class tschipp.carryon.common.carry.CarryOnDataManager
[30Jul2025 14:47:14.228] [Server thread/DEBUG] [mixin/]: Mixing entities.PlayerAdvancementsAccessor from the_bumblezone-common.mixins.json into net.minecraft.server.PlayerAdvancements
[30Jul2025 14:47:14.297] [Server thread/INFO] [net.minecraft.server.players.PlayerList/]: ICCCeee[/127.125.75.194:51413] logged in with entity id 42 at (-5381.437808675089, 74.9682891368866, 2679.4283322141314)
[30Jul2025 14:47:14.306] [Server thread/DEBUG] [net.minecraftforge.network.filters.NetworkFilters/]: Injected net.minecraftforge.network.filters.ForgeConnectionNetworkFilter@486e884a into net.minecraft.network.Connection@142ae118
[30Jul2025 14:47:14.412] [Server thread/INFO] [net.minecraft.server.MinecraftServer/]: ICCCeee joined the game
[30Jul2025 14:47:14.441] [Server thread/DEBUG] [mixin/]: Mixing entities.FlyNodeEvaluatorMixin from the_bumblezone-common.mixins.json into net.minecraft.world.level.pathfinder.FlyNodeEvaluator
[30Jul2025 14:47:14.469] [Server thread/DEBUG] [mixin/]: Mixing loot.LootParamsMixin from the_bumblezone-common.mixins.json into net.minecraft.world.level.storage.loot.LootParams
[30Jul2025 14:47:16.126] [Server thread/INFO] [Jade/]: Syncing config to ICCCeee (2c4b5a4a-1030-3cc6-bbf6-cc08ce9b3f24)
[30Jul2025 14:47:16.339] [Server thread/DEBUG] [io.netty.util.internal.ThreadLocalRandom/]: -Dio.netty.initialSeedUniquifier: 0xc4ebe5ac6eee3231
[30Jul2025 14:47:39.059] [Server thread/INFO] [net.minecraft.server.network.ServerGamePacketListenerImpl/]: ICCCeee lost connection: Disconnected
[30Jul2025 14:47:39.060] [Server thread/INFO] [net.minecraft.server.MinecraftServer/]: ICCCeee left the game
[30Jul2025 14:51:40.064] [Server thread/DEBUG] [net.minecraftforge.common.ForgeHooks/WP]: Gathering id map for writing to world save New World
[30Jul2025 14:51:40.080] [Server thread/DEBUG] [net.minecraftforge.common.ForgeHooks/WP]: ID Map collection complete New World
[30Jul2025 14:56:40.132] [Server thread/DEBUG] [net.minecraftforge.common.ForgeHooks/WP]: Gathering id map for writing to world save New World
[30Jul2025 14:56:40.148] [Server thread/DEBUG] [net.minecraftforge.common.ForgeHooks/WP]: ID Map collection complete New World
[30Jul2025 15:01:40.057] [Server thread/DEBUG] [net.minecraftforge.common.ForgeHooks/WP]: Gathering id map for writing to world save New World
[30Jul2025 15:01:40.072] [Server thread/DEBUG] [net.minecraftforge.common.ForgeHooks/WP]: ID Map collection complete New World
[30Jul2025 15:06:40.057] [Server thread/DEBUG] [net.minecraftforge.common.ForgeHooks/WP]: Gathering id map for writing to world save New World
[30Jul2025 15:06:40.070] [Server thread/DEBUG] [net.minecraftforge.common.ForgeHooks/WP]: ID Map collection complete New World
[30Jul2025 15:11:40.058] [Server thread/DEBUG] [net.minecraftforge.common.ForgeHooks/WP]: Gathering id map for writing to world save New World
[30Jul2025 15:11:40.073] [Server thread/DEBUG] [net.minecraftforge.common.ForgeHooks/WP]: ID Map collection complete New World
[30Jul2025 15:16:40.058] [Server thread/DEBUG] [net.minecraftforge.common.ForgeHooks/WP]: Gathering id map for writing to world save New World
[30Jul2025 15:16:40.071] [Server thread/DEBUG] [net.minecraftforge.common.ForgeHooks/WP]: ID Map collection complete New World
